
*** Running vivado
    with args -log TOP_test_fft.vdi -applog -m64 -product Vivado -messageDb vivado.pb -mode batch -source TOP_test_fft.tcl -notrace



****** Vivado v2020.2 (64-bit)
  **** SW Build 3064766 on Wed Nov 18 09:12:45 MST 2020
  **** IP Build 3064653 on Wed Nov 18 14:17:31 MST 2020
    ** Copyright 1986-2020 Xilinx, Inc. All Rights Reserved.

source TOP_test_fft.tcl -notrace
Command: link_design -top TOP_test_fft -part xczu7ev-fbvb900-1-i
Design is defaulting to srcset: sources_1
Design is defaulting to constrset: constrs_1
INFO: [Device 21-403] Loading part xczu7ev-fbvb900-1-i
INFO: [Project 1-454] Reading design checkpoint 'c:/D_drive_backup/Working/FPGA_AI_25_2/fft_fpga/fft_fpga.gen/sources_1/ip/clk_wiz_0/clk_wiz_0.dcp' for cell 'U_CLK_WIZ'
INFO: [Project 1-454] Reading design checkpoint 'c:/D_drive_backup/Working/FPGA_AI_25_2/fft_fpga/fft_fpga.gen/sources_1/ip/vio_0/vio_0.dcp' for cell 'U_VIO'
Netlist sorting complete. Time (s): cpu = 00:00:00 ; elapsed = 00:00:00.460 . Memory (MB): peak = 1601.223 ; gain = 0.000
INFO: [Netlist 29-17] Analyzing 4010 Unisim elements for replacement
INFO: [Netlist 29-28] Unisim Transformation completed in 2 CPU seconds
INFO: [Project 1-479] Netlist was created with Vivado 2020.2
INFO: [Project 1-570] Preparing netlist for logic optimization
INFO: [Chipscope 16-324] Core: U_VIO UUID: 3810a4d3-99d9-596f-b432-e66ccf288fb9 
Parsing XDC File [c:/D_drive_backup/Working/FPGA_AI_25_2/fft_fpga/fft_fpga.gen/sources_1/ip/clk_wiz_0/clk_wiz_0_board.xdc] for cell 'U_CLK_WIZ/inst'
Finished Parsing XDC File [c:/D_drive_backup/Working/FPGA_AI_25_2/fft_fpga/fft_fpga.gen/sources_1/ip/clk_wiz_0/clk_wiz_0_board.xdc] for cell 'U_CLK_WIZ/inst'
Parsing XDC File [c:/D_drive_backup/Working/FPGA_AI_25_2/fft_fpga/fft_fpga.gen/sources_1/ip/clk_wiz_0/clk_wiz_0.xdc] for cell 'U_CLK_WIZ/inst'
INFO: [Timing 38-35] Done setting XDC timing constraints. [c:/D_drive_backup/Working/FPGA_AI_25_2/fft_fpga/fft_fpga.gen/sources_1/ip/clk_wiz_0/clk_wiz_0.xdc:57]
INFO: [Timing 38-2] Deriving generated clocks [c:/D_drive_backup/Working/FPGA_AI_25_2/fft_fpga/fft_fpga.gen/sources_1/ip/clk_wiz_0/clk_wiz_0.xdc:57]
get_clocks: Time (s): cpu = 00:00:11 ; elapsed = 00:00:07 . Memory (MB): peak = 2309.172 ; gain = 456.133
WARNING: [Vivado 12-2489] -input_jitter contains time 0.033330 which will be rounded to 0.033 to ensure it is an integer multiple of 1 picosecond [c:/D_drive_backup/Working/FPGA_AI_25_2/fft_fpga/fft_fpga.gen/sources_1/ip/clk_wiz_0/clk_wiz_0.xdc:57]
Finished Parsing XDC File [c:/D_drive_backup/Working/FPGA_AI_25_2/fft_fpga/fft_fpga.gen/sources_1/ip/clk_wiz_0/clk_wiz_0.xdc] for cell 'U_CLK_WIZ/inst'
Parsing XDC File [c:/D_drive_backup/Working/FPGA_AI_25_2/fft_fpga/fft_fpga.gen/sources_1/ip/vio_0/vio_0.xdc] for cell 'U_VIO'
Finished Parsing XDC File [c:/D_drive_backup/Working/FPGA_AI_25_2/fft_fpga/fft_fpga.gen/sources_1/ip/vio_0/vio_0.xdc] for cell 'U_VIO'
Parsing XDC File [C:/Users/kccistc/Desktop/fft_pga/fft_vi/constrs/uz7ev_evcc_factest.xdc]
Finished Parsing XDC File [C:/Users/kccistc/Desktop/fft_pga/fft_vi/constrs/uz7ev_evcc_factest.xdc]
INFO: [Opt 31-138] Pushed 0 inverter(s) to 0 load pin(s).
Netlist sorting complete. Time (s): cpu = 00:00:00 ; elapsed = 00:00:00.009 . Memory (MB): peak = 2309.707 ; gain = 0.000
INFO: [Project 1-111] Unisim Transformation Summary:
  A total of 214 instances were transformed.
  DSP48E2 => DSP48E2 (DSP_ALU, DSP_A_B_DATA, DSP_C_DATA, DSP_MULTIPLIER, DSP_M_DATA, DSP_OUTPUT, DSP_PREADD, DSP_PREADD_DATA): 212 instances
  IBUF => IBUF (IBUFCTRL, INBUF): 1 instance 
  IBUFDS => IBUFDS (DIFFINBUF, IBUFCTRL): 1 instance 

12 Infos, 1 Warnings, 0 Critical Warnings and 0 Errors encountered.
link_design completed successfully
link_design: Time (s): cpu = 00:00:32 ; elapsed = 00:00:31 . Memory (MB): peak = 2309.707 ; gain = 1204.289
Command: opt_design
Attempting to get a license for feature 'Implementation' and/or device 'xczu7ev'
INFO: [Common 17-349] Got license for feature 'Implementation' and/or device 'xczu7ev'
Running DRC as a precondition to command opt_design

Starting DRC Task
INFO: [DRC 23-27] Running DRC with 2 threads
INFO: [Project 1-461] DRC finished with 0 Errors
INFO: [Project 1-462] Please refer to the DRC report (report_drc) for more information.

Time (s): cpu = 00:00:03 ; elapsed = 00:00:01 . Memory (MB): peak = 2309.707 ; gain = 0.000

Starting Cache Timing Information Task
INFO: [Timing 38-35] Done setting XDC timing constraints.
Ending Cache Timing Information Task | Checksum: 1f43f5f11

Time (s): cpu = 00:00:09 ; elapsed = 00:00:05 . Memory (MB): peak = 2319.840 ; gain = 10.133

Starting Logic Optimization Task

Phase 1 Generate And Synthesize Debug Cores
INFO: [Chipscope 16-329] Generating Script for core instance : dbg_hub 
INFO: [IP_Flow 19-3806] Processing IP xilinx.com:ip:xsdbm:3.0 for cell dbg_hub_CV.
get_clocks: Time (s): cpu = 00:00:09 ; elapsed = 00:00:05 . Memory (MB): peak = 2570.328 ; gain = 0.000
Netlist sorting complete. Time (s): cpu = 00:00:00 ; elapsed = 00:00:00.036 . Memory (MB): peak = 2570.328 ; gain = 0.000
Phase 1 Generate And Synthesize Debug Cores | Checksum: 24841ffa3

Time (s): cpu = 00:00:12 ; elapsed = 00:01:15 . Memory (MB): peak = 2570.328 ; gain = 44.961

Phase 2 Retarget
INFO: [Opt 31-138] Pushed 6 inverter(s) to 26868 load pin(s).
INFO: [Opt 31-49] Retargeted 0 cell(s).
Phase 2 Retarget | Checksum: 1c9e8f61c

Time (s): cpu = 00:00:19 ; elapsed = 00:01:20 . Memory (MB): peak = 2570.328 ; gain = 44.961
INFO: [Opt 31-389] Phase Retarget created 2 cells and removed 14 cells
INFO: [Opt 31-1021] In phase Retarget, 462 netlist objects are constrained preventing optimization. Please run opt_design with -debug_log to get more detail. 

Phase 3 Constant propagation
INFO: [Opt 31-138] Pushed 0 inverter(s) to 0 load pin(s).
Phase 3 Constant propagation | Checksum: 1dfe9ff18

Time (s): cpu = 00:00:19 ; elapsed = 00:01:20 . Memory (MB): peak = 2570.328 ; gain = 44.961
INFO: [Opt 31-389] Phase Constant propagation created 144 cells and removed 160 cells
INFO: [Opt 31-1021] In phase Constant propagation, 461 netlist objects are constrained preventing optimization. Please run opt_design with -debug_log to get more detail. 

Phase 4 Sweep
Phase 4 Sweep | Checksum: 1de06854f

Time (s): cpu = 00:00:20 ; elapsed = 00:01:21 . Memory (MB): peak = 2570.328 ; gain = 44.961
INFO: [Opt 31-389] Phase Sweep created 0 cells and removed 0 cells
INFO: [Opt 31-1021] In phase Sweep, 2055 netlist objects are constrained preventing optimization. Please run opt_design with -debug_log to get more detail. 

Phase 5 BUFG optimization
INFO: [Opt 31-1077] Phase BUFG optimization inserted 0 global clock buffer(s) for CLOCK_LOW_FANOUT.
INFO: [Opt 31-129] Inserted BUFG to drive high-fanout reset|set|enable net. BUFG cell: rstn_IBUF_BUFG_inst, Net: rstn_IBUF
Phase 5 BUFG optimization | Checksum: 1d5cc5cc9

Time (s): cpu = 00:00:22 ; elapsed = 00:01:24 . Memory (MB): peak = 2570.328 ; gain = 44.961
INFO: [Opt 31-662] Phase BUFG optimization created 1 cells of which 1 are BUFGs and removed 0 cells.

Phase 6 Shift Register Optimization
INFO: [Opt 31-1064] SRL Remap converted 0 SRLs to 0 registers and converted 0 registers of register chains to 0 SRLs
Phase 6 Shift Register Optimization | Checksum: 1d5cc5cc9

Time (s): cpu = 00:00:22 ; elapsed = 00:01:24 . Memory (MB): peak = 2570.328 ; gain = 44.961
INFO: [Opt 31-389] Phase Shift Register Optimization created 0 cells and removed 0 cells

Phase 7 Post Processing Netlist
Phase 7 Post Processing Netlist | Checksum: 18a2b3626

Time (s): cpu = 00:00:23 ; elapsed = 00:01:24 . Memory (MB): peak = 2570.328 ; gain = 44.961
INFO: [Opt 31-389] Phase Post Processing Netlist created 0 cells and removed 0 cells
INFO: [Opt 31-1021] In phase Post Processing Netlist, 471 netlist objects are constrained preventing optimization. Please run opt_design with -debug_log to get more detail. 
Opt_design Change Summary
=========================


-------------------------------------------------------------------------------------------------------------------------
|  Phase                        |  #Cells created  |  #Cells Removed  |  #Constrained objects preventing optimizations  |
-------------------------------------------------------------------------------------------------------------------------
|  Retarget                     |               2  |              14  |                                            462  |
|  Constant propagation         |             144  |             160  |                                            461  |
|  Sweep                        |               0  |               0  |                                           2055  |
|  BUFG optimization            |               1  |               0  |                                              0  |
|  Shift Register Optimization  |               0  |               0  |                                              0  |
|  Post Processing Netlist      |               0  |               0  |                                            471  |
-------------------------------------------------------------------------------------------------------------------------



Starting Connectivity Check Task

Time (s): cpu = 00:00:00 ; elapsed = 00:00:00.070 . Memory (MB): peak = 2570.328 ; gain = 0.000
Ending Logic Optimization Task | Checksum: 275b51cb7

Time (s): cpu = 00:00:24 ; elapsed = 00:01:26 . Memory (MB): peak = 2570.328 ; gain = 44.961

Starting Power Optimization Task
INFO: [Pwropt 34-132] Skipping clock gating for clocks with a period < 2.00 ns.
Ending Power Optimization Task | Checksum: 275b51cb7

Time (s): cpu = 00:00:00 ; elapsed = 00:00:00.038 . Memory (MB): peak = 2570.328 ; gain = 0.000

Starting Final Cleanup Task
Ending Final Cleanup Task | Checksum: 275b51cb7

Time (s): cpu = 00:00:00 ; elapsed = 00:00:00 . Memory (MB): peak = 2570.328 ; gain = 0.000

Starting Netlist Obfuscation Task
Netlist sorting complete. Time (s): cpu = 00:00:00 ; elapsed = 00:00:00.010 . Memory (MB): peak = 2570.328 ; gain = 0.000
Ending Netlist Obfuscation Task | Checksum: 275b51cb7

Time (s): cpu = 00:00:00 ; elapsed = 00:00:00.010 . Memory (MB): peak = 2570.328 ; gain = 0.000
INFO: [Common 17-83] Releasing license: Implementation
40 Infos, 1 Warnings, 0 Critical Warnings and 0 Errors encountered.
opt_design completed successfully
opt_design: Time (s): cpu = 00:00:38 ; elapsed = 00:01:34 . Memory (MB): peak = 2570.328 ; gain = 260.621
INFO: [Timing 38-35] Done setting XDC timing constraints.
INFO: [Timing 38-480] Writing timing data to binary archive.
Writing placer database...
Writing XDEF routing.
Writing XDEF routing logical nets.
Writing XDEF routing special nets.
Write XDEF Complete: Time (s): cpu = 00:00:01 ; elapsed = 00:00:00.072 . Memory (MB): peak = 2570.328 ; gain = 0.000
INFO: [Common 17-1381] The checkpoint 'C:/D_drive_backup/Working/FPGA_AI_25_2/fft_fpga/fft_fpga.runs/impl_1/TOP_test_fft_opt.dcp' has been generated.
write_checkpoint: Time (s): cpu = 00:00:24 ; elapsed = 00:00:16 . Memory (MB): peak = 2570.328 ; gain = 0.000
INFO: [runtcl-4] Executing : report_drc -file TOP_test_fft_drc_opted.rpt -pb TOP_test_fft_drc_opted.pb -rpx TOP_test_fft_drc_opted.rpx
Command: report_drc -file TOP_test_fft_drc_opted.rpt -pb TOP_test_fft_drc_opted.pb -rpx TOP_test_fft_drc_opted.rpx
INFO: [IP_Flow 19-1839] IP Catalog is up to date.
INFO: [DRC 23-27] Running DRC with 2 threads
INFO: [Coretcl 2-168] The results of DRC are in file C:/D_drive_backup/Working/FPGA_AI_25_2/fft_fpga/fft_fpga.runs/impl_1/TOP_test_fft_drc_opted.rpt.
report_drc completed successfully
report_drc: Time (s): cpu = 00:00:37 ; elapsed = 00:00:32 . Memory (MB): peak = 4263.219 ; gain = 1692.891
INFO: [Chipscope 16-240] Debug cores have already been implemented
Command: place_design
Attempting to get a license for feature 'Implementation' and/or device 'xczu7ev'
INFO: [Common 17-349] Got license for feature 'Implementation' and/or device 'xczu7ev'
WARNING: [Vivado_Tcl 4-1400] -ultrathreads option currently only supported on multi-SLR devices. Continuing placement in regular mode.
INFO: [DRC 23-27] Running DRC with 2 threads
INFO: [Vivado_Tcl 4-198] DRC finished with 0 Errors
INFO: [Vivado_Tcl 4-199] Please refer to the DRC report (report_drc) for more information.
Running DRC as a precondition to command place_design
INFO: [DRC 23-27] Running DRC with 2 threads
INFO: [Vivado_Tcl 4-198] DRC finished with 0 Errors
INFO: [Vivado_Tcl 4-199] Please refer to the DRC report (report_drc) for more information.

Starting Placer Task
INFO: [Place 30-611] Multithreading enabled for place_design using a maximum of 2 CPUs

Phase 1 Placer Initialization

Phase 1.1 Placer Initialization Netlist Sorting
Netlist sorting complete. Time (s): cpu = 00:00:00 ; elapsed = 00:00:00.008 . Memory (MB): peak = 4263.219 ; gain = 0.000
Phase 1.1 Placer Initialization Netlist Sorting | Checksum: 1d633264f

Time (s): cpu = 00:00:00 ; elapsed = 00:00:00.066 . Memory (MB): peak = 4263.219 ; gain = 0.000
Netlist sorting complete. Time (s): cpu = 00:00:00 ; elapsed = 00:00:00.011 . Memory (MB): peak = 4263.219 ; gain = 0.000

Phase 1.2 IO Placement/ Clock Placement/ Build Placer Device
Phase 1.2 IO Placement/ Clock Placement/ Build Placer Device | Checksum: 95c14185

Time (s): cpu = 00:00:04 ; elapsed = 00:00:03 . Memory (MB): peak = 4263.219 ; gain = 0.000

Phase 1.3 Build Placer Netlist Model
Phase 1.3 Build Placer Netlist Model | Checksum: 98a46aac

Time (s): cpu = 00:00:22 ; elapsed = 00:00:16 . Memory (MB): peak = 4263.219 ; gain = 0.000

Phase 1.4 Constrain Clocks/Macros
Phase 1.4 Constrain Clocks/Macros | Checksum: 98a46aac

Time (s): cpu = 00:00:22 ; elapsed = 00:00:16 . Memory (MB): peak = 4263.219 ; gain = 0.000
Phase 1 Placer Initialization | Checksum: 98a46aac

Time (s): cpu = 00:00:23 ; elapsed = 00:00:16 . Memory (MB): peak = 4263.219 ; gain = 0.000

Phase 2 Global Placement

Phase 2.1 Floorplanning

Phase 2.1.1 Partition Driven Placement

Phase 2.1.1.1 PBP: Partition Driven Placement
Phase 2.1.1.1 PBP: Partition Driven Placement | Checksum: 16fe8f1b7

Time (s): cpu = 00:00:47 ; elapsed = 00:00:31 . Memory (MB): peak = 4263.219 ; gain = 0.000

Phase 2.1.1.2 PBP: Clock Region Placement
Phase 2.1.1.2 PBP: Clock Region Placement | Checksum: 1739c0451

Time (s): cpu = 00:00:49 ; elapsed = 00:00:33 . Memory (MB): peak = 4263.219 ; gain = 0.000

Phase 2.1.1.3 PBP: Compute Congestion
Phase 2.1.1.3 PBP: Compute Congestion | Checksum: 1739c0451

Time (s): cpu = 00:00:49 ; elapsed = 00:00:33 . Memory (MB): peak = 4263.219 ; gain = 0.000

Phase 2.1.1.4 PBP: UpdateTiming
Phase 2.1.1.4 PBP: UpdateTiming | Checksum: fbef027c

Time (s): cpu = 00:00:51 ; elapsed = 00:00:35 . Memory (MB): peak = 4263.219 ; gain = 0.000

Phase 2.1.1.5 PBP: Add part constraints
Phase 2.1.1.5 PBP: Add part constraints | Checksum: fbef027c

Time (s): cpu = 00:00:52 ; elapsed = 00:00:35 . Memory (MB): peak = 4263.219 ; gain = 0.000
Phase 2.1.1 Partition Driven Placement | Checksum: fbef027c

Time (s): cpu = 00:00:52 ; elapsed = 00:00:35 . Memory (MB): peak = 4263.219 ; gain = 0.000
Phase 2.1 Floorplanning | Checksum: fce3ee4c

Time (s): cpu = 00:00:52 ; elapsed = 00:00:35 . Memory (MB): peak = 4263.219 ; gain = 0.000

Phase 2.2 Update Timing before SLR Path Opt
Phase 2.2 Update Timing before SLR Path Opt | Checksum: fce3ee4c

Time (s): cpu = 00:00:52 ; elapsed = 00:00:35 . Memory (MB): peak = 4263.219 ; gain = 0.000

Phase 2.3 Global Placement Core

Phase 2.3.1 Physical Synthesis In Placer
INFO: [Physopt 32-1035] Found 0 LUTNM shape to break, 283 LUT instances to create LUTNM shape
INFO: [Physopt 32-1044] Break lutnm for timing: one critical 0, two critical 0, total 0, new lutff created 0
INFO: [Physopt 32-775] End 1 Pass. Optimized 132 nets or cells. Created 0 new cell, deleted 132 existing cells and moved 0 existing cell
INFO: [Physopt 32-1030] Pass 1. Identified 63 candidate driver sets for equivalent driver rewiring.
INFO: [Physopt 32-661] Optimized 48 nets.  Re-placed 337 instances.
INFO: [Physopt 32-775] End 1 Pass. Optimized 48 nets or cells. Created 0 new cell, deleted 4 existing cells and moved 337 existing cells
Netlist sorting complete. Time (s): cpu = 00:00:00 ; elapsed = 00:00:00.213 . Memory (MB): peak = 4263.219 ; gain = 0.000
INFO: [Physopt 32-65] No nets found for high-fanout optimization.
INFO: [Physopt 32-232] Optimized 0 net. Created 0 new instance.
INFO: [Physopt 32-775] End 1 Pass. Optimized 0 net or cell. Created 0 new cell, deleted 0 existing cell and moved 0 existing cell
INFO: [Physopt 32-456] No candidate cells for DSP register optimization found in the design.
INFO: [Physopt 32-775] End 2 Pass. Optimized 0 net or cell. Created 0 new cell, deleted 0 existing cell and moved 0 existing cell
INFO: [Physopt 32-1123] No candidate cells found for Shift Register to Pipeline optimization
INFO: [Physopt 32-775] End 1 Pass. Optimized 0 net or cell. Created 0 new cell, deleted 0 existing cell and moved 0 existing cell
INFO: [Physopt 32-677] No candidate cells for Shift Register optimization found in the design
INFO: [Physopt 32-775] End 1 Pass. Optimized 0 net or cell. Created 0 new cell, deleted 0 existing cell and moved 0 existing cell
INFO: [Physopt 32-526] No candidate cells for BRAM register optimization found in the design
INFO: [Physopt 32-775] End 1 Pass. Optimized 0 net or cell. Created 0 new cell, deleted 0 existing cell and moved 0 existing cell
INFO: [Physopt 32-846] No candidate cells for URAM register optimization found in the design
INFO: [Physopt 32-775] End 2 Pass. Optimized 0 net or cell. Created 0 new cell, deleted 0 existing cell and moved 0 existing cell
INFO: [Physopt 32-949] No candidate nets found for dynamic/static region interface net replication
INFO: [Physopt 32-775] End 1 Pass. Optimized 0 net or cell. Created 0 new cell, deleted 0 existing cell and moved 0 existing cell
Netlist sorting complete. Time (s): cpu = 00:00:00 ; elapsed = 00:00:00.010 . Memory (MB): peak = 4263.219 ; gain = 0.000

Summary of Physical Synthesis Optimizations
============================================


-----------------------------------------------------------------------------------------------------------------------------------------------------------
|  Optimization                                     |  Added Cells  |  Removed Cells  |  Optimized Cells/Nets  |  Dont Touch  |  Iterations  |  Elapsed   |
-----------------------------------------------------------------------------------------------------------------------------------------------------------
|  LUT Combining                                    |            0  |            132  |                   132  |           0  |           1  |  00:00:01  |
|  Equivalent Driver Rewiring                       |            0  |              4  |                    48  |           0  |           1  |  00:00:04  |
|  Very High Fanout                                 |            0  |              0  |                     0  |           0  |           1  |  00:00:00  |
|  DSP Register                                     |            0  |              0  |                     0  |           0  |           1  |  00:00:00  |
|  Shift Register to Pipeline                       |            0  |              0  |                     0  |           0  |           1  |  00:00:00  |
|  Shift Register                                   |            0  |              0  |                     0  |           0  |           1  |  00:00:00  |
|  BRAM Register                                    |            0  |              0  |                     0  |           0  |           1  |  00:00:00  |
|  URAM Register                                    |            0  |              0  |                     0  |           0  |           1  |  00:00:00  |
|  Dynamic/Static Region Interface Net Replication  |            0  |              0  |                     0  |           0  |           1  |  00:00:00  |
|  Total                                            |            0  |            136  |                   180  |           0  |           9  |  00:00:05  |
-----------------------------------------------------------------------------------------------------------------------------------------------------------


Phase 2.3.1 Physical Synthesis In Placer | Checksum: 19c5b76eb

Time (s): cpu = 00:02:02 ; elapsed = 00:01:25 . Memory (MB): peak = 4263.219 ; gain = 0.000
Phase 2.3 Global Placement Core | Checksum: 21a8eb6db

Time (s): cpu = 00:02:09 ; elapsed = 00:01:31 . Memory (MB): peak = 4263.219 ; gain = 0.000
Phase 2 Global Placement | Checksum: 21a8eb6db

Time (s): cpu = 00:02:09 ; elapsed = 00:01:31 . Memory (MB): peak = 4263.219 ; gain = 0.000

Phase 3 Detail Placement

Phase 3.1 Commit Multi Column Macros
Phase 3.1 Commit Multi Column Macros | Checksum: 1a08012c2

Time (s): cpu = 00:02:13 ; elapsed = 00:01:34 . Memory (MB): peak = 4263.219 ; gain = 0.000

Phase 3.2 Commit Most Macros & LUTRAMs
Phase 3.2 Commit Most Macros & LUTRAMs | Checksum: 25a3c7d7b

Time (s): cpu = 00:02:20 ; elapsed = 00:01:40 . Memory (MB): peak = 4263.219 ; gain = 0.000

Phase 3.3 Small Shape DP

Phase 3.3.1 Small Shape Clustering
Phase 3.3.1 Small Shape Clustering | Checksum: 241b93025

Time (s): cpu = 00:02:30 ; elapsed = 00:01:47 . Memory (MB): peak = 4263.219 ; gain = 0.000

Phase 3.3.2 Flow Legalize Slice Clusters
Phase 3.3.2 Flow Legalize Slice Clusters | Checksum: 2586e053a

Time (s): cpu = 00:02:31 ; elapsed = 00:01:48 . Memory (MB): peak = 4263.219 ; gain = 0.000

Phase 3.3.3 Slice Area Swap
Phase 3.3.3 Slice Area Swap | Checksum: 24c1c372c

Time (s): cpu = 00:02:35 ; elapsed = 00:01:53 . Memory (MB): peak = 4263.219 ; gain = 0.000
Phase 3.3 Small Shape DP | Checksum: 1c957b95a

Time (s): cpu = 00:02:46 ; elapsed = 00:01:59 . Memory (MB): peak = 4263.219 ; gain = 0.000

Phase 3.4 Re-assign LUT pins
Phase 3.4 Re-assign LUT pins | Checksum: 1db31f43d

Time (s): cpu = 00:02:49 ; elapsed = 00:02:03 . Memory (MB): peak = 4263.219 ; gain = 0.000

Phase 3.5 Pipeline Register Optimization
Phase 3.5 Pipeline Register Optimization | Checksum: 1d28e2958

Time (s): cpu = 00:02:50 ; elapsed = 00:02:03 . Memory (MB): peak = 4263.219 ; gain = 0.000
Phase 3 Detail Placement | Checksum: 1d28e2958

Time (s): cpu = 00:02:50 ; elapsed = 00:02:04 . Memory (MB): peak = 4263.219 ; gain = 0.000

Phase 4 Post Placement Optimization and Clean-Up

Phase 4.1 Post Commit Optimization
INFO: [Timing 38-35] Done setting XDC timing constraints.

Phase 4.1.1 Post Placement Optimization
Post Placement Optimization Initialization | Checksum: 127499b0b

Phase 4.1.1.1 BUFG Insertion

Starting Physical Synthesis Task

Phase 1 Physical Synthesis Initialization
INFO: [Physopt 32-721] Multithreading enabled for phys_opt_design using a maximum of 2 CPUs
INFO: [Physopt 32-619] Estimated Timing Summary | WNS=1.174 | TNS=0.000 |
Phase 1 Physical Synthesis Initialization | Checksum: 17ce15fdd

Time (s): cpu = 00:00:04 ; elapsed = 00:00:02 . Memory (MB): peak = 4318.742 ; gain = 0.000
INFO: [Place 46-56] BUFG insertion identified 0 candidate nets. Inserted BUFG: 0, Replicated BUFG Driver: 0, Skipped due to Placement/Routing Conflicts: 0, Skipped due to Timing Degradation: 0, Skipped due to Illegal Netlist: 0.
Ending Physical Synthesis Task | Checksum: 1ebad3052

Time (s): cpu = 00:00:04 ; elapsed = 00:00:02 . Memory (MB): peak = 4318.742 ; gain = 0.000
Phase 4.1.1.1 BUFG Insertion | Checksum: 127499b0b

Time (s): cpu = 00:03:19 ; elapsed = 00:02:25 . Memory (MB): peak = 4318.742 ; gain = 55.523
INFO: [Place 30-746] Post Placement Timing Summary WNS=1.174. For the most accurate timing information please run report_timing.

Time (s): cpu = 00:03:21 ; elapsed = 00:02:27 . Memory (MB): peak = 4318.742 ; gain = 55.523
Phase 4.1 Post Commit Optimization | Checksum: 125a60695

Time (s): cpu = 00:03:21 ; elapsed = 00:02:27 . Memory (MB): peak = 4318.742 ; gain = 55.523
Netlist sorting complete. Time (s): cpu = 00:00:00 ; elapsed = 00:00:00.010 . Memory (MB): peak = 4331.578 ; gain = 0.000

Phase 4.2 Post Placement Cleanup
Phase 4.2 Post Placement Cleanup | Checksum: 1bc81855f

Time (s): cpu = 00:03:25 ; elapsed = 00:02:30 . Memory (MB): peak = 4331.578 ; gain = 68.359

Phase 4.3 Placer Reporting

Phase 4.3.1 Print Estimated Congestion
INFO: [Place 30-612] Post-Placement Estimated Congestion 
 ________________________________________________________________________
|           | Global Congestion | Long Congestion   | Short Congestion  |
| Direction | Region Size       | Region Size       | Region Size       |
|___________|___________________|___________________|___________________|
|      North|                1x1|                1x1|                2x2|
|___________|___________________|___________________|___________________|
|      South|                1x1|                1x1|                2x2|
|___________|___________________|___________________|___________________|
|       East|                1x1|                1x1|                2x2|
|___________|___________________|___________________|___________________|
|       West|                1x1|                1x1|                4x4|
|___________|___________________|___________________|___________________|

Phase 4.3.1 Print Estimated Congestion | Checksum: 1bc81855f

Time (s): cpu = 00:03:25 ; elapsed = 00:02:31 . Memory (MB): peak = 4331.578 ; gain = 68.359
Phase 4.3 Placer Reporting | Checksum: 1bc81855f

Time (s): cpu = 00:03:25 ; elapsed = 00:02:31 . Memory (MB): peak = 4331.578 ; gain = 68.359

Phase 4.4 Final Placement Cleanup
Netlist sorting complete. Time (s): cpu = 00:00:00 ; elapsed = 00:00:00.010 . Memory (MB): peak = 4331.578 ; gain = 0.000

Time (s): cpu = 00:03:25 ; elapsed = 00:02:31 . Memory (MB): peak = 4331.578 ; gain = 68.359
Phase 4 Post Placement Optimization and Clean-Up | Checksum: 21beed0c1

Time (s): cpu = 00:03:26 ; elapsed = 00:02:31 . Memory (MB): peak = 4331.578 ; gain = 68.359
Ending Placer Task | Checksum: 1ec532f6c

Time (s): cpu = 00:03:26 ; elapsed = 00:02:31 . Memory (MB): peak = 4331.578 ; gain = 68.359
INFO: [Common 17-83] Releasing license: Implementation
84 Infos, 2 Warnings, 0 Critical Warnings and 0 Errors encountered.
place_design completed successfully
place_design: Time (s): cpu = 00:03:30 ; elapsed = 00:02:34 . Memory (MB): peak = 4331.578 ; gain = 68.359
INFO: [Timing 38-480] Writing timing data to binary archive.
Writing placer database...
Writing XDEF routing.
Writing XDEF routing logical nets.
Writing XDEF routing special nets.
Write XDEF Complete: Time (s): cpu = 00:00:12 ; elapsed = 00:00:04 . Memory (MB): peak = 4331.578 ; gain = 0.000
INFO: [Common 17-1381] The checkpoint 'C:/D_drive_backup/Working/FPGA_AI_25_2/fft_fpga/fft_fpga.runs/impl_1/TOP_test_fft_placed.dcp' has been generated.
write_checkpoint: Time (s): cpu = 00:00:21 ; elapsed = 00:00:13 . Memory (MB): peak = 4331.578 ; gain = 0.000
INFO: [runtcl-4] Executing : report_io -file TOP_test_fft_io_placed.rpt
report_io: Time (s): cpu = 00:00:00 ; elapsed = 00:00:00.072 . Memory (MB): peak = 4331.578 ; gain = 0.000
INFO: [runtcl-4] Executing : report_utilization -file TOP_test_fft_utilization_placed.rpt -pb TOP_test_fft_utilization_placed.pb
INFO: [runtcl-4] Executing : report_control_sets -verbose -file TOP_test_fft_control_sets_placed.rpt
report_control_sets: Time (s): cpu = 00:00:00 ; elapsed = 00:00:00.101 . Memory (MB): peak = 4331.578 ; gain = 0.000
Command: phys_opt_design
Attempting to get a license for feature 'Implementation' and/or device 'xczu7ev'
INFO: [Common 17-349] Got license for feature 'Implementation' and/or device 'xczu7ev'
INFO: [Vivado_Tcl 4-383] Design worst setup slack (WNS) is greater than or equal to 0.000 ns. Skipping all physical synthesis optimizations.
INFO: [Vivado_Tcl 4-232] No setup violation found. The netlist was not modified.
INFO: [Common 17-83] Releasing license: Implementation
93 Infos, 2 Warnings, 0 Critical Warnings and 0 Errors encountered.
phys_opt_design completed successfully
phys_opt_design: Time (s): cpu = 00:00:24 ; elapsed = 00:00:14 . Memory (MB): peak = 4331.578 ; gain = 0.000
INFO: [Timing 38-480] Writing timing data to binary archive.
Writing placer database...
Writing XDEF routing.
Writing XDEF routing logical nets.
Writing XDEF routing special nets.
Write XDEF Complete: Time (s): cpu = 00:00:20 ; elapsed = 00:00:06 . Memory (MB): peak = 4331.578 ; gain = 0.000
INFO: [Common 17-1381] The checkpoint 'C:/D_drive_backup/Working/FPGA_AI_25_2/fft_fpga/fft_fpga.runs/impl_1/TOP_test_fft_physopt.dcp' has been generated.
write_checkpoint: Time (s): cpu = 00:00:31 ; elapsed = 00:00:17 . Memory (MB): peak = 4331.578 ; gain = 0.000
Command: route_design
Attempting to get a license for feature 'Implementation' and/or device 'xczu7ev'
INFO: [Common 17-349] Got license for feature 'Implementation' and/or device 'xczu7ev'
Running DRC as a precondition to command route_design
INFO: [DRC 23-27] Running DRC with 2 threads
WARNING: [DRC PLCK-58] Clock Placer Checks: Sub-optimal placement for a global clock-capable IO pin and BUFG pair.
Resolution: A dedicated routing path between the two can be used if: (a) The global clock-capable IO (GCIO) is placed on a GCIO capable site (b) The BUFG is placed in the same bank of the device as the GCIO pin. Both the above conditions must be met at the same time, else it may lead to longer and less predictable clock insertion delays.
 This is normally an ERROR but the CLOCK_DEDICATED_ROUTE constraint is set to FALSE allowing your design to continue. The use of this override is highly discouraged as it may lead to very poor timing results. It is recommended that this error condition be corrected in the design.

	rstn_IBUF_inst/IBUFCTRL_INST (IBUFCTRL.O) is locked to IOB_X2Y52
	rstn_IBUF_BUFG_inst (BUFGCE.I) is provisionally placed by clockplacer on BUFGCE_HDIO_X1Y1
WARNING: [DRC PLCK-90] Clock Placer Checks: A BUFGCE clock buffer whose input is driven by a non IO/Clock element can not be placed in a BUFGCE_HDIO site:
 This is normally an ERROR but the CLOCK_DEDICATED_ROUTE constraint is set to FALSE allowing your design to continue. The use of this override is highly discouraged as it may lead to very poor timing results. It is recommended that this error condition be corrected in the design.

	rstn_IBUF_BUFG_inst (BUFGCE.I) is provisionally placed by clockplacer on BUFGCE_HDIO_X1Y1
INFO: [Vivado_Tcl 4-198] DRC finished with 0 Errors, 2 Warnings
INFO: [Vivado_Tcl 4-199] Please refer to the DRC report (report_drc) for more information.


Starting Routing Task
INFO: [Route 35-254] Multithreading enabled for route_design using a maximum of 2 CPUs
Checksum: PlaceDB: a00b0640 ConstDB: 0 ShapeSum: b56caa62 RouteDB: 96db7eca

Phase 1 Build RT Design
Nodegraph reading from file.  Time (s): cpu = 00:00:02 ; elapsed = 00:00:02 . Memory (MB): peak = 4343.875 ; gain = 0.000
Phase 1 Build RT Design | Checksum: 189b16a76

Time (s): cpu = 00:00:17 ; elapsed = 00:00:14 . Memory (MB): peak = 4349.199 ; gain = 5.324
Post Restoration Checksum: NetGraph: aef161ff NumContArr: 1d095988 Constraints: f0b23c78 Timing: 0

Phase 2 Router Initialization

Phase 2.1 Create Timer
Phase 2.1 Create Timer | Checksum: 1bcacf7ff

Time (s): cpu = 00:00:18 ; elapsed = 00:00:16 . Memory (MB): peak = 4349.199 ; gain = 5.324

Phase 2.2 Fix Topology Constraints
Phase 2.2 Fix Topology Constraints | Checksum: 1bcacf7ff

Time (s): cpu = 00:00:18 ; elapsed = 00:00:16 . Memory (MB): peak = 4357.422 ; gain = 13.547

Phase 2.3 Pre Route Cleanup
Phase 2.3 Pre Route Cleanup | Checksum: 1bcacf7ff

Time (s): cpu = 00:00:18 ; elapsed = 00:00:17 . Memory (MB): peak = 4357.422 ; gain = 13.547

Phase 2.4 Global Clock Net Routing
 Number of Nodes with overlaps = 0
Phase 2.4 Global Clock Net Routing | Checksum: 22eb4c8ab

Time (s): cpu = 00:00:24 ; elapsed = 00:00:21 . Memory (MB): peak = 4428.363 ; gain = 84.488

Phase 2.5 Update Timing
Phase 2.5 Update Timing | Checksum: 31e738e80

Time (s): cpu = 00:00:47 ; elapsed = 00:00:35 . Memory (MB): peak = 4428.363 ; gain = 84.488
INFO: [Route 35-416] Intermediate Timing Summary | WNS=1.536  | TNS=0.000  | WHS=-0.081 | THS=-6.423 |


Phase 2.6 Update Timing for Bus Skew

Phase 2.6.1 Update Timing
Phase 2.6.1 Update Timing | Checksum: 2576d39cc

Time (s): cpu = 00:01:32 ; elapsed = 00:01:02 . Memory (MB): peak = 4489.410 ; gain = 145.535
INFO: [Route 35-416] Intermediate Timing Summary | WNS=1.536  | TNS=0.000  | WHS=N/A    | THS=N/A    |

Phase 2.6 Update Timing for Bus Skew | Checksum: 329f64d81

Time (s): cpu = 00:01:32 ; elapsed = 00:01:03 . Memory (MB): peak = 4489.410 ; gain = 145.535
Phase 2 Router Initialization | Checksum: 276fc8b78

Time (s): cpu = 00:01:32 ; elapsed = 00:01:03 . Memory (MB): peak = 4489.410 ; gain = 145.535

Router Utilization Summary
  Global Vertical Routing Utilization    = 0.000151254 %
  Global Horizontal Routing Utilization  = 0.000545173 %
  Routable Net Status*
  *Does not include unroutable nets such as driverless and loadless.
  Run report_route_status for detailed report.
  Number of Failed Nets               = 64406
    (Failed Nets is the sum of unrouted and partially routed nets)
  Number of Unrouted Nets             = 57597
  Number of Partially Routed Nets     = 6809
  Number of Node Overlaps             = 0


Phase 3 Initial Routing

Phase 3.1 Global Routing
Phase 3.1 Global Routing | Checksum: 276fc8b78

Time (s): cpu = 00:01:35 ; elapsed = 00:01:05 . Memory (MB): peak = 4491.086 ; gain = 147.211
Phase 3 Initial Routing | Checksum: 1dafacd95

Time (s): cpu = 00:01:55 ; elapsed = 00:01:17 . Memory (MB): peak = 4502.270 ; gain = 158.395

Phase 4 Rip-up And Reroute

Phase 4.1 Global Iteration 0
 Number of Nodes with overlaps = 8780
 Number of Nodes with overlaps = 491
 Number of Nodes with overlaps = 12
 Number of Nodes with overlaps = 2
 Number of Nodes with overlaps = 0
INFO: [Route 35-416] Intermediate Timing Summary | WNS=0.695  | TNS=0.000  | WHS=-0.012 | THS=-0.016 |

Phase 4.1 Global Iteration 0 | Checksum: 2373aeba3

Time (s): cpu = 00:03:15 ; elapsed = 00:02:09 . Memory (MB): peak = 4502.270 ; gain = 158.395

Phase 4.2 Additional Iteration for Hold
Phase 4.2 Additional Iteration for Hold | Checksum: 2b13fe465

Time (s): cpu = 00:03:16 ; elapsed = 00:02:09 . Memory (MB): peak = 4502.270 ; gain = 158.395
Phase 4 Rip-up And Reroute | Checksum: 2b13fe465

Time (s): cpu = 00:03:16 ; elapsed = 00:02:09 . Memory (MB): peak = 4502.270 ; gain = 158.395

Phase 5 Delay and Skew Optimization

Phase 5.1 Delay CleanUp

Phase 5.1.1 Update Timing
Phase 5.1.1 Update Timing | Checksum: 34762958a

Time (s): cpu = 00:03:30 ; elapsed = 00:02:19 . Memory (MB): peak = 4502.270 ; gain = 158.395
INFO: [Route 35-416] Intermediate Timing Summary | WNS=0.695  | TNS=0.000  | WHS=0.015  | THS=0.000  |

Phase 5.1 Delay CleanUp | Checksum: 28090f4b3

Time (s): cpu = 00:03:30 ; elapsed = 00:02:19 . Memory (MB): peak = 4502.270 ; gain = 158.395

Phase 5.2 Clock Skew Optimization
Phase 5.2 Clock Skew Optimization | Checksum: 28090f4b3

Time (s): cpu = 00:03:31 ; elapsed = 00:02:19 . Memory (MB): peak = 4502.270 ; gain = 158.395
Phase 5 Delay and Skew Optimization | Checksum: 28090f4b3

Time (s): cpu = 00:03:31 ; elapsed = 00:02:20 . Memory (MB): peak = 4502.270 ; gain = 158.395

Phase 6 Post Hold Fix

Phase 6.1 Hold Fix Iter

Phase 6.1.1 Update Timing
Phase 6.1.1 Update Timing | Checksum: 2f3f2fd90

Time (s): cpu = 00:03:46 ; elapsed = 00:02:30 . Memory (MB): peak = 4502.270 ; gain = 158.395
INFO: [Route 35-416] Intermediate Timing Summary | WNS=0.695  | TNS=0.000  | WHS=0.015  | THS=0.000  |

Phase 6.1 Hold Fix Iter | Checksum: 2b4511cc6

Time (s): cpu = 00:03:47 ; elapsed = 00:02:30 . Memory (MB): peak = 4502.270 ; gain = 158.395
Phase 6 Post Hold Fix | Checksum: 2b4511cc6

Time (s): cpu = 00:03:47 ; elapsed = 00:02:31 . Memory (MB): peak = 4502.270 ; gain = 158.395

Phase 7 Route finalize

Router Utilization Summary
  Global Vertical Routing Utilization    = 2.75704 %
  Global Horizontal Routing Utilization  = 3.53155 %
  Routable Net Status*
  *Does not include unroutable nets such as driverless and loadless.
  Run report_route_status for detailed report.
  Number of Failed Nets               = 0
    (Failed Nets is the sum of unrouted and partially routed nets)
  Number of Unrouted Nets             = 0
  Number of Partially Routed Nets     = 0
  Number of Node Overlaps             = 0

Phase 7 Route finalize | Checksum: 28e7896d5

Time (s): cpu = 00:03:48 ; elapsed = 00:02:31 . Memory (MB): peak = 4502.270 ; gain = 158.395

Phase 8 Verifying routed nets

 Verification completed successfully
Phase 8 Verifying routed nets | Checksum: 28e7896d5

Time (s): cpu = 00:03:48 ; elapsed = 00:02:32 . Memory (MB): peak = 4502.270 ; gain = 158.395

Phase 9 Depositing Routes
Phase 9 Depositing Routes | Checksum: 28e7896d5

Time (s): cpu = 00:03:56 ; elapsed = 00:02:41 . Memory (MB): peak = 4502.270 ; gain = 158.395

Phase 10 Post Router Timing
INFO: [Route 35-57] Estimated Timing Summary | WNS=0.695  | TNS=0.000  | WHS=0.015  | THS=0.000  |

INFO: [Route 35-327] The final timing numbers are based on the router estimated timing analysis. For a complete and accurate timing signoff, please run report_timing_summary.
Phase 10 Post Router Timing | Checksum: 28e7896d5

Time (s): cpu = 00:03:57 ; elapsed = 00:02:42 . Memory (MB): peak = 4502.270 ; gain = 158.395
INFO: [Route 35-16] Router Completed Successfully

Time (s): cpu = 00:03:57 ; elapsed = 00:02:42 . Memory (MB): peak = 4502.270 ; gain = 158.395

Routing Is Done.
INFO: [Common 17-83] Releasing license: Implementation
109 Infos, 4 Warnings, 0 Critical Warnings and 0 Errors encountered.
route_design completed successfully
route_design: Time (s): cpu = 00:04:21 ; elapsed = 00:02:56 . Memory (MB): peak = 4502.270 ; gain = 170.691
INFO: [Timing 38-480] Writing timing data to binary archive.
Writing placer database...
Writing XDEF routing.
Writing XDEF routing logical nets.
Writing XDEF routing special nets.
Write XDEF Complete: Time (s): cpu = 00:00:24 ; elapsed = 00:00:08 . Memory (MB): peak = 4502.270 ; gain = 0.000
INFO: [Common 17-1381] The checkpoint 'C:/D_drive_backup/Working/FPGA_AI_25_2/fft_fpga/fft_fpga.runs/impl_1/TOP_test_fft_routed.dcp' has been generated.
write_checkpoint: Time (s): cpu = 00:00:33 ; elapsed = 00:00:18 . Memory (MB): peak = 4502.270 ; gain = 0.000
INFO: [runtcl-4] Executing : report_drc -file TOP_test_fft_drc_routed.rpt -pb TOP_test_fft_drc_routed.pb -rpx TOP_test_fft_drc_routed.rpx
Command: report_drc -file TOP_test_fft_drc_routed.rpt -pb TOP_test_fft_drc_routed.pb -rpx TOP_test_fft_drc_routed.rpx
INFO: [IP_Flow 19-1839] IP Catalog is up to date.
INFO: [DRC 23-27] Running DRC with 2 threads
INFO: [Coretcl 2-168] The results of DRC are in file C:/D_drive_backup/Working/FPGA_AI_25_2/fft_fpga/fft_fpga.runs/impl_1/TOP_test_fft_drc_routed.rpt.
report_drc completed successfully
report_drc: Time (s): cpu = 00:00:48 ; elapsed = 00:00:27 . Memory (MB): peak = 4578.598 ; gain = 76.328
INFO: [runtcl-4] Executing : report_methodology -file TOP_test_fft_methodology_drc_routed.rpt -pb TOP_test_fft_methodology_drc_routed.pb -rpx TOP_test_fft_methodology_drc_routed.rpx
Command: report_methodology -file TOP_test_fft_methodology_drc_routed.rpt -pb TOP_test_fft_methodology_drc_routed.pb -rpx TOP_test_fft_methodology_drc_routed.rpx
INFO: [Timing 38-35] Done setting XDC timing constraints.
INFO: [DRC 23-133] Running Methodology with 2 threads
INFO: [Coretcl 2-1520] The results of Report Methodology are in file C:/D_drive_backup/Working/FPGA_AI_25_2/fft_fpga/fft_fpga.runs/impl_1/TOP_test_fft_methodology_drc_routed.rpt.
report_methodology completed successfully
report_methodology: Time (s): cpu = 00:00:41 ; elapsed = 00:00:26 . Memory (MB): peak = 4578.598 ; gain = 0.000
INFO: [runtcl-4] Executing : report_power -file TOP_test_fft_power_routed.rpt -pb TOP_test_fft_power_summary_routed.pb -rpx TOP_test_fft_power_routed.rpx
Command: report_power -file TOP_test_fft_power_routed.rpt -pb TOP_test_fft_power_summary_routed.pb -rpx TOP_test_fft_power_routed.rpx
INFO: [Timing 38-35] Done setting XDC timing constraints.
Running Vector-less Activity Propagation...

Finished Running Vector-less Activity Propagation
121 Infos, 4 Warnings, 0 Critical Warnings and 0 Errors encountered.
report_power completed successfully
report_power: Time (s): cpu = 00:00:32 ; elapsed = 00:00:20 . Memory (MB): peak = 4578.598 ; gain = 0.000
INFO: [runtcl-4] Executing : report_route_status -file TOP_test_fft_route_status.rpt -pb TOP_test_fft_route_status.pb
INFO: [runtcl-4] Executing : report_timing_summary -max_paths 10 -file TOP_test_fft_timing_summary_routed.rpt -pb TOP_test_fft_timing_summary_routed.pb -rpx TOP_test_fft_timing_summary_routed.rpx -warn_on_violation 
INFO: [Timing 38-91] UpdateTimingParams: Speed grade: -1, Temperature grade: I, Delay Type: min_max.
INFO: [Timing 38-191] Multithreading enabled for timing update using a maximum of 2 CPUs
WARNING: [Timing 38-436] There are set_bus_skew constraint(s) in this design. Please run report_bus_skew to ensure that bus skew requirements are met.
INFO: [runtcl-4] Executing : report_incremental_reuse -file TOP_test_fft_incremental_reuse_routed.rpt
INFO: [Vivado_Tcl 4-1062] Incremental flow is disabled. No incremental reuse Info to report.
INFO: [runtcl-4] Executing : report_clock_utilization -file TOP_test_fft_clock_utilization_routed.rpt
report_clock_utilization: Time (s): cpu = 00:00:06 ; elapsed = 00:00:06 . Memory (MB): peak = 4580.348 ; gain = 1.750
INFO: [runtcl-4] Executing : report_bus_skew -warn_on_violation -file TOP_test_fft_bus_skew_routed.rpt -pb TOP_test_fft_bus_skew_routed.pb -rpx TOP_test_fft_bus_skew_routed.rpx
INFO: [Timing 38-91] UpdateTimingParams: Speed grade: -1, Temperature grade: I, Delay Type: min_max.
INFO: [Timing 38-191] Multithreading enabled for timing update using a maximum of 2 CPUs
Command: write_bitstream -force TOP_test_fft.bit
Attempting to get a license for feature 'Implementation' and/or device 'xczu7ev'
INFO: [Common 17-349] Got license for feature 'Implementation' and/or device 'xczu7ev'
Running DRC as a precondition to command write_bitstream
INFO: [IP_Flow 19-1839] IP Catalog is up to date.
INFO: [DRC 23-27] Running DRC with 2 threads
WARNING: [DRC DPIP-2] Input pipelining: DSP U_FFT_TOP/U_BF_0/U_BF_0_1/U_FAC8_1_0_1/p_0_out input U_FFT_TOP/U_BF_0/U_BF_0_1/U_FAC8_1_0_1/p_0_out/A[29:0] is not pipelined. Pipelining DSP48 input will improve performance.
WARNING: [DRC DPIP-2] Input pipelining: DSP U_FFT_TOP/U_BF_0/U_BF_0_1/U_FAC8_1_0_1/p_0_out__0 input U_FFT_TOP/U_BF_0/U_BF_0_1/U_FAC8_1_0_1/p_0_out__0/A[29:0] is not pipelined. Pipelining DSP48 input will improve performance.
WARNING: [DRC DPIP-2] Input pipelining: DSP U_FFT_TOP/U_BF_0/U_BF_0_1/U_FAC8_1_0_1/p_0_out__1 input U_FFT_TOP/U_BF_0/U_BF_0_1/U_FAC8_1_0_1/p_0_out__1/A[29:0] is not pipelined. Pipelining DSP48 input will improve performance.
WARNING: [DRC DPIP-2] Input pipelining: DSP U_FFT_TOP/U_BF_0/U_BF_0_1/U_FAC8_1_0_1/p_0_out__10 input U_FFT_TOP/U_BF_0/U_BF_0_1/U_FAC8_1_0_1/p_0_out__10/A[29:0] is not pipelined. Pipelining DSP48 input will improve performance.
WARNING: [DRC DPIP-2] Input pipelining: DSP U_FFT_TOP/U_BF_0/U_BF_0_1/U_FAC8_1_0_1/p_0_out__11 input U_FFT_TOP/U_BF_0/U_BF_0_1/U_FAC8_1_0_1/p_0_out__11/A[29:0] is not pipelined. Pipelining DSP48 input will improve performance.
WARNING: [DRC DPIP-2] Input pipelining: DSP U_FFT_TOP/U_BF_0/U_BF_0_1/U_FAC8_1_0_1/p_0_out__12 input U_FFT_TOP/U_BF_0/U_BF_0_1/U_FAC8_1_0_1/p_0_out__12/A[29:0] is not pipelined. Pipelining DSP48 input will improve performance.
WARNING: [DRC DPIP-2] Input pipelining: DSP U_FFT_TOP/U_BF_0/U_BF_0_1/U_FAC8_1_0_1/p_0_out__13 input U_FFT_TOP/U_BF_0/U_BF_0_1/U_FAC8_1_0_1/p_0_out__13/A[29:0] is not pipelined. Pipelining DSP48 input will improve performance.
WARNING: [DRC DPIP-2] Input pipelining: DSP U_FFT_TOP/U_BF_0/U_BF_0_1/U_FAC8_1_0_1/p_0_out__14 input U_FFT_TOP/U_BF_0/U_BF_0_1/U_FAC8_1_0_1/p_0_out__14/A[29:0] is not pipelined. Pipelining DSP48 input will improve performance.
WARNING: [DRC DPIP-2] Input pipelining: DSP U_FFT_TOP/U_BF_0/U_BF_0_1/U_FAC8_1_0_1/p_0_out__15 input U_FFT_TOP/U_BF_0/U_BF_0_1/U_FAC8_1_0_1/p_0_out__15/A[29:0] is not pipelined. Pipelining DSP48 input will improve performance.
WARNING: [DRC DPIP-2] Input pipelining: DSP U_FFT_TOP/U_BF_0/U_BF_0_1/U_FAC8_1_0_1/p_0_out__16 input U_FFT_TOP/U_BF_0/U_BF_0_1/U_FAC8_1_0_1/p_0_out__16/A[29:0] is not pipelined. Pipelining DSP48 input will improve performance.
WARNING: [DRC DPIP-2] Input pipelining: DSP U_FFT_TOP/U_BF_0/U_BF_0_1/U_FAC8_1_0_1/p_0_out__17 input U_FFT_TOP/U_BF_0/U_BF_0_1/U_FAC8_1_0_1/p_0_out__17/A[29:0] is not pipelined. Pipelining DSP48 input will improve performance.
WARNING: [DRC DPIP-2] Input pipelining: DSP U_FFT_TOP/U_BF_0/U_BF_0_1/U_FAC8_1_0_1/p_0_out__18 input U_FFT_TOP/U_BF_0/U_BF_0_1/U_FAC8_1_0_1/p_0_out__18/A[29:0] is not pipelined. Pipelining DSP48 input will improve performance.
WARNING: [DRC DPIP-2] Input pipelining: DSP U_FFT_TOP/U_BF_0/U_BF_0_1/U_FAC8_1_0_1/p_0_out__19 input U_FFT_TOP/U_BF_0/U_BF_0_1/U_FAC8_1_0_1/p_0_out__19/A[29:0] is not pipelined. Pipelining DSP48 input will improve performance.
WARNING: [DRC DPIP-2] Input pipelining: DSP U_FFT_TOP/U_BF_0/U_BF_0_1/U_FAC8_1_0_1/p_0_out__2 input U_FFT_TOP/U_BF_0/U_BF_0_1/U_FAC8_1_0_1/p_0_out__2/A[29:0] is not pipelined. Pipelining DSP48 input will improve performance.
WARNING: [DRC DPIP-2] Input pipelining: DSP U_FFT_TOP/U_BF_0/U_BF_0_1/U_FAC8_1_0_1/p_0_out__20 input U_FFT_TOP/U_BF_0/U_BF_0_1/U_FAC8_1_0_1/p_0_out__20/A[29:0] is not pipelined. Pipelining DSP48 input will improve performance.
WARNING: [DRC DPIP-2] Input pipelining: DSP U_FFT_TOP/U_BF_0/U_BF_0_1/U_FAC8_1_0_1/p_0_out__21 input U_FFT_TOP/U_BF_0/U_BF_0_1/U_FAC8_1_0_1/p_0_out__21/A[29:0] is not pipelined. Pipelining DSP48 input will improve performance.
WARNING: [DRC DPIP-2] Input pipelining: DSP U_FFT_TOP/U_BF_0/U_BF_0_1/U_FAC8_1_0_1/p_0_out__22 input U_FFT_TOP/U_BF_0/U_BF_0_1/U_FAC8_1_0_1/p_0_out__22/A[29:0] is not pipelined. Pipelining DSP48 input will improve performance.
WARNING: [DRC DPIP-2] Input pipelining: DSP U_FFT_TOP/U_BF_0/U_BF_0_1/U_FAC8_1_0_1/p_0_out__23 input U_FFT_TOP/U_BF_0/U_BF_0_1/U_FAC8_1_0_1/p_0_out__23/A[29:0] is not pipelined. Pipelining DSP48 input will improve performance.
WARNING: [DRC DPIP-2] Input pipelining: DSP U_FFT_TOP/U_BF_0/U_BF_0_1/U_FAC8_1_0_1/p_0_out__24 input U_FFT_TOP/U_BF_0/U_BF_0_1/U_FAC8_1_0_1/p_0_out__24/A[29:0] is not pipelined. Pipelining DSP48 input will improve performance.
WARNING: [DRC DPIP-2] Input pipelining: DSP U_FFT_TOP/U_BF_0/U_BF_0_1/U_FAC8_1_0_1/p_0_out__25 input U_FFT_TOP/U_BF_0/U_BF_0_1/U_FAC8_1_0_1/p_0_out__25/A[29:0] is not pipelined. Pipelining DSP48 input will improve performance.
WARNING: [DRC DPIP-2] Input pipelining: DSP U_FFT_TOP/U_BF_0/U_BF_0_1/U_FAC8_1_0_1/p_0_out__26 input U_FFT_TOP/U_BF_0/U_BF_0_1/U_FAC8_1_0_1/p_0_out__26/A[29:0] is not pipelined. Pipelining DSP48 input will improve performance.
WARNING: [DRC DPIP-2] Input pipelining: DSP U_FFT_TOP/U_BF_0/U_BF_0_1/U_FAC8_1_0_1/p_0_out__27 input U_FFT_TOP/U_BF_0/U_BF_0_1/U_FAC8_1_0_1/p_0_out__27/A[29:0] is not pipelined. Pipelining DSP48 input will improve performance.
WARNING: [DRC DPIP-2] Input pipelining: DSP U_FFT_TOP/U_BF_0/U_BF_0_1/U_FAC8_1_0_1/p_0_out__28 input U_FFT_TOP/U_BF_0/U_BF_0_1/U_FAC8_1_0_1/p_0_out__28/A[29:0] is not pipelined. Pipelining DSP48 input will improve performance.
WARNING: [DRC DPIP-2] Input pipelining: DSP U_FFT_TOP/U_BF_0/U_BF_0_1/U_FAC8_1_0_1/p_0_out__29 input U_FFT_TOP/U_BF_0/U_BF_0_1/U_FAC8_1_0_1/p_0_out__29/A[29:0] is not pipelined. Pipelining DSP48 input will improve performance.
WARNING: [DRC DPIP-2] Input pipelining: DSP U_FFT_TOP/U_BF_0/U_BF_0_1/U_FAC8_1_0_1/p_0_out__3 input U_FFT_TOP/U_BF_0/U_BF_0_1/U_FAC8_1_0_1/p_0_out__3/A[29:0] is not pipelined. Pipelining DSP48 input will improve performance.
WARNING: [DRC DPIP-2] Input pipelining: DSP U_FFT_TOP/U_BF_0/U_BF_0_1/U_FAC8_1_0_1/p_0_out__30 input U_FFT_TOP/U_BF_0/U_BF_0_1/U_FAC8_1_0_1/p_0_out__30/A[29:0] is not pipelined. Pipelining DSP48 input will improve performance.
WARNING: [DRC DPIP-2] Input pipelining: DSP U_FFT_TOP/U_BF_0/U_BF_0_1/U_FAC8_1_0_1/p_0_out__4 input U_FFT_TOP/U_BF_0/U_BF_0_1/U_FAC8_1_0_1/p_0_out__4/A[29:0] is not pipelined. Pipelining DSP48 input will improve performance.
WARNING: [DRC DPIP-2] Input pipelining: DSP U_FFT_TOP/U_BF_0/U_BF_0_1/U_FAC8_1_0_1/p_0_out__5 input U_FFT_TOP/U_BF_0/U_BF_0_1/U_FAC8_1_0_1/p_0_out__5/A[29:0] is not pipelined. Pipelining DSP48 input will improve performance.
WARNING: [DRC DPIP-2] Input pipelining: DSP U_FFT_TOP/U_BF_0/U_BF_0_1/U_FAC8_1_0_1/p_0_out__6 input U_FFT_TOP/U_BF_0/U_BF_0_1/U_FAC8_1_0_1/p_0_out__6/A[29:0] is not pipelined. Pipelining DSP48 input will improve performance.
WARNING: [DRC DPIP-2] Input pipelining: DSP U_FFT_TOP/U_BF_0/U_BF_0_1/U_FAC8_1_0_1/p_0_out__7 input U_FFT_TOP/U_BF_0/U_BF_0_1/U_FAC8_1_0_1/p_0_out__7/A[29:0] is not pipelined. Pipelining DSP48 input will improve performance.
WARNING: [DRC DPIP-2] Input pipelining: DSP U_FFT_TOP/U_BF_0/U_BF_0_1/U_FAC8_1_0_1/p_0_out__8 input U_FFT_TOP/U_BF_0/U_BF_0_1/U_FAC8_1_0_1/p_0_out__8/A[29:0] is not pipelined. Pipelining DSP48 input will improve performance.
WARNING: [DRC DPIP-2] Input pipelining: DSP U_FFT_TOP/U_BF_0/U_BF_0_1/U_FAC8_1_0_1/p_0_out__9 input U_FFT_TOP/U_BF_0/U_BF_0_1/U_FAC8_1_0_1/p_0_out__9/A[29:0] is not pipelined. Pipelining DSP48 input will improve performance.
WARNING: [DRC DPIP-2] Input pipelining: DSP U_FFT_TOP/U_BF_0/U_BF_0_1/U_FAC8_1_0_1/p_1_out input U_FFT_TOP/U_BF_0/U_BF_0_1/U_FAC8_1_0_1/p_1_out/A[29:0] is not pipelined. Pipelining DSP48 input will improve performance.
WARNING: [DRC DPIP-2] Input pipelining: DSP U_FFT_TOP/U_BF_0/U_BF_0_1/U_FAC8_1_0_1/p_1_out input U_FFT_TOP/U_BF_0/U_BF_0_1/U_FAC8_1_0_1/p_1_out/C[47:0] is not pipelined. Pipelining DSP48 input will improve performance.
WARNING: [DRC DPIP-2] Input pipelining: DSP U_FFT_TOP/U_BF_0/U_BF_0_1/U_FAC8_1_0_1/p_1_out__0 input U_FFT_TOP/U_BF_0/U_BF_0_1/U_FAC8_1_0_1/p_1_out__0/A[29:0] is not pipelined. Pipelining DSP48 input will improve performance.
WARNING: [DRC DPIP-2] Input pipelining: DSP U_FFT_TOP/U_BF_0/U_BF_0_1/U_FAC8_1_0_1/p_1_out__0 input U_FFT_TOP/U_BF_0/U_BF_0_1/U_FAC8_1_0_1/p_1_out__0/C[47:0] is not pipelined. Pipelining DSP48 input will improve performance.
WARNING: [DRC DPIP-2] Input pipelining: DSP U_FFT_TOP/U_BF_0/U_BF_0_1/U_FAC8_1_0_1/p_1_out__1 input U_FFT_TOP/U_BF_0/U_BF_0_1/U_FAC8_1_0_1/p_1_out__1/A[29:0] is not pipelined. Pipelining DSP48 input will improve performance.
WARNING: [DRC DPIP-2] Input pipelining: DSP U_FFT_TOP/U_BF_0/U_BF_0_1/U_FAC8_1_0_1/p_1_out__1 input U_FFT_TOP/U_BF_0/U_BF_0_1/U_FAC8_1_0_1/p_1_out__1/C[47:0] is not pipelined. Pipelining DSP48 input will improve performance.
WARNING: [DRC DPIP-2] Input pipelining: DSP U_FFT_TOP/U_BF_0/U_BF_0_1/U_FAC8_1_0_1/p_1_out__10 input U_FFT_TOP/U_BF_0/U_BF_0_1/U_FAC8_1_0_1/p_1_out__10/A[29:0] is not pipelined. Pipelining DSP48 input will improve performance.
WARNING: [DRC DPIP-2] Input pipelining: DSP U_FFT_TOP/U_BF_0/U_BF_0_1/U_FAC8_1_0_1/p_1_out__10 input U_FFT_TOP/U_BF_0/U_BF_0_1/U_FAC8_1_0_1/p_1_out__10/C[47:0] is not pipelined. Pipelining DSP48 input will improve performance.
WARNING: [DRC DPIP-2] Input pipelining: DSP U_FFT_TOP/U_BF_0/U_BF_0_1/U_FAC8_1_0_1/p_1_out__11 input U_FFT_TOP/U_BF_0/U_BF_0_1/U_FAC8_1_0_1/p_1_out__11/A[29:0] is not pipelined. Pipelining DSP48 input will improve performance.
WARNING: [DRC DPIP-2] Input pipelining: DSP U_FFT_TOP/U_BF_0/U_BF_0_1/U_FAC8_1_0_1/p_1_out__11 input U_FFT_TOP/U_BF_0/U_BF_0_1/U_FAC8_1_0_1/p_1_out__11/C[47:0] is not pipelined. Pipelining DSP48 input will improve performance.
WARNING: [DRC DPIP-2] Input pipelining: DSP U_FFT_TOP/U_BF_0/U_BF_0_1/U_FAC8_1_0_1/p_1_out__12 input U_FFT_TOP/U_BF_0/U_BF_0_1/U_FAC8_1_0_1/p_1_out__12/A[29:0] is not pipelined. Pipelining DSP48 input will improve performance.
WARNING: [DRC DPIP-2] Input pipelining: DSP U_FFT_TOP/U_BF_0/U_BF_0_1/U_FAC8_1_0_1/p_1_out__12 input U_FFT_TOP/U_BF_0/U_BF_0_1/U_FAC8_1_0_1/p_1_out__12/C[47:0] is not pipelined. Pipelining DSP48 input will improve performance.
WARNING: [DRC DPIP-2] Input pipelining: DSP U_FFT_TOP/U_BF_0/U_BF_0_1/U_FAC8_1_0_1/p_1_out__13 input U_FFT_TOP/U_BF_0/U_BF_0_1/U_FAC8_1_0_1/p_1_out__13/A[29:0] is not pipelined. Pipelining DSP48 input will improve performance.
WARNING: [DRC DPIP-2] Input pipelining: DSP U_FFT_TOP/U_BF_0/U_BF_0_1/U_FAC8_1_0_1/p_1_out__13 input U_FFT_TOP/U_BF_0/U_BF_0_1/U_FAC8_1_0_1/p_1_out__13/C[47:0] is not pipelined. Pipelining DSP48 input will improve performance.
WARNING: [DRC DPIP-2] Input pipelining: DSP U_FFT_TOP/U_BF_0/U_BF_0_1/U_FAC8_1_0_1/p_1_out__14 input U_FFT_TOP/U_BF_0/U_BF_0_1/U_FAC8_1_0_1/p_1_out__14/A[29:0] is not pipelined. Pipelining DSP48 input will improve performance.
WARNING: [DRC DPIP-2] Input pipelining: DSP U_FFT_TOP/U_BF_0/U_BF_0_1/U_FAC8_1_0_1/p_1_out__14 input U_FFT_TOP/U_BF_0/U_BF_0_1/U_FAC8_1_0_1/p_1_out__14/C[47:0] is not pipelined. Pipelining DSP48 input will improve performance.
WARNING: [DRC DPIP-2] Input pipelining: DSP U_FFT_TOP/U_BF_0/U_BF_0_1/U_FAC8_1_0_1/p_1_out__2 input U_FFT_TOP/U_BF_0/U_BF_0_1/U_FAC8_1_0_1/p_1_out__2/A[29:0] is not pipelined. Pipelining DSP48 input will improve performance.
WARNING: [DRC DPIP-2] Input pipelining: DSP U_FFT_TOP/U_BF_0/U_BF_0_1/U_FAC8_1_0_1/p_1_out__2 input U_FFT_TOP/U_BF_0/U_BF_0_1/U_FAC8_1_0_1/p_1_out__2/C[47:0] is not pipelined. Pipelining DSP48 input will improve performance.
WARNING: [DRC DPIP-2] Input pipelining: DSP U_FFT_TOP/U_BF_0/U_BF_0_1/U_FAC8_1_0_1/p_1_out__3 input U_FFT_TOP/U_BF_0/U_BF_0_1/U_FAC8_1_0_1/p_1_out__3/A[29:0] is not pipelined. Pipelining DSP48 input will improve performance.
WARNING: [DRC DPIP-2] Input pipelining: DSP U_FFT_TOP/U_BF_0/U_BF_0_1/U_FAC8_1_0_1/p_1_out__3 input U_FFT_TOP/U_BF_0/U_BF_0_1/U_FAC8_1_0_1/p_1_out__3/C[47:0] is not pipelined. Pipelining DSP48 input will improve performance.
WARNING: [DRC DPIP-2] Input pipelining: DSP U_FFT_TOP/U_BF_0/U_BF_0_1/U_FAC8_1_0_1/p_1_out__4 input U_FFT_TOP/U_BF_0/U_BF_0_1/U_FAC8_1_0_1/p_1_out__4/A[29:0] is not pipelined. Pipelining DSP48 input will improve performance.
WARNING: [DRC DPIP-2] Input pipelining: DSP U_FFT_TOP/U_BF_0/U_BF_0_1/U_FAC8_1_0_1/p_1_out__4 input U_FFT_TOP/U_BF_0/U_BF_0_1/U_FAC8_1_0_1/p_1_out__4/C[47:0] is not pipelined. Pipelining DSP48 input will improve performance.
WARNING: [DRC DPIP-2] Input pipelining: DSP U_FFT_TOP/U_BF_0/U_BF_0_1/U_FAC8_1_0_1/p_1_out__5 input U_FFT_TOP/U_BF_0/U_BF_0_1/U_FAC8_1_0_1/p_1_out__5/A[29:0] is not pipelined. Pipelining DSP48 input will improve performance.
WARNING: [DRC DPIP-2] Input pipelining: DSP U_FFT_TOP/U_BF_0/U_BF_0_1/U_FAC8_1_0_1/p_1_out__5 input U_FFT_TOP/U_BF_0/U_BF_0_1/U_FAC8_1_0_1/p_1_out__5/C[47:0] is not pipelined. Pipelining DSP48 input will improve performance.
WARNING: [DRC DPIP-2] Input pipelining: DSP U_FFT_TOP/U_BF_0/U_BF_0_1/U_FAC8_1_0_1/p_1_out__6 input U_FFT_TOP/U_BF_0/U_BF_0_1/U_FAC8_1_0_1/p_1_out__6/A[29:0] is not pipelined. Pipelining DSP48 input will improve performance.
WARNING: [DRC DPIP-2] Input pipelining: DSP U_FFT_TOP/U_BF_0/U_BF_0_1/U_FAC8_1_0_1/p_1_out__6 input U_FFT_TOP/U_BF_0/U_BF_0_1/U_FAC8_1_0_1/p_1_out__6/C[47:0] is not pipelined. Pipelining DSP48 input will improve performance.
WARNING: [DRC DPIP-2] Input pipelining: DSP U_FFT_TOP/U_BF_0/U_BF_0_1/U_FAC8_1_0_1/p_1_out__7 input U_FFT_TOP/U_BF_0/U_BF_0_1/U_FAC8_1_0_1/p_1_out__7/A[29:0] is not pipelined. Pipelining DSP48 input will improve performance.
WARNING: [DRC DPIP-2] Input pipelining: DSP U_FFT_TOP/U_BF_0/U_BF_0_1/U_FAC8_1_0_1/p_1_out__7 input U_FFT_TOP/U_BF_0/U_BF_0_1/U_FAC8_1_0_1/p_1_out__7/C[47:0] is not pipelined. Pipelining DSP48 input will improve performance.
WARNING: [DRC DPIP-2] Input pipelining: DSP U_FFT_TOP/U_BF_0/U_BF_0_1/U_FAC8_1_0_1/p_1_out__8 input U_FFT_TOP/U_BF_0/U_BF_0_1/U_FAC8_1_0_1/p_1_out__8/A[29:0] is not pipelined. Pipelining DSP48 input will improve performance.
WARNING: [DRC DPIP-2] Input pipelining: DSP U_FFT_TOP/U_BF_0/U_BF_0_1/U_FAC8_1_0_1/p_1_out__8 input U_FFT_TOP/U_BF_0/U_BF_0_1/U_FAC8_1_0_1/p_1_out__8/C[47:0] is not pipelined. Pipelining DSP48 input will improve performance.
WARNING: [DRC DPIP-2] Input pipelining: DSP U_FFT_TOP/U_BF_0/U_BF_0_1/U_FAC8_1_0_1/p_1_out__9 input U_FFT_TOP/U_BF_0/U_BF_0_1/U_FAC8_1_0_1/p_1_out__9/A[29:0] is not pipelined. Pipelining DSP48 input will improve performance.
WARNING: [DRC DPIP-2] Input pipelining: DSP U_FFT_TOP/U_BF_0/U_BF_0_1/U_FAC8_1_0_1/p_1_out__9 input U_FFT_TOP/U_BF_0/U_BF_0_1/U_FAC8_1_0_1/p_1_out__9/C[47:0] is not pipelined. Pipelining DSP48 input will improve performance.
WARNING: [DRC DPIP-2] Input pipelining: DSP U_FFT_TOP/U_BF_0/U_BF_0_2/u_mult_pipe/GEN_MUL[0].u_mult/m_im0 input U_FFT_TOP/U_BF_0/U_BF_0_2/u_mult_pipe/GEN_MUL[0].u_mult/m_im0/A[29:0] is not pipelined. Pipelining DSP48 input will improve performance.
WARNING: [DRC DPIP-2] Input pipelining: DSP U_FFT_TOP/U_BF_0/U_BF_0_2/u_mult_pipe/GEN_MUL[0].u_mult/m_im1 input U_FFT_TOP/U_BF_0/U_BF_0_2/u_mult_pipe/GEN_MUL[0].u_mult/m_im1/A[29:0] is not pipelined. Pipelining DSP48 input will improve performance.
WARNING: [DRC DPIP-2] Input pipelining: DSP U_FFT_TOP/U_BF_0/U_BF_0_2/u_mult_pipe/GEN_MUL[0].u_mult/m_re0 input U_FFT_TOP/U_BF_0/U_BF_0_2/u_mult_pipe/GEN_MUL[0].u_mult/m_re0/A[29:0] is not pipelined. Pipelining DSP48 input will improve performance.
WARNING: [DRC DPIP-2] Input pipelining: DSP U_FFT_TOP/U_BF_0/U_BF_0_2/u_mult_pipe/GEN_MUL[0].u_mult/m_re1 input U_FFT_TOP/U_BF_0/U_BF_0_2/u_mult_pipe/GEN_MUL[0].u_mult/m_re1/A[29:0] is not pipelined. Pipelining DSP48 input will improve performance.
WARNING: [DRC DPIP-2] Input pipelining: DSP U_FFT_TOP/U_BF_0/U_BF_0_2/u_mult_pipe/GEN_MUL[10].u_mult/m_im0 input U_FFT_TOP/U_BF_0/U_BF_0_2/u_mult_pipe/GEN_MUL[10].u_mult/m_im0/A[29:0] is not pipelined. Pipelining DSP48 input will improve performance.
WARNING: [DRC DPIP-2] Input pipelining: DSP U_FFT_TOP/U_BF_0/U_BF_0_2/u_mult_pipe/GEN_MUL[10].u_mult/m_im1 input U_FFT_TOP/U_BF_0/U_BF_0_2/u_mult_pipe/GEN_MUL[10].u_mult/m_im1/A[29:0] is not pipelined. Pipelining DSP48 input will improve performance.
WARNING: [DRC DPIP-2] Input pipelining: DSP U_FFT_TOP/U_BF_0/U_BF_0_2/u_mult_pipe/GEN_MUL[10].u_mult/m_re0 input U_FFT_TOP/U_BF_0/U_BF_0_2/u_mult_pipe/GEN_MUL[10].u_mult/m_re0/A[29:0] is not pipelined. Pipelining DSP48 input will improve performance.
WARNING: [DRC DPIP-2] Input pipelining: DSP U_FFT_TOP/U_BF_0/U_BF_0_2/u_mult_pipe/GEN_MUL[10].u_mult/m_re1 input U_FFT_TOP/U_BF_0/U_BF_0_2/u_mult_pipe/GEN_MUL[10].u_mult/m_re1/A[29:0] is not pipelined. Pipelining DSP48 input will improve performance.
WARNING: [DRC DPIP-2] Input pipelining: DSP U_FFT_TOP/U_BF_0/U_BF_0_2/u_mult_pipe/GEN_MUL[11].u_mult/m_im0 input U_FFT_TOP/U_BF_0/U_BF_0_2/u_mult_pipe/GEN_MUL[11].u_mult/m_im0/A[29:0] is not pipelined. Pipelining DSP48 input will improve performance.
WARNING: [DRC DPIP-2] Input pipelining: DSP U_FFT_TOP/U_BF_0/U_BF_0_2/u_mult_pipe/GEN_MUL[11].u_mult/m_im1 input U_FFT_TOP/U_BF_0/U_BF_0_2/u_mult_pipe/GEN_MUL[11].u_mult/m_im1/A[29:0] is not pipelined. Pipelining DSP48 input will improve performance.
WARNING: [DRC DPIP-2] Input pipelining: DSP U_FFT_TOP/U_BF_0/U_BF_0_2/u_mult_pipe/GEN_MUL[11].u_mult/m_re0 input U_FFT_TOP/U_BF_0/U_BF_0_2/u_mult_pipe/GEN_MUL[11].u_mult/m_re0/A[29:0] is not pipelined. Pipelining DSP48 input will improve performance.
WARNING: [DRC DPIP-2] Input pipelining: DSP U_FFT_TOP/U_BF_0/U_BF_0_2/u_mult_pipe/GEN_MUL[11].u_mult/m_re1 input U_FFT_TOP/U_BF_0/U_BF_0_2/u_mult_pipe/GEN_MUL[11].u_mult/m_re1/A[29:0] is not pipelined. Pipelining DSP48 input will improve performance.
WARNING: [DRC DPIP-2] Input pipelining: DSP U_FFT_TOP/U_BF_0/U_BF_0_2/u_mult_pipe/GEN_MUL[12].u_mult/m_im0 input U_FFT_TOP/U_BF_0/U_BF_0_2/u_mult_pipe/GEN_MUL[12].u_mult/m_im0/A[29:0] is not pipelined. Pipelining DSP48 input will improve performance.
WARNING: [DRC DPIP-2] Input pipelining: DSP U_FFT_TOP/U_BF_0/U_BF_0_2/u_mult_pipe/GEN_MUL[12].u_mult/m_im1 input U_FFT_TOP/U_BF_0/U_BF_0_2/u_mult_pipe/GEN_MUL[12].u_mult/m_im1/A[29:0] is not pipelined. Pipelining DSP48 input will improve performance.
WARNING: [DRC DPIP-2] Input pipelining: DSP U_FFT_TOP/U_BF_0/U_BF_0_2/u_mult_pipe/GEN_MUL[12].u_mult/m_re0 input U_FFT_TOP/U_BF_0/U_BF_0_2/u_mult_pipe/GEN_MUL[12].u_mult/m_re0/A[29:0] is not pipelined. Pipelining DSP48 input will improve performance.
WARNING: [DRC DPIP-2] Input pipelining: DSP U_FFT_TOP/U_BF_0/U_BF_0_2/u_mult_pipe/GEN_MUL[12].u_mult/m_re1 input U_FFT_TOP/U_BF_0/U_BF_0_2/u_mult_pipe/GEN_MUL[12].u_mult/m_re1/A[29:0] is not pipelined. Pipelining DSP48 input will improve performance.
WARNING: [DRC DPIP-2] Input pipelining: DSP U_FFT_TOP/U_BF_0/U_BF_0_2/u_mult_pipe/GEN_MUL[13].u_mult/m_im0 input U_FFT_TOP/U_BF_0/U_BF_0_2/u_mult_pipe/GEN_MUL[13].u_mult/m_im0/A[29:0] is not pipelined. Pipelining DSP48 input will improve performance.
WARNING: [DRC DPIP-2] Input pipelining: DSP U_FFT_TOP/U_BF_0/U_BF_0_2/u_mult_pipe/GEN_MUL[13].u_mult/m_im1 input U_FFT_TOP/U_BF_0/U_BF_0_2/u_mult_pipe/GEN_MUL[13].u_mult/m_im1/A[29:0] is not pipelined. Pipelining DSP48 input will improve performance.
WARNING: [DRC DPIP-2] Input pipelining: DSP U_FFT_TOP/U_BF_0/U_BF_0_2/u_mult_pipe/GEN_MUL[13].u_mult/m_re0 input U_FFT_TOP/U_BF_0/U_BF_0_2/u_mult_pipe/GEN_MUL[13].u_mult/m_re0/A[29:0] is not pipelined. Pipelining DSP48 input will improve performance.
WARNING: [DRC DPIP-2] Input pipelining: DSP U_FFT_TOP/U_BF_0/U_BF_0_2/u_mult_pipe/GEN_MUL[13].u_mult/m_re1 input U_FFT_TOP/U_BF_0/U_BF_0_2/u_mult_pipe/GEN_MUL[13].u_mult/m_re1/A[29:0] is not pipelined. Pipelining DSP48 input will improve performance.
WARNING: [DRC DPIP-2] Input pipelining: DSP U_FFT_TOP/U_BF_0/U_BF_0_2/u_mult_pipe/GEN_MUL[14].u_mult/m_im0 input U_FFT_TOP/U_BF_0/U_BF_0_2/u_mult_pipe/GEN_MUL[14].u_mult/m_im0/A[29:0] is not pipelined. Pipelining DSP48 input will improve performance.
WARNING: [DRC DPIP-2] Input pipelining: DSP U_FFT_TOP/U_BF_0/U_BF_0_2/u_mult_pipe/GEN_MUL[14].u_mult/m_im1 input U_FFT_TOP/U_BF_0/U_BF_0_2/u_mult_pipe/GEN_MUL[14].u_mult/m_im1/A[29:0] is not pipelined. Pipelining DSP48 input will improve performance.
WARNING: [DRC DPIP-2] Input pipelining: DSP U_FFT_TOP/U_BF_0/U_BF_0_2/u_mult_pipe/GEN_MUL[14].u_mult/m_re0 input U_FFT_TOP/U_BF_0/U_BF_0_2/u_mult_pipe/GEN_MUL[14].u_mult/m_re0/A[29:0] is not pipelined. Pipelining DSP48 input will improve performance.
WARNING: [DRC DPIP-2] Input pipelining: DSP U_FFT_TOP/U_BF_0/U_BF_0_2/u_mult_pipe/GEN_MUL[14].u_mult/m_re1 input U_FFT_TOP/U_BF_0/U_BF_0_2/u_mult_pipe/GEN_MUL[14].u_mult/m_re1/A[29:0] is not pipelined. Pipelining DSP48 input will improve performance.
WARNING: [DRC DPIP-2] Input pipelining: DSP U_FFT_TOP/U_BF_0/U_BF_0_2/u_mult_pipe/GEN_MUL[15].u_mult/m_im0 input U_FFT_TOP/U_BF_0/U_BF_0_2/u_mult_pipe/GEN_MUL[15].u_mult/m_im0/A[29:0] is not pipelined. Pipelining DSP48 input will improve performance.
WARNING: [DRC DPIP-2] Input pipelining: DSP U_FFT_TOP/U_BF_0/U_BF_0_2/u_mult_pipe/GEN_MUL[15].u_mult/m_im1 input U_FFT_TOP/U_BF_0/U_BF_0_2/u_mult_pipe/GEN_MUL[15].u_mult/m_im1/A[29:0] is not pipelined. Pipelining DSP48 input will improve performance.
WARNING: [DRC DPIP-2] Input pipelining: DSP U_FFT_TOP/U_BF_0/U_BF_0_2/u_mult_pipe/GEN_MUL[15].u_mult/m_re0 input U_FFT_TOP/U_BF_0/U_BF_0_2/u_mult_pipe/GEN_MUL[15].u_mult/m_re0/A[29:0] is not pipelined. Pipelining DSP48 input will improve performance.
WARNING: [DRC DPIP-2] Input pipelining: DSP U_FFT_TOP/U_BF_0/U_BF_0_2/u_mult_pipe/GEN_MUL[15].u_mult/m_re1 input U_FFT_TOP/U_BF_0/U_BF_0_2/u_mult_pipe/GEN_MUL[15].u_mult/m_re1/A[29:0] is not pipelined. Pipelining DSP48 input will improve performance.
WARNING: [DRC DPIP-2] Input pipelining: DSP U_FFT_TOP/U_BF_0/U_BF_0_2/u_mult_pipe/GEN_MUL[1].u_mult/m_im0 input U_FFT_TOP/U_BF_0/U_BF_0_2/u_mult_pipe/GEN_MUL[1].u_mult/m_im0/A[29:0] is not pipelined. Pipelining DSP48 input will improve performance.
WARNING: [DRC DPIP-2] Input pipelining: DSP U_FFT_TOP/U_BF_0/U_BF_0_2/u_mult_pipe/GEN_MUL[1].u_mult/m_im1 input U_FFT_TOP/U_BF_0/U_BF_0_2/u_mult_pipe/GEN_MUL[1].u_mult/m_im1/A[29:0] is not pipelined. Pipelining DSP48 input will improve performance.
WARNING: [DRC DPIP-2] Input pipelining: DSP U_FFT_TOP/U_BF_0/U_BF_0_2/u_mult_pipe/GEN_MUL[1].u_mult/m_re0 input U_FFT_TOP/U_BF_0/U_BF_0_2/u_mult_pipe/GEN_MUL[1].u_mult/m_re0/A[29:0] is not pipelined. Pipelining DSP48 input will improve performance.
WARNING: [DRC DPIP-2] Input pipelining: DSP U_FFT_TOP/U_BF_0/U_BF_0_2/u_mult_pipe/GEN_MUL[1].u_mult/m_re1 input U_FFT_TOP/U_BF_0/U_BF_0_2/u_mult_pipe/GEN_MUL[1].u_mult/m_re1/A[29:0] is not pipelined. Pipelining DSP48 input will improve performance.
WARNING: [DRC DPIP-2] Input pipelining: DSP U_FFT_TOP/U_BF_0/U_BF_0_2/u_mult_pipe/GEN_MUL[2].u_mult/m_im0 input U_FFT_TOP/U_BF_0/U_BF_0_2/u_mult_pipe/GEN_MUL[2].u_mult/m_im0/A[29:0] is not pipelined. Pipelining DSP48 input will improve performance.
WARNING: [DRC DPIP-2] Input pipelining: DSP U_FFT_TOP/U_BF_0/U_BF_0_2/u_mult_pipe/GEN_MUL[2].u_mult/m_im1 input U_FFT_TOP/U_BF_0/U_BF_0_2/u_mult_pipe/GEN_MUL[2].u_mult/m_im1/A[29:0] is not pipelined. Pipelining DSP48 input will improve performance.
WARNING: [DRC DPIP-2] Input pipelining: DSP U_FFT_TOP/U_BF_0/U_BF_0_2/u_mult_pipe/GEN_MUL[2].u_mult/m_re0 input U_FFT_TOP/U_BF_0/U_BF_0_2/u_mult_pipe/GEN_MUL[2].u_mult/m_re0/A[29:0] is not pipelined. Pipelining DSP48 input will improve performance.
WARNING: [DRC DPIP-2] Input pipelining: DSP U_FFT_TOP/U_BF_0/U_BF_0_2/u_mult_pipe/GEN_MUL[2].u_mult/m_re1 input U_FFT_TOP/U_BF_0/U_BF_0_2/u_mult_pipe/GEN_MUL[2].u_mult/m_re1/A[29:0] is not pipelined. Pipelining DSP48 input will improve performance.
INFO: [Common 17-14] Message 'DRC DPIP-2' appears 100 times and further instances of the messages will be disabled. Use the Tcl command set_msg_config to change the current settings.
WARNING: [DRC DPOP-3] PREG Output pipelining: DSP U_FFT_TOP/U_BF_0/U_BF_0_1/U_FAC8_1_0_1/p_0_out output U_FFT_TOP/U_BF_0/U_BF_0_1/U_FAC8_1_0_1/p_0_out/P[47:0] is not pipelined (PREG=0). Pipelining the DSP48 output will improve performance and often saves power so it is suggested whenever possible to fully pipeline this function.  If this DSP48 function was inferred, it is suggested to describe an additional register stage after this function.  If the DSP48 was instantiated in the design, it is suggested to set the PREG attribute to 1.
WARNING: [DRC DPOP-3] PREG Output pipelining: DSP U_FFT_TOP/U_BF_0/U_BF_0_1/U_FAC8_1_0_1/p_0_out__0 output U_FFT_TOP/U_BF_0/U_BF_0_1/U_FAC8_1_0_1/p_0_out__0/P[47:0] is not pipelined (PREG=0). Pipelining the DSP48 output will improve performance and often saves power so it is suggested whenever possible to fully pipeline this function.  If this DSP48 function was inferred, it is suggested to describe an additional register stage after this function.  If the DSP48 was instantiated in the design, it is suggested to set the PREG attribute to 1.
WARNING: [DRC DPOP-3] PREG Output pipelining: DSP U_FFT_TOP/U_BF_0/U_BF_0_1/U_FAC8_1_0_1/p_0_out__1 output U_FFT_TOP/U_BF_0/U_BF_0_1/U_FAC8_1_0_1/p_0_out__1/P[47:0] is not pipelined (PREG=0). Pipelining the DSP48 output will improve performance and often saves power so it is suggested whenever possible to fully pipeline this function.  If this DSP48 function was inferred, it is suggested to describe an additional register stage after this function.  If the DSP48 was instantiated in the design, it is suggested to set the PREG attribute to 1.
WARNING: [DRC DPOP-3] PREG Output pipelining: DSP U_FFT_TOP/U_BF_0/U_BF_0_1/U_FAC8_1_0_1/p_0_out__10 output U_FFT_TOP/U_BF_0/U_BF_0_1/U_FAC8_1_0_1/p_0_out__10/P[47:0] is not pipelined (PREG=0). Pipelining the DSP48 output will improve performance and often saves power so it is suggested whenever possible to fully pipeline this function.  If this DSP48 function was inferred, it is suggested to describe an additional register stage after this function.  If the DSP48 was instantiated in the design, it is suggested to set the PREG attribute to 1.
WARNING: [DRC DPOP-3] PREG Output pipelining: DSP U_FFT_TOP/U_BF_0/U_BF_0_1/U_FAC8_1_0_1/p_0_out__11 output U_FFT_TOP/U_BF_0/U_BF_0_1/U_FAC8_1_0_1/p_0_out__11/P[47:0] is not pipelined (PREG=0). Pipelining the DSP48 output will improve performance and often saves power so it is suggested whenever possible to fully pipeline this function.  If this DSP48 function was inferred, it is suggested to describe an additional register stage after this function.  If the DSP48 was instantiated in the design, it is suggested to set the PREG attribute to 1.
WARNING: [DRC DPOP-3] PREG Output pipelining: DSP U_FFT_TOP/U_BF_0/U_BF_0_1/U_FAC8_1_0_1/p_0_out__12 output U_FFT_TOP/U_BF_0/U_BF_0_1/U_FAC8_1_0_1/p_0_out__12/P[47:0] is not pipelined (PREG=0). Pipelining the DSP48 output will improve performance and often saves power so it is suggested whenever possible to fully pipeline this function.  If this DSP48 function was inferred, it is suggested to describe an additional register stage after this function.  If the DSP48 was instantiated in the design, it is suggested to set the PREG attribute to 1.
WARNING: [DRC DPOP-3] PREG Output pipelining: DSP U_FFT_TOP/U_BF_0/U_BF_0_1/U_FAC8_1_0_1/p_0_out__13 output U_FFT_TOP/U_BF_0/U_BF_0_1/U_FAC8_1_0_1/p_0_out__13/P[47:0] is not pipelined (PREG=0). Pipelining the DSP48 output will improve performance and often saves power so it is suggested whenever possible to fully pipeline this function.  If this DSP48 function was inferred, it is suggested to describe an additional register stage after this function.  If the DSP48 was instantiated in the design, it is suggested to set the PREG attribute to 1.
WARNING: [DRC DPOP-3] PREG Output pipelining: DSP U_FFT_TOP/U_BF_0/U_BF_0_1/U_FAC8_1_0_1/p_0_out__14 output U_FFT_TOP/U_BF_0/U_BF_0_1/U_FAC8_1_0_1/p_0_out__14/P[47:0] is not pipelined (PREG=0). Pipelining the DSP48 output will improve performance and often saves power so it is suggested whenever possible to fully pipeline this function.  If this DSP48 function was inferred, it is suggested to describe an additional register stage after this function.  If the DSP48 was instantiated in the design, it is suggested to set the PREG attribute to 1.
WARNING: [DRC DPOP-3] PREG Output pipelining: DSP U_FFT_TOP/U_BF_0/U_BF_0_1/U_FAC8_1_0_1/p_0_out__15 output U_FFT_TOP/U_BF_0/U_BF_0_1/U_FAC8_1_0_1/p_0_out__15/P[47:0] is not pipelined (PREG=0). Pipelining the DSP48 output will improve performance and often saves power so it is suggested whenever possible to fully pipeline this function.  If this DSP48 function was inferred, it is suggested to describe an additional register stage after this function.  If the DSP48 was instantiated in the design, it is suggested to set the PREG attribute to 1.
WARNING: [DRC DPOP-3] PREG Output pipelining: DSP U_FFT_TOP/U_BF_0/U_BF_0_1/U_FAC8_1_0_1/p_0_out__16 output U_FFT_TOP/U_BF_0/U_BF_0_1/U_FAC8_1_0_1/p_0_out__16/P[47:0] is not pipelined (PREG=0). Pipelining the DSP48 output will improve performance and often saves power so it is suggested whenever possible to fully pipeline this function.  If this DSP48 function was inferred, it is suggested to describe an additional register stage after this function.  If the DSP48 was instantiated in the design, it is suggested to set the PREG attribute to 1.
WARNING: [DRC DPOP-3] PREG Output pipelining: DSP U_FFT_TOP/U_BF_0/U_BF_0_1/U_FAC8_1_0_1/p_0_out__17 output U_FFT_TOP/U_BF_0/U_BF_0_1/U_FAC8_1_0_1/p_0_out__17/P[47:0] is not pipelined (PREG=0). Pipelining the DSP48 output will improve performance and often saves power so it is suggested whenever possible to fully pipeline this function.  If this DSP48 function was inferred, it is suggested to describe an additional register stage after this function.  If the DSP48 was instantiated in the design, it is suggested to set the PREG attribute to 1.
WARNING: [DRC DPOP-3] PREG Output pipelining: DSP U_FFT_TOP/U_BF_0/U_BF_0_1/U_FAC8_1_0_1/p_0_out__18 output U_FFT_TOP/U_BF_0/U_BF_0_1/U_FAC8_1_0_1/p_0_out__18/P[47:0] is not pipelined (PREG=0). Pipelining the DSP48 output will improve performance and often saves power so it is suggested whenever possible to fully pipeline this function.  If this DSP48 function was inferred, it is suggested to describe an additional register stage after this function.  If the DSP48 was instantiated in the design, it is suggested to set the PREG attribute to 1.
WARNING: [DRC DPOP-3] PREG Output pipelining: DSP U_FFT_TOP/U_BF_0/U_BF_0_1/U_FAC8_1_0_1/p_0_out__19 output U_FFT_TOP/U_BF_0/U_BF_0_1/U_FAC8_1_0_1/p_0_out__19/P[47:0] is not pipelined (PREG=0). Pipelining the DSP48 output will improve performance and often saves power so it is suggested whenever possible to fully pipeline this function.  If this DSP48 function was inferred, it is suggested to describe an additional register stage after this function.  If the DSP48 was instantiated in the design, it is suggested to set the PREG attribute to 1.
WARNING: [DRC DPOP-3] PREG Output pipelining: DSP U_FFT_TOP/U_BF_0/U_BF_0_1/U_FAC8_1_0_1/p_0_out__2 output U_FFT_TOP/U_BF_0/U_BF_0_1/U_FAC8_1_0_1/p_0_out__2/P[47:0] is not pipelined (PREG=0). Pipelining the DSP48 output will improve performance and often saves power so it is suggested whenever possible to fully pipeline this function.  If this DSP48 function was inferred, it is suggested to describe an additional register stage after this function.  If the DSP48 was instantiated in the design, it is suggested to set the PREG attribute to 1.
WARNING: [DRC DPOP-3] PREG Output pipelining: DSP U_FFT_TOP/U_BF_0/U_BF_0_1/U_FAC8_1_0_1/p_0_out__20 output U_FFT_TOP/U_BF_0/U_BF_0_1/U_FAC8_1_0_1/p_0_out__20/P[47:0] is not pipelined (PREG=0). Pipelining the DSP48 output will improve performance and often saves power so it is suggested whenever possible to fully pipeline this function.  If this DSP48 function was inferred, it is suggested to describe an additional register stage after this function.  If the DSP48 was instantiated in the design, it is suggested to set the PREG attribute to 1.
WARNING: [DRC DPOP-3] PREG Output pipelining: DSP U_FFT_TOP/U_BF_0/U_BF_0_1/U_FAC8_1_0_1/p_0_out__21 output U_FFT_TOP/U_BF_0/U_BF_0_1/U_FAC8_1_0_1/p_0_out__21/P[47:0] is not pipelined (PREG=0). Pipelining the DSP48 output will improve performance and often saves power so it is suggested whenever possible to fully pipeline this function.  If this DSP48 function was inferred, it is suggested to describe an additional register stage after this function.  If the DSP48 was instantiated in the design, it is suggested to set the PREG attribute to 1.
WARNING: [DRC DPOP-3] PREG Output pipelining: DSP U_FFT_TOP/U_BF_0/U_BF_0_1/U_FAC8_1_0_1/p_0_out__22 output U_FFT_TOP/U_BF_0/U_BF_0_1/U_FAC8_1_0_1/p_0_out__22/P[47:0] is not pipelined (PREG=0). Pipelining the DSP48 output will improve performance and often saves power so it is suggested whenever possible to fully pipeline this function.  If this DSP48 function was inferred, it is suggested to describe an additional register stage after this function.  If the DSP48 was instantiated in the design, it is suggested to set the PREG attribute to 1.
WARNING: [DRC DPOP-3] PREG Output pipelining: DSP U_FFT_TOP/U_BF_0/U_BF_0_1/U_FAC8_1_0_1/p_0_out__23 output U_FFT_TOP/U_BF_0/U_BF_0_1/U_FAC8_1_0_1/p_0_out__23/P[47:0] is not pipelined (PREG=0). Pipelining the DSP48 output will improve performance and often saves power so it is suggested whenever possible to fully pipeline this function.  If this DSP48 function was inferred, it is suggested to describe an additional register stage after this function.  If the DSP48 was instantiated in the design, it is suggested to set the PREG attribute to 1.
WARNING: [DRC DPOP-3] PREG Output pipelining: DSP U_FFT_TOP/U_BF_0/U_BF_0_1/U_FAC8_1_0_1/p_0_out__24 output U_FFT_TOP/U_BF_0/U_BF_0_1/U_FAC8_1_0_1/p_0_out__24/P[47:0] is not pipelined (PREG=0). Pipelining the DSP48 output will improve performance and often saves power so it is suggested whenever possible to fully pipeline this function.  If this DSP48 function was inferred, it is suggested to describe an additional register stage after this function.  If the DSP48 was instantiated in the design, it is suggested to set the PREG attribute to 1.
WARNING: [DRC DPOP-3] PREG Output pipelining: DSP U_FFT_TOP/U_BF_0/U_BF_0_1/U_FAC8_1_0_1/p_0_out__25 output U_FFT_TOP/U_BF_0/U_BF_0_1/U_FAC8_1_0_1/p_0_out__25/P[47:0] is not pipelined (PREG=0). Pipelining the DSP48 output will improve performance and often saves power so it is suggested whenever possible to fully pipeline this function.  If this DSP48 function was inferred, it is suggested to describe an additional register stage after this function.  If the DSP48 was instantiated in the design, it is suggested to set the PREG attribute to 1.
WARNING: [DRC DPOP-3] PREG Output pipelining: DSP U_FFT_TOP/U_BF_0/U_BF_0_1/U_FAC8_1_0_1/p_0_out__26 output U_FFT_TOP/U_BF_0/U_BF_0_1/U_FAC8_1_0_1/p_0_out__26/P[47:0] is not pipelined (PREG=0). Pipelining the DSP48 output will improve performance and often saves power so it is suggested whenever possible to fully pipeline this function.  If this DSP48 function was inferred, it is suggested to describe an additional register stage after this function.  If the DSP48 was instantiated in the design, it is suggested to set the PREG attribute to 1.
WARNING: [DRC DPOP-3] PREG Output pipelining: DSP U_FFT_TOP/U_BF_0/U_BF_0_1/U_FAC8_1_0_1/p_0_out__27 output U_FFT_TOP/U_BF_0/U_BF_0_1/U_FAC8_1_0_1/p_0_out__27/P[47:0] is not pipelined (PREG=0). Pipelining the DSP48 output will improve performance and often saves power so it is suggested whenever possible to fully pipeline this function.  If this DSP48 function was inferred, it is suggested to describe an additional register stage after this function.  If the DSP48 was instantiated in the design, it is suggested to set the PREG attribute to 1.
WARNING: [DRC DPOP-3] PREG Output pipelining: DSP U_FFT_TOP/U_BF_0/U_BF_0_1/U_FAC8_1_0_1/p_0_out__28 output U_FFT_TOP/U_BF_0/U_BF_0_1/U_FAC8_1_0_1/p_0_out__28/P[47:0] is not pipelined (PREG=0). Pipelining the DSP48 output will improve performance and often saves power so it is suggested whenever possible to fully pipeline this function.  If this DSP48 function was inferred, it is suggested to describe an additional register stage after this function.  If the DSP48 was instantiated in the design, it is suggested to set the PREG attribute to 1.
WARNING: [DRC DPOP-3] PREG Output pipelining: DSP U_FFT_TOP/U_BF_0/U_BF_0_1/U_FAC8_1_0_1/p_0_out__29 output U_FFT_TOP/U_BF_0/U_BF_0_1/U_FAC8_1_0_1/p_0_out__29/P[47:0] is not pipelined (PREG=0). Pipelining the DSP48 output will improve performance and often saves power so it is suggested whenever possible to fully pipeline this function.  If this DSP48 function was inferred, it is suggested to describe an additional register stage after this function.  If the DSP48 was instantiated in the design, it is suggested to set the PREG attribute to 1.
WARNING: [DRC DPOP-3] PREG Output pipelining: DSP U_FFT_TOP/U_BF_0/U_BF_0_1/U_FAC8_1_0_1/p_0_out__3 output U_FFT_TOP/U_BF_0/U_BF_0_1/U_FAC8_1_0_1/p_0_out__3/P[47:0] is not pipelined (PREG=0). Pipelining the DSP48 output will improve performance and often saves power so it is suggested whenever possible to fully pipeline this function.  If this DSP48 function was inferred, it is suggested to describe an additional register stage after this function.  If the DSP48 was instantiated in the design, it is suggested to set the PREG attribute to 1.
WARNING: [DRC DPOP-3] PREG Output pipelining: DSP U_FFT_TOP/U_BF_0/U_BF_0_1/U_FAC8_1_0_1/p_0_out__30 output U_FFT_TOP/U_BF_0/U_BF_0_1/U_FAC8_1_0_1/p_0_out__30/P[47:0] is not pipelined (PREG=0). Pipelining the DSP48 output will improve performance and often saves power so it is suggested whenever possible to fully pipeline this function.  If this DSP48 function was inferred, it is suggested to describe an additional register stage after this function.  If the DSP48 was instantiated in the design, it is suggested to set the PREG attribute to 1.
WARNING: [DRC DPOP-3] PREG Output pipelining: DSP U_FFT_TOP/U_BF_0/U_BF_0_1/U_FAC8_1_0_1/p_0_out__4 output U_FFT_TOP/U_BF_0/U_BF_0_1/U_FAC8_1_0_1/p_0_out__4/P[47:0] is not pipelined (PREG=0). Pipelining the DSP48 output will improve performance and often saves power so it is suggested whenever possible to fully pipeline this function.  If this DSP48 function was inferred, it is suggested to describe an additional register stage after this function.  If the DSP48 was instantiated in the design, it is suggested to set the PREG attribute to 1.
WARNING: [DRC DPOP-3] PREG Output pipelining: DSP U_FFT_TOP/U_BF_0/U_BF_0_1/U_FAC8_1_0_1/p_0_out__5 output U_FFT_TOP/U_BF_0/U_BF_0_1/U_FAC8_1_0_1/p_0_out__5/P[47:0] is not pipelined (PREG=0). Pipelining the DSP48 output will improve performance and often saves power so it is suggested whenever possible to fully pipeline this function.  If this DSP48 function was inferred, it is suggested to describe an additional register stage after this function.  If the DSP48 was instantiated in the design, it is suggested to set the PREG attribute to 1.
WARNING: [DRC DPOP-3] PREG Output pipelining: DSP U_FFT_TOP/U_BF_0/U_BF_0_1/U_FAC8_1_0_1/p_0_out__6 output U_FFT_TOP/U_BF_0/U_BF_0_1/U_FAC8_1_0_1/p_0_out__6/P[47:0] is not pipelined (PREG=0). Pipelining the DSP48 output will improve performance and often saves power so it is suggested whenever possible to fully pipeline this function.  If this DSP48 function was inferred, it is suggested to describe an additional register stage after this function.  If the DSP48 was instantiated in the design, it is suggested to set the PREG attribute to 1.
WARNING: [DRC DPOP-3] PREG Output pipelining: DSP U_FFT_TOP/U_BF_0/U_BF_0_1/U_FAC8_1_0_1/p_0_out__7 output U_FFT_TOP/U_BF_0/U_BF_0_1/U_FAC8_1_0_1/p_0_out__7/P[47:0] is not pipelined (PREG=0). Pipelining the DSP48 output will improve performance and often saves power so it is suggested whenever possible to fully pipeline this function.  If this DSP48 function was inferred, it is suggested to describe an additional register stage after this function.  If the DSP48 was instantiated in the design, it is suggested to set the PREG attribute to 1.
WARNING: [DRC DPOP-3] PREG Output pipelining: DSP U_FFT_TOP/U_BF_0/U_BF_0_1/U_FAC8_1_0_1/p_0_out__8 output U_FFT_TOP/U_BF_0/U_BF_0_1/U_FAC8_1_0_1/p_0_out__8/P[47:0] is not pipelined (PREG=0). Pipelining the DSP48 output will improve performance and often saves power so it is suggested whenever possible to fully pipeline this function.  If this DSP48 function was inferred, it is suggested to describe an additional register stage after this function.  If the DSP48 was instantiated in the design, it is suggested to set the PREG attribute to 1.
WARNING: [DRC DPOP-3] PREG Output pipelining: DSP U_FFT_TOP/U_BF_0/U_BF_0_1/U_FAC8_1_0_1/p_0_out__9 output U_FFT_TOP/U_BF_0/U_BF_0_1/U_FAC8_1_0_1/p_0_out__9/P[47:0] is not pipelined (PREG=0). Pipelining the DSP48 output will improve performance and often saves power so it is suggested whenever possible to fully pipeline this function.  If this DSP48 function was inferred, it is suggested to describe an additional register stage after this function.  If the DSP48 was instantiated in the design, it is suggested to set the PREG attribute to 1.
WARNING: [DRC DPOP-3] PREG Output pipelining: DSP U_FFT_TOP/U_BF_0/U_BF_0_1/U_FAC8_1_0_1/p_1_out output U_FFT_TOP/U_BF_0/U_BF_0_1/U_FAC8_1_0_1/p_1_out/P[47:0] is not pipelined (PREG=0). Pipelining the DSP48 output will improve performance and often saves power so it is suggested whenever possible to fully pipeline this function.  If this DSP48 function was inferred, it is suggested to describe an additional register stage after this function.  If the DSP48 was instantiated in the design, it is suggested to set the PREG attribute to 1.
WARNING: [DRC DPOP-3] PREG Output pipelining: DSP U_FFT_TOP/U_BF_0/U_BF_0_1/U_FAC8_1_0_1/p_1_out__0 output U_FFT_TOP/U_BF_0/U_BF_0_1/U_FAC8_1_0_1/p_1_out__0/P[47:0] is not pipelined (PREG=0). Pipelining the DSP48 output will improve performance and often saves power so it is suggested whenever possible to fully pipeline this function.  If this DSP48 function was inferred, it is suggested to describe an additional register stage after this function.  If the DSP48 was instantiated in the design, it is suggested to set the PREG attribute to 1.
WARNING: [DRC DPOP-3] PREG Output pipelining: DSP U_FFT_TOP/U_BF_0/U_BF_0_1/U_FAC8_1_0_1/p_1_out__1 output U_FFT_TOP/U_BF_0/U_BF_0_1/U_FAC8_1_0_1/p_1_out__1/P[47:0] is not pipelined (PREG=0). Pipelining the DSP48 output will improve performance and often saves power so it is suggested whenever possible to fully pipeline this function.  If this DSP48 function was inferred, it is suggested to describe an additional register stage after this function.  If the DSP48 was instantiated in the design, it is suggested to set the PREG attribute to 1.
WARNING: [DRC DPOP-3] PREG Output pipelining: DSP U_FFT_TOP/U_BF_0/U_BF_0_1/U_FAC8_1_0_1/p_1_out__10 output U_FFT_TOP/U_BF_0/U_BF_0_1/U_FAC8_1_0_1/p_1_out__10/P[47:0] is not pipelined (PREG=0). Pipelining the DSP48 output will improve performance and often saves power so it is suggested whenever possible to fully pipeline this function.  If this DSP48 function was inferred, it is suggested to describe an additional register stage after this function.  If the DSP48 was instantiated in the design, it is suggested to set the PREG attribute to 1.
WARNING: [DRC DPOP-3] PREG Output pipelining: DSP U_FFT_TOP/U_BF_0/U_BF_0_1/U_FAC8_1_0_1/p_1_out__11 output U_FFT_TOP/U_BF_0/U_BF_0_1/U_FAC8_1_0_1/p_1_out__11/P[47:0] is not pipelined (PREG=0). Pipelining the DSP48 output will improve performance and often saves power so it is suggested whenever possible to fully pipeline this function.  If this DSP48 function was inferred, it is suggested to describe an additional register stage after this function.  If the DSP48 was instantiated in the design, it is suggested to set the PREG attribute to 1.
WARNING: [DRC DPOP-3] PREG Output pipelining: DSP U_FFT_TOP/U_BF_0/U_BF_0_1/U_FAC8_1_0_1/p_1_out__12 output U_FFT_TOP/U_BF_0/U_BF_0_1/U_FAC8_1_0_1/p_1_out__12/P[47:0] is not pipelined (PREG=0). Pipelining the DSP48 output will improve performance and often saves power so it is suggested whenever possible to fully pipeline this function.  If this DSP48 function was inferred, it is suggested to describe an additional register stage after this function.  If the DSP48 was instantiated in the design, it is suggested to set the PREG attribute to 1.
WARNING: [DRC DPOP-3] PREG Output pipelining: DSP U_FFT_TOP/U_BF_0/U_BF_0_1/U_FAC8_1_0_1/p_1_out__13 output U_FFT_TOP/U_BF_0/U_BF_0_1/U_FAC8_1_0_1/p_1_out__13/P[47:0] is not pipelined (PREG=0). Pipelining the DSP48 output will improve performance and often saves power so it is suggested whenever possible to fully pipeline this function.  If this DSP48 function was inferred, it is suggested to describe an additional register stage after this function.  If the DSP48 was instantiated in the design, it is suggested to set the PREG attribute to 1.
WARNING: [DRC DPOP-3] PREG Output pipelining: DSP U_FFT_TOP/U_BF_0/U_BF_0_1/U_FAC8_1_0_1/p_1_out__14 output U_FFT_TOP/U_BF_0/U_BF_0_1/U_FAC8_1_0_1/p_1_out__14/P[47:0] is not pipelined (PREG=0). Pipelining the DSP48 output will improve performance and often saves power so it is suggested whenever possible to fully pipeline this function.  If this DSP48 function was inferred, it is suggested to describe an additional register stage after this function.  If the DSP48 was instantiated in the design, it is suggested to set the PREG attribute to 1.
WARNING: [DRC DPOP-3] PREG Output pipelining: DSP U_FFT_TOP/U_BF_0/U_BF_0_1/U_FAC8_1_0_1/p_1_out__2 output U_FFT_TOP/U_BF_0/U_BF_0_1/U_FAC8_1_0_1/p_1_out__2/P[47:0] is not pipelined (PREG=0). Pipelining the DSP48 output will improve performance and often saves power so it is suggested whenever possible to fully pipeline this function.  If this DSP48 function was inferred, it is suggested to describe an additional register stage after this function.  If the DSP48 was instantiated in the design, it is suggested to set the PREG attribute to 1.
WARNING: [DRC DPOP-3] PREG Output pipelining: DSP U_FFT_TOP/U_BF_0/U_BF_0_1/U_FAC8_1_0_1/p_1_out__3 output U_FFT_TOP/U_BF_0/U_BF_0_1/U_FAC8_1_0_1/p_1_out__3/P[47:0] is not pipelined (PREG=0). Pipelining the DSP48 output will improve performance and often saves power so it is suggested whenever possible to fully pipeline this function.  If this DSP48 function was inferred, it is suggested to describe an additional register stage after this function.  If the DSP48 was instantiated in the design, it is suggested to set the PREG attribute to 1.
WARNING: [DRC DPOP-3] PREG Output pipelining: DSP U_FFT_TOP/U_BF_0/U_BF_0_1/U_FAC8_1_0_1/p_1_out__4 output U_FFT_TOP/U_BF_0/U_BF_0_1/U_FAC8_1_0_1/p_1_out__4/P[47:0] is not pipelined (PREG=0). Pipelining the DSP48 output will improve performance and often saves power so it is suggested whenever possible to fully pipeline this function.  If this DSP48 function was inferred, it is suggested to describe an additional register stage after this function.  If the DSP48 was instantiated in the design, it is suggested to set the PREG attribute to 1.
WARNING: [DRC DPOP-3] PREG Output pipelining: DSP U_FFT_TOP/U_BF_0/U_BF_0_1/U_FAC8_1_0_1/p_1_out__5 output U_FFT_TOP/U_BF_0/U_BF_0_1/U_FAC8_1_0_1/p_1_out__5/P[47:0] is not pipelined (PREG=0). Pipelining the DSP48 output will improve performance and often saves power so it is suggested whenever possible to fully pipeline this function.  If this DSP48 function was inferred, it is suggested to describe an additional register stage after this function.  If the DSP48 was instantiated in the design, it is suggested to set the PREG attribute to 1.
WARNING: [DRC DPOP-3] PREG Output pipelining: DSP U_FFT_TOP/U_BF_0/U_BF_0_1/U_FAC8_1_0_1/p_1_out__6 output U_FFT_TOP/U_BF_0/U_BF_0_1/U_FAC8_1_0_1/p_1_out__6/P[47:0] is not pipelined (PREG=0). Pipelining the DSP48 output will improve performance and often saves power so it is suggested whenever possible to fully pipeline this function.  If this DSP48 function was inferred, it is suggested to describe an additional register stage after this function.  If the DSP48 was instantiated in the design, it is suggested to set the PREG attribute to 1.
WARNING: [DRC DPOP-3] PREG Output pipelining: DSP U_FFT_TOP/U_BF_0/U_BF_0_1/U_FAC8_1_0_1/p_1_out__7 output U_FFT_TOP/U_BF_0/U_BF_0_1/U_FAC8_1_0_1/p_1_out__7/P[47:0] is not pipelined (PREG=0). Pipelining the DSP48 output will improve performance and often saves power so it is suggested whenever possible to fully pipeline this function.  If this DSP48 function was inferred, it is suggested to describe an additional register stage after this function.  If the DSP48 was instantiated in the design, it is suggested to set the PREG attribute to 1.
WARNING: [DRC DPOP-3] PREG Output pipelining: DSP U_FFT_TOP/U_BF_0/U_BF_0_1/U_FAC8_1_0_1/p_1_out__8 output U_FFT_TOP/U_BF_0/U_BF_0_1/U_FAC8_1_0_1/p_1_out__8/P[47:0] is not pipelined (PREG=0). Pipelining the DSP48 output will improve performance and often saves power so it is suggested whenever possible to fully pipeline this function.  If this DSP48 function was inferred, it is suggested to describe an additional register stage after this function.  If the DSP48 was instantiated in the design, it is suggested to set the PREG attribute to 1.
WARNING: [DRC DPOP-3] PREG Output pipelining: DSP U_FFT_TOP/U_BF_0/U_BF_0_1/U_FAC8_1_0_1/p_1_out__9 output U_FFT_TOP/U_BF_0/U_BF_0_1/U_FAC8_1_0_1/p_1_out__9/P[47:0] is not pipelined (PREG=0). Pipelining the DSP48 output will improve performance and often saves power so it is suggested whenever possible to fully pipeline this function.  If this DSP48 function was inferred, it is suggested to describe an additional register stage after this function.  If the DSP48 was instantiated in the design, it is suggested to set the PREG attribute to 1.
WARNING: [DRC DPOP-3] PREG Output pipelining: DSP U_FFT_TOP/U_BF_1/U_BF_1_1/U_FAC8_1_1_1/p_0_out output U_FFT_TOP/U_BF_1/U_BF_1_1/U_FAC8_1_1_1/p_0_out/P[47:0] is not pipelined (PREG=0). Pipelining the DSP48 output will improve performance and often saves power so it is suggested whenever possible to fully pipeline this function.  If this DSP48 function was inferred, it is suggested to describe an additional register stage after this function.  If the DSP48 was instantiated in the design, it is suggested to set the PREG attribute to 1.
WARNING: [DRC DPOP-3] PREG Output pipelining: DSP U_FFT_TOP/U_BF_1/U_BF_1_1/U_FAC8_1_1_1/p_0_out__0 output U_FFT_TOP/U_BF_1/U_BF_1_1/U_FAC8_1_1_1/p_0_out__0/P[47:0] is not pipelined (PREG=0). Pipelining the DSP48 output will improve performance and often saves power so it is suggested whenever possible to fully pipeline this function.  If this DSP48 function was inferred, it is suggested to describe an additional register stage after this function.  If the DSP48 was instantiated in the design, it is suggested to set the PREG attribute to 1.
WARNING: [DRC DPOP-3] PREG Output pipelining: DSP U_FFT_TOP/U_BF_1/U_BF_1_1/U_FAC8_1_1_1/p_0_out__1 output U_FFT_TOP/U_BF_1/U_BF_1_1/U_FAC8_1_1_1/p_0_out__1/P[47:0] is not pipelined (PREG=0). Pipelining the DSP48 output will improve performance and often saves power so it is suggested whenever possible to fully pipeline this function.  If this DSP48 function was inferred, it is suggested to describe an additional register stage after this function.  If the DSP48 was instantiated in the design, it is suggested to set the PREG attribute to 1.
WARNING: [DRC DPOP-3] PREG Output pipelining: DSP U_FFT_TOP/U_BF_1/U_BF_1_1/U_FAC8_1_1_1/p_0_out__10 output U_FFT_TOP/U_BF_1/U_BF_1_1/U_FAC8_1_1_1/p_0_out__10/P[47:0] is not pipelined (PREG=0). Pipelining the DSP48 output will improve performance and often saves power so it is suggested whenever possible to fully pipeline this function.  If this DSP48 function was inferred, it is suggested to describe an additional register stage after this function.  If the DSP48 was instantiated in the design, it is suggested to set the PREG attribute to 1.
WARNING: [DRC DPOP-3] PREG Output pipelining: DSP U_FFT_TOP/U_BF_1/U_BF_1_1/U_FAC8_1_1_1/p_0_out__11 output U_FFT_TOP/U_BF_1/U_BF_1_1/U_FAC8_1_1_1/p_0_out__11/P[47:0] is not pipelined (PREG=0). Pipelining the DSP48 output will improve performance and often saves power so it is suggested whenever possible to fully pipeline this function.  If this DSP48 function was inferred, it is suggested to describe an additional register stage after this function.  If the DSP48 was instantiated in the design, it is suggested to set the PREG attribute to 1.
WARNING: [DRC DPOP-3] PREG Output pipelining: DSP U_FFT_TOP/U_BF_1/U_BF_1_1/U_FAC8_1_1_1/p_0_out__12 output U_FFT_TOP/U_BF_1/U_BF_1_1/U_FAC8_1_1_1/p_0_out__12/P[47:0] is not pipelined (PREG=0). Pipelining the DSP48 output will improve performance and often saves power so it is suggested whenever possible to fully pipeline this function.  If this DSP48 function was inferred, it is suggested to describe an additional register stage after this function.  If the DSP48 was instantiated in the design, it is suggested to set the PREG attribute to 1.
WARNING: [DRC DPOP-3] PREG Output pipelining: DSP U_FFT_TOP/U_BF_1/U_BF_1_1/U_FAC8_1_1_1/p_0_out__13 output U_FFT_TOP/U_BF_1/U_BF_1_1/U_FAC8_1_1_1/p_0_out__13/P[47:0] is not pipelined (PREG=0). Pipelining the DSP48 output will improve performance and often saves power so it is suggested whenever possible to fully pipeline this function.  If this DSP48 function was inferred, it is suggested to describe an additional register stage after this function.  If the DSP48 was instantiated in the design, it is suggested to set the PREG attribute to 1.
WARNING: [DRC DPOP-3] PREG Output pipelining: DSP U_FFT_TOP/U_BF_1/U_BF_1_1/U_FAC8_1_1_1/p_0_out__14 output U_FFT_TOP/U_BF_1/U_BF_1_1/U_FAC8_1_1_1/p_0_out__14/P[47:0] is not pipelined (PREG=0). Pipelining the DSP48 output will improve performance and often saves power so it is suggested whenever possible to fully pipeline this function.  If this DSP48 function was inferred, it is suggested to describe an additional register stage after this function.  If the DSP48 was instantiated in the design, it is suggested to set the PREG attribute to 1.
WARNING: [DRC DPOP-3] PREG Output pipelining: DSP U_FFT_TOP/U_BF_1/U_BF_1_1/U_FAC8_1_1_1/p_0_out__2 output U_FFT_TOP/U_BF_1/U_BF_1_1/U_FAC8_1_1_1/p_0_out__2/P[47:0] is not pipelined (PREG=0). Pipelining the DSP48 output will improve performance and often saves power so it is suggested whenever possible to fully pipeline this function.  If this DSP48 function was inferred, it is suggested to describe an additional register stage after this function.  If the DSP48 was instantiated in the design, it is suggested to set the PREG attribute to 1.
WARNING: [DRC DPOP-3] PREG Output pipelining: DSP U_FFT_TOP/U_BF_1/U_BF_1_1/U_FAC8_1_1_1/p_0_out__3 output U_FFT_TOP/U_BF_1/U_BF_1_1/U_FAC8_1_1_1/p_0_out__3/P[47:0] is not pipelined (PREG=0). Pipelining the DSP48 output will improve performance and often saves power so it is suggested whenever possible to fully pipeline this function.  If this DSP48 function was inferred, it is suggested to describe an additional register stage after this function.  If the DSP48 was instantiated in the design, it is suggested to set the PREG attribute to 1.
WARNING: [DRC DPOP-3] PREG Output pipelining: DSP U_FFT_TOP/U_BF_1/U_BF_1_1/U_FAC8_1_1_1/p_0_out__4 output U_FFT_TOP/U_BF_1/U_BF_1_1/U_FAC8_1_1_1/p_0_out__4/P[47:0] is not pipelined (PREG=0). Pipelining the DSP48 output will improve performance and often saves power so it is suggested whenever possible to fully pipeline this function.  If this DSP48 function was inferred, it is suggested to describe an additional register stage after this function.  If the DSP48 was instantiated in the design, it is suggested to set the PREG attribute to 1.
WARNING: [DRC DPOP-3] PREG Output pipelining: DSP U_FFT_TOP/U_BF_1/U_BF_1_1/U_FAC8_1_1_1/p_0_out__5 output U_FFT_TOP/U_BF_1/U_BF_1_1/U_FAC8_1_1_1/p_0_out__5/P[47:0] is not pipelined (PREG=0). Pipelining the DSP48 output will improve performance and often saves power so it is suggested whenever possible to fully pipeline this function.  If this DSP48 function was inferred, it is suggested to describe an additional register stage after this function.  If the DSP48 was instantiated in the design, it is suggested to set the PREG attribute to 1.
WARNING: [DRC DPOP-3] PREG Output pipelining: DSP U_FFT_TOP/U_BF_1/U_BF_1_1/U_FAC8_1_1_1/p_0_out__6 output U_FFT_TOP/U_BF_1/U_BF_1_1/U_FAC8_1_1_1/p_0_out__6/P[47:0] is not pipelined (PREG=0). Pipelining the DSP48 output will improve performance and often saves power so it is suggested whenever possible to fully pipeline this function.  If this DSP48 function was inferred, it is suggested to describe an additional register stage after this function.  If the DSP48 was instantiated in the design, it is suggested to set the PREG attribute to 1.
WARNING: [DRC DPOP-3] PREG Output pipelining: DSP U_FFT_TOP/U_BF_1/U_BF_1_1/U_FAC8_1_1_1/p_0_out__7 output U_FFT_TOP/U_BF_1/U_BF_1_1/U_FAC8_1_1_1/p_0_out__7/P[47:0] is not pipelined (PREG=0). Pipelining the DSP48 output will improve performance and often saves power so it is suggested whenever possible to fully pipeline this function.  If this DSP48 function was inferred, it is suggested to describe an additional register stage after this function.  If the DSP48 was instantiated in the design, it is suggested to set the PREG attribute to 1.
WARNING: [DRC DPOP-3] PREG Output pipelining: DSP U_FFT_TOP/U_BF_1/U_BF_1_1/U_FAC8_1_1_1/p_0_out__8 output U_FFT_TOP/U_BF_1/U_BF_1_1/U_FAC8_1_1_1/p_0_out__8/P[47:0] is not pipelined (PREG=0). Pipelining the DSP48 output will improve performance and often saves power so it is suggested whenever possible to fully pipeline this function.  If this DSP48 function was inferred, it is suggested to describe an additional register stage after this function.  If the DSP48 was instantiated in the design, it is suggested to set the PREG attribute to 1.
WARNING: [DRC DPOP-3] PREG Output pipelining: DSP U_FFT_TOP/U_BF_1/U_BF_1_1/U_FAC8_1_1_1/p_0_out__9 output U_FFT_TOP/U_BF_1/U_BF_1_1/U_FAC8_1_1_1/p_0_out__9/P[47:0] is not pipelined (PREG=0). Pipelining the DSP48 output will improve performance and often saves power so it is suggested whenever possible to fully pipeline this function.  If this DSP48 function was inferred, it is suggested to describe an additional register stage after this function.  If the DSP48 was instantiated in the design, it is suggested to set the PREG attribute to 1.
WARNING: [DRC DPOP-3] PREG Output pipelining: DSP U_FFT_TOP/U_BF_1/U_BF_1_1/U_FAC8_1_1_1/p_1_out output U_FFT_TOP/U_BF_1/U_BF_1_1/U_FAC8_1_1_1/p_1_out/P[47:0] is not pipelined (PREG=0). Pipelining the DSP48 output will improve performance and often saves power so it is suggested whenever possible to fully pipeline this function.  If this DSP48 function was inferred, it is suggested to describe an additional register stage after this function.  If the DSP48 was instantiated in the design, it is suggested to set the PREG attribute to 1.
WARNING: [DRC DPOP-3] PREG Output pipelining: DSP U_FFT_TOP/U_BF_1/U_BF_1_1/U_FAC8_1_1_1/p_1_out__0 output U_FFT_TOP/U_BF_1/U_BF_1_1/U_FAC8_1_1_1/p_1_out__0/P[47:0] is not pipelined (PREG=0). Pipelining the DSP48 output will improve performance and often saves power so it is suggested whenever possible to fully pipeline this function.  If this DSP48 function was inferred, it is suggested to describe an additional register stage after this function.  If the DSP48 was instantiated in the design, it is suggested to set the PREG attribute to 1.
WARNING: [DRC DPOP-3] PREG Output pipelining: DSP U_FFT_TOP/U_BF_1/U_BF_1_1/U_FAC8_1_1_1/p_1_out__1 output U_FFT_TOP/U_BF_1/U_BF_1_1/U_FAC8_1_1_1/p_1_out__1/P[47:0] is not pipelined (PREG=0). Pipelining the DSP48 output will improve performance and often saves power so it is suggested whenever possible to fully pipeline this function.  If this DSP48 function was inferred, it is suggested to describe an additional register stage after this function.  If the DSP48 was instantiated in the design, it is suggested to set the PREG attribute to 1.
WARNING: [DRC DPOP-3] PREG Output pipelining: DSP U_FFT_TOP/U_BF_1/U_BF_1_1/U_FAC8_1_1_1/p_1_out__2 output U_FFT_TOP/U_BF_1/U_BF_1_1/U_FAC8_1_1_1/p_1_out__2/P[47:0] is not pipelined (PREG=0). Pipelining the DSP48 output will improve performance and often saves power so it is suggested whenever possible to fully pipeline this function.  If this DSP48 function was inferred, it is suggested to describe an additional register stage after this function.  If the DSP48 was instantiated in the design, it is suggested to set the PREG attribute to 1.
WARNING: [DRC DPOP-3] PREG Output pipelining: DSP U_FFT_TOP/U_BF_1/U_BF_1_1/U_FAC8_1_1_1/p_1_out__3 output U_FFT_TOP/U_BF_1/U_BF_1_1/U_FAC8_1_1_1/p_1_out__3/P[47:0] is not pipelined (PREG=0). Pipelining the DSP48 output will improve performance and often saves power so it is suggested whenever possible to fully pipeline this function.  If this DSP48 function was inferred, it is suggested to describe an additional register stage after this function.  If the DSP48 was instantiated in the design, it is suggested to set the PREG attribute to 1.
WARNING: [DRC DPOP-3] PREG Output pipelining: DSP U_FFT_TOP/U_BF_1/U_BF_1_1/U_FAC8_1_1_1/p_1_out__4 output U_FFT_TOP/U_BF_1/U_BF_1_1/U_FAC8_1_1_1/p_1_out__4/P[47:0] is not pipelined (PREG=0). Pipelining the DSP48 output will improve performance and often saves power so it is suggested whenever possible to fully pipeline this function.  If this DSP48 function was inferred, it is suggested to describe an additional register stage after this function.  If the DSP48 was instantiated in the design, it is suggested to set the PREG attribute to 1.
WARNING: [DRC DPOP-3] PREG Output pipelining: DSP U_FFT_TOP/U_BF_1/U_BF_1_1/U_FAC8_1_1_1/p_1_out__5 output U_FFT_TOP/U_BF_1/U_BF_1_1/U_FAC8_1_1_1/p_1_out__5/P[47:0] is not pipelined (PREG=0). Pipelining the DSP48 output will improve performance and often saves power so it is suggested whenever possible to fully pipeline this function.  If this DSP48 function was inferred, it is suggested to describe an additional register stage after this function.  If the DSP48 was instantiated in the design, it is suggested to set the PREG attribute to 1.
WARNING: [DRC DPOP-3] PREG Output pipelining: DSP U_FFT_TOP/U_BF_1/U_BF_1_1/U_FAC8_1_1_1/p_1_out__6 output U_FFT_TOP/U_BF_1/U_BF_1_1/U_FAC8_1_1_1/p_1_out__6/P[47:0] is not pipelined (PREG=0). Pipelining the DSP48 output will improve performance and often saves power so it is suggested whenever possible to fully pipeline this function.  If this DSP48 function was inferred, it is suggested to describe an additional register stage after this function.  If the DSP48 was instantiated in the design, it is suggested to set the PREG attribute to 1.
WARNING: [DRC DPOP-3] PREG Output pipelining: DSP U_FFT_TOP/U_BF_2/U_BF_2_1/U_FAC8_1_2_1/p_20_in output U_FFT_TOP/U_BF_2/U_BF_2_1/U_FAC8_1_2_1/p_20_in/P[47:0] is not pipelined (PREG=0). Pipelining the DSP48 output will improve performance and often saves power so it is suggested whenever possible to fully pipeline this function.  If this DSP48 function was inferred, it is suggested to describe an additional register stage after this function.  If the DSP48 was instantiated in the design, it is suggested to set the PREG attribute to 1.
WARNING: [DRC DPOP-3] PREG Output pipelining: DSP U_FFT_TOP/U_BF_2/U_BF_2_1/U_FAC8_1_2_1/p_32_in output U_FFT_TOP/U_BF_2/U_BF_2_1/U_FAC8_1_2_1/p_32_in/P[47:0] is not pipelined (PREG=0). Pipelining the DSP48 output will improve performance and often saves power so it is suggested whenever possible to fully pipeline this function.  If this DSP48 function was inferred, it is suggested to describe an additional register stage after this function.  If the DSP48 was instantiated in the design, it is suggested to set the PREG attribute to 1.
WARNING: [DRC DPOP-3] PREG Output pipelining: DSP U_FFT_TOP/U_BF_2/U_BF_2_1/U_FAC8_1_2_1/p_48_in output U_FFT_TOP/U_BF_2/U_BF_2_1/U_FAC8_1_2_1/p_48_in/P[47:0] is not pipelined (PREG=0). Pipelining the DSP48 output will improve performance and often saves power so it is suggested whenever possible to fully pipeline this function.  If this DSP48 function was inferred, it is suggested to describe an additional register stage after this function.  If the DSP48 was instantiated in the design, it is suggested to set the PREG attribute to 1.
WARNING: [DRC DPOP-3] PREG Output pipelining: DSP U_FFT_TOP/U_BF_2/U_BF_2_1/U_FAC8_1_2_1/p_4_in output U_FFT_TOP/U_BF_2/U_BF_2_1/U_FAC8_1_2_1/p_4_in/P[47:0] is not pipelined (PREG=0). Pipelining the DSP48 output will improve performance and often saves power so it is suggested whenever possible to fully pipeline this function.  If this DSP48 function was inferred, it is suggested to describe an additional register stage after this function.  If the DSP48 was instantiated in the design, it is suggested to set the PREG attribute to 1.
WARNING: [DRC DPOP-3] PREG Output pipelining: DSP U_FFT_TOP/U_BF_2/p_0_out output U_FFT_TOP/U_BF_2/p_0_out/P[47:0] is not pipelined (PREG=0). Pipelining the DSP48 output will improve performance and often saves power so it is suggested whenever possible to fully pipeline this function.  If this DSP48 function was inferred, it is suggested to describe an additional register stage after this function.  If the DSP48 was instantiated in the design, it is suggested to set the PREG attribute to 1.
WARNING: [DRC DPOP-3] PREG Output pipelining: DSP U_FFT_TOP/U_BF_2/p_0_out__0 output U_FFT_TOP/U_BF_2/p_0_out__0/P[47:0] is not pipelined (PREG=0). Pipelining the DSP48 output will improve performance and often saves power so it is suggested whenever possible to fully pipeline this function.  If this DSP48 function was inferred, it is suggested to describe an additional register stage after this function.  If the DSP48 was instantiated in the design, it is suggested to set the PREG attribute to 1.
WARNING: [DRC DPOP-3] PREG Output pipelining: DSP U_FFT_TOP/U_BF_2/p_0_out__1 output U_FFT_TOP/U_BF_2/p_0_out__1/P[47:0] is not pipelined (PREG=0). Pipelining the DSP48 output will improve performance and often saves power so it is suggested whenever possible to fully pipeline this function.  If this DSP48 function was inferred, it is suggested to describe an additional register stage after this function.  If the DSP48 was instantiated in the design, it is suggested to set the PREG attribute to 1.
WARNING: [DRC DPOP-3] PREG Output pipelining: DSP U_FFT_TOP/U_BF_2/p_0_out__2 output U_FFT_TOP/U_BF_2/p_0_out__2/P[47:0] is not pipelined (PREG=0). Pipelining the DSP48 output will improve performance and often saves power so it is suggested whenever possible to fully pipeline this function.  If this DSP48 function was inferred, it is suggested to describe an additional register stage after this function.  If the DSP48 was instantiated in the design, it is suggested to set the PREG attribute to 1.
WARNING: [DRC DPOP-3] PREG Output pipelining: DSP U_FFT_TOP/U_BF_2/p_0_out__3 output U_FFT_TOP/U_BF_2/p_0_out__3/P[47:0] is not pipelined (PREG=0). Pipelining the DSP48 output will improve performance and often saves power so it is suggested whenever possible to fully pipeline this function.  If this DSP48 function was inferred, it is suggested to describe an additional register stage after this function.  If the DSP48 was instantiated in the design, it is suggested to set the PREG attribute to 1.
WARNING: [DRC DPOP-3] PREG Output pipelining: DSP U_FFT_TOP/U_BF_2/p_0_out__4 output U_FFT_TOP/U_BF_2/p_0_out__4/P[47:0] is not pipelined (PREG=0). Pipelining the DSP48 output will improve performance and often saves power so it is suggested whenever possible to fully pipeline this function.  If this DSP48 function was inferred, it is suggested to describe an additional register stage after this function.  If the DSP48 was instantiated in the design, it is suggested to set the PREG attribute to 1.
WARNING: [DRC DPOP-4] MREG Output pipelining: DSP U_FFT_TOP/U_BF_0/U_BF_0_1/U_FAC8_1_0_1/p_0_out multiplier stage U_FFT_TOP/U_BF_0/U_BF_0_1/U_FAC8_1_0_1/p_0_out/P[47:0] is not pipelined (MREG=0). Pipelining the multiplier function will improve performance and will save significant power so it is suggested whenever possible to fully pipeline this function.  If this multiplier was inferred, it is suggested to describe an additional register stage after this function.  If there is no registered adder/accumulator following the multiply function, two pipeline stages are suggested to allow both the MREG and PREG registers to be used.  If the DSP48 was instantiated in the design, it is suggested to set both the MREG and PREG attributes to 1 when performing multiply functions.
WARNING: [DRC DPOP-4] MREG Output pipelining: DSP U_FFT_TOP/U_BF_0/U_BF_0_1/U_FAC8_1_0_1/p_0_out__0 multiplier stage U_FFT_TOP/U_BF_0/U_BF_0_1/U_FAC8_1_0_1/p_0_out__0/P[47:0] is not pipelined (MREG=0). Pipelining the multiplier function will improve performance and will save significant power so it is suggested whenever possible to fully pipeline this function.  If this multiplier was inferred, it is suggested to describe an additional register stage after this function.  If there is no registered adder/accumulator following the multiply function, two pipeline stages are suggested to allow both the MREG and PREG registers to be used.  If the DSP48 was instantiated in the design, it is suggested to set both the MREG and PREG attributes to 1 when performing multiply functions.
WARNING: [DRC DPOP-4] MREG Output pipelining: DSP U_FFT_TOP/U_BF_0/U_BF_0_1/U_FAC8_1_0_1/p_0_out__1 multiplier stage U_FFT_TOP/U_BF_0/U_BF_0_1/U_FAC8_1_0_1/p_0_out__1/P[47:0] is not pipelined (MREG=0). Pipelining the multiplier function will improve performance and will save significant power so it is suggested whenever possible to fully pipeline this function.  If this multiplier was inferred, it is suggested to describe an additional register stage after this function.  If there is no registered adder/accumulator following the multiply function, two pipeline stages are suggested to allow both the MREG and PREG registers to be used.  If the DSP48 was instantiated in the design, it is suggested to set both the MREG and PREG attributes to 1 when performing multiply functions.
WARNING: [DRC DPOP-4] MREG Output pipelining: DSP U_FFT_TOP/U_BF_0/U_BF_0_1/U_FAC8_1_0_1/p_0_out__10 multiplier stage U_FFT_TOP/U_BF_0/U_BF_0_1/U_FAC8_1_0_1/p_0_out__10/P[47:0] is not pipelined (MREG=0). Pipelining the multiplier function will improve performance and will save significant power so it is suggested whenever possible to fully pipeline this function.  If this multiplier was inferred, it is suggested to describe an additional register stage after this function.  If there is no registered adder/accumulator following the multiply function, two pipeline stages are suggested to allow both the MREG and PREG registers to be used.  If the DSP48 was instantiated in the design, it is suggested to set both the MREG and PREG attributes to 1 when performing multiply functions.
WARNING: [DRC DPOP-4] MREG Output pipelining: DSP U_FFT_TOP/U_BF_0/U_BF_0_1/U_FAC8_1_0_1/p_0_out__11 multiplier stage U_FFT_TOP/U_BF_0/U_BF_0_1/U_FAC8_1_0_1/p_0_out__11/P[47:0] is not pipelined (MREG=0). Pipelining the multiplier function will improve performance and will save significant power so it is suggested whenever possible to fully pipeline this function.  If this multiplier was inferred, it is suggested to describe an additional register stage after this function.  If there is no registered adder/accumulator following the multiply function, two pipeline stages are suggested to allow both the MREG and PREG registers to be used.  If the DSP48 was instantiated in the design, it is suggested to set both the MREG and PREG attributes to 1 when performing multiply functions.
WARNING: [DRC DPOP-4] MREG Output pipelining: DSP U_FFT_TOP/U_BF_0/U_BF_0_1/U_FAC8_1_0_1/p_0_out__12 multiplier stage U_FFT_TOP/U_BF_0/U_BF_0_1/U_FAC8_1_0_1/p_0_out__12/P[47:0] is not pipelined (MREG=0). Pipelining the multiplier function will improve performance and will save significant power so it is suggested whenever possible to fully pipeline this function.  If this multiplier was inferred, it is suggested to describe an additional register stage after this function.  If there is no registered adder/accumulator following the multiply function, two pipeline stages are suggested to allow both the MREG and PREG registers to be used.  If the DSP48 was instantiated in the design, it is suggested to set both the MREG and PREG attributes to 1 when performing multiply functions.
WARNING: [DRC DPOP-4] MREG Output pipelining: DSP U_FFT_TOP/U_BF_0/U_BF_0_1/U_FAC8_1_0_1/p_0_out__13 multiplier stage U_FFT_TOP/U_BF_0/U_BF_0_1/U_FAC8_1_0_1/p_0_out__13/P[47:0] is not pipelined (MREG=0). Pipelining the multiplier function will improve performance and will save significant power so it is suggested whenever possible to fully pipeline this function.  If this multiplier was inferred, it is suggested to describe an additional register stage after this function.  If there is no registered adder/accumulator following the multiply function, two pipeline stages are suggested to allow both the MREG and PREG registers to be used.  If the DSP48 was instantiated in the design, it is suggested to set both the MREG and PREG attributes to 1 when performing multiply functions.
WARNING: [DRC DPOP-4] MREG Output pipelining: DSP U_FFT_TOP/U_BF_0/U_BF_0_1/U_FAC8_1_0_1/p_0_out__14 multiplier stage U_FFT_TOP/U_BF_0/U_BF_0_1/U_FAC8_1_0_1/p_0_out__14/P[47:0] is not pipelined (MREG=0). Pipelining the multiplier function will improve performance and will save significant power so it is suggested whenever possible to fully pipeline this function.  If this multiplier was inferred, it is suggested to describe an additional register stage after this function.  If there is no registered adder/accumulator following the multiply function, two pipeline stages are suggested to allow both the MREG and PREG registers to be used.  If the DSP48 was instantiated in the design, it is suggested to set both the MREG and PREG attributes to 1 when performing multiply functions.
WARNING: [DRC DPOP-4] MREG Output pipelining: DSP U_FFT_TOP/U_BF_0/U_BF_0_1/U_FAC8_1_0_1/p_0_out__15 multiplier stage U_FFT_TOP/U_BF_0/U_BF_0_1/U_FAC8_1_0_1/p_0_out__15/P[47:0] is not pipelined (MREG=0). Pipelining the multiplier function will improve performance and will save significant power so it is suggested whenever possible to fully pipeline this function.  If this multiplier was inferred, it is suggested to describe an additional register stage after this function.  If there is no registered adder/accumulator following the multiply function, two pipeline stages are suggested to allow both the MREG and PREG registers to be used.  If the DSP48 was instantiated in the design, it is suggested to set both the MREG and PREG attributes to 1 when performing multiply functions.
WARNING: [DRC DPOP-4] MREG Output pipelining: DSP U_FFT_TOP/U_BF_0/U_BF_0_1/U_FAC8_1_0_1/p_0_out__16 multiplier stage U_FFT_TOP/U_BF_0/U_BF_0_1/U_FAC8_1_0_1/p_0_out__16/P[47:0] is not pipelined (MREG=0). Pipelining the multiplier function will improve performance and will save significant power so it is suggested whenever possible to fully pipeline this function.  If this multiplier was inferred, it is suggested to describe an additional register stage after this function.  If there is no registered adder/accumulator following the multiply function, two pipeline stages are suggested to allow both the MREG and PREG registers to be used.  If the DSP48 was instantiated in the design, it is suggested to set both the MREG and PREG attributes to 1 when performing multiply functions.
WARNING: [DRC DPOP-4] MREG Output pipelining: DSP U_FFT_TOP/U_BF_0/U_BF_0_1/U_FAC8_1_0_1/p_0_out__17 multiplier stage U_FFT_TOP/U_BF_0/U_BF_0_1/U_FAC8_1_0_1/p_0_out__17/P[47:0] is not pipelined (MREG=0). Pipelining the multiplier function will improve performance and will save significant power so it is suggested whenever possible to fully pipeline this function.  If this multiplier was inferred, it is suggested to describe an additional register stage after this function.  If there is no registered adder/accumulator following the multiply function, two pipeline stages are suggested to allow both the MREG and PREG registers to be used.  If the DSP48 was instantiated in the design, it is suggested to set both the MREG and PREG attributes to 1 when performing multiply functions.
WARNING: [DRC DPOP-4] MREG Output pipelining: DSP U_FFT_TOP/U_BF_0/U_BF_0_1/U_FAC8_1_0_1/p_0_out__18 multiplier stage U_FFT_TOP/U_BF_0/U_BF_0_1/U_FAC8_1_0_1/p_0_out__18/P[47:0] is not pipelined (MREG=0). Pipelining the multiplier function will improve performance and will save significant power so it is suggested whenever possible to fully pipeline this function.  If this multiplier was inferred, it is suggested to describe an additional register stage after this function.  If there is no registered adder/accumulator following the multiply function, two pipeline stages are suggested to allow both the MREG and PREG registers to be used.  If the DSP48 was instantiated in the design, it is suggested to set both the MREG and PREG attributes to 1 when performing multiply functions.
WARNING: [DRC DPOP-4] MREG Output pipelining: DSP U_FFT_TOP/U_BF_0/U_BF_0_1/U_FAC8_1_0_1/p_0_out__19 multiplier stage U_FFT_TOP/U_BF_0/U_BF_0_1/U_FAC8_1_0_1/p_0_out__19/P[47:0] is not pipelined (MREG=0). Pipelining the multiplier function will improve performance and will save significant power so it is suggested whenever possible to fully pipeline this function.  If this multiplier was inferred, it is suggested to describe an additional register stage after this function.  If there is no registered adder/accumulator following the multiply function, two pipeline stages are suggested to allow both the MREG and PREG registers to be used.  If the DSP48 was instantiated in the design, it is suggested to set both the MREG and PREG attributes to 1 when performing multiply functions.
WARNING: [DRC DPOP-4] MREG Output pipelining: DSP U_FFT_TOP/U_BF_0/U_BF_0_1/U_FAC8_1_0_1/p_0_out__2 multiplier stage U_FFT_TOP/U_BF_0/U_BF_0_1/U_FAC8_1_0_1/p_0_out__2/P[47:0] is not pipelined (MREG=0). Pipelining the multiplier function will improve performance and will save significant power so it is suggested whenever possible to fully pipeline this function.  If this multiplier was inferred, it is suggested to describe an additional register stage after this function.  If there is no registered adder/accumulator following the multiply function, two pipeline stages are suggested to allow both the MREG and PREG registers to be used.  If the DSP48 was instantiated in the design, it is suggested to set both the MREG and PREG attributes to 1 when performing multiply functions.
WARNING: [DRC DPOP-4] MREG Output pipelining: DSP U_FFT_TOP/U_BF_0/U_BF_0_1/U_FAC8_1_0_1/p_0_out__20 multiplier stage U_FFT_TOP/U_BF_0/U_BF_0_1/U_FAC8_1_0_1/p_0_out__20/P[47:0] is not pipelined (MREG=0). Pipelining the multiplier function will improve performance and will save significant power so it is suggested whenever possible to fully pipeline this function.  If this multiplier was inferred, it is suggested to describe an additional register stage after this function.  If there is no registered adder/accumulator following the multiply function, two pipeline stages are suggested to allow both the MREG and PREG registers to be used.  If the DSP48 was instantiated in the design, it is suggested to set both the MREG and PREG attributes to 1 when performing multiply functions.
WARNING: [DRC DPOP-4] MREG Output pipelining: DSP U_FFT_TOP/U_BF_0/U_BF_0_1/U_FAC8_1_0_1/p_0_out__21 multiplier stage U_FFT_TOP/U_BF_0/U_BF_0_1/U_FAC8_1_0_1/p_0_out__21/P[47:0] is not pipelined (MREG=0). Pipelining the multiplier function will improve performance and will save significant power so it is suggested whenever possible to fully pipeline this function.  If this multiplier was inferred, it is suggested to describe an additional register stage after this function.  If there is no registered adder/accumulator following the multiply function, two pipeline stages are suggested to allow both the MREG and PREG registers to be used.  If the DSP48 was instantiated in the design, it is suggested to set both the MREG and PREG attributes to 1 when performing multiply functions.
WARNING: [DRC DPOP-4] MREG Output pipelining: DSP U_FFT_TOP/U_BF_0/U_BF_0_1/U_FAC8_1_0_1/p_0_out__22 multiplier stage U_FFT_TOP/U_BF_0/U_BF_0_1/U_FAC8_1_0_1/p_0_out__22/P[47:0] is not pipelined (MREG=0). Pipelining the multiplier function will improve performance and will save significant power so it is suggested whenever possible to fully pipeline this function.  If this multiplier was inferred, it is suggested to describe an additional register stage after this function.  If there is no registered adder/accumulator following the multiply function, two pipeline stages are suggested to allow both the MREG and PREG registers to be used.  If the DSP48 was instantiated in the design, it is suggested to set both the MREG and PREG attributes to 1 when performing multiply functions.
WARNING: [DRC DPOP-4] MREG Output pipelining: DSP U_FFT_TOP/U_BF_0/U_BF_0_1/U_FAC8_1_0_1/p_0_out__23 multiplier stage U_FFT_TOP/U_BF_0/U_BF_0_1/U_FAC8_1_0_1/p_0_out__23/P[47:0] is not pipelined (MREG=0). Pipelining the multiplier function will improve performance and will save significant power so it is suggested whenever possible to fully pipeline this function.  If this multiplier was inferred, it is suggested to describe an additional register stage after this function.  If there is no registered adder/accumulator following the multiply function, two pipeline stages are suggested to allow both the MREG and PREG registers to be used.  If the DSP48 was instantiated in the design, it is suggested to set both the MREG and PREG attributes to 1 when performing multiply functions.
WARNING: [DRC DPOP-4] MREG Output pipelining: DSP U_FFT_TOP/U_BF_0/U_BF_0_1/U_FAC8_1_0_1/p_0_out__24 multiplier stage U_FFT_TOP/U_BF_0/U_BF_0_1/U_FAC8_1_0_1/p_0_out__24/P[47:0] is not pipelined (MREG=0). Pipelining the multiplier function will improve performance and will save significant power so it is suggested whenever possible to fully pipeline this function.  If this multiplier was inferred, it is suggested to describe an additional register stage after this function.  If there is no registered adder/accumulator following the multiply function, two pipeline stages are suggested to allow both the MREG and PREG registers to be used.  If the DSP48 was instantiated in the design, it is suggested to set both the MREG and PREG attributes to 1 when performing multiply functions.
WARNING: [DRC DPOP-4] MREG Output pipelining: DSP U_FFT_TOP/U_BF_0/U_BF_0_1/U_FAC8_1_0_1/p_0_out__25 multiplier stage U_FFT_TOP/U_BF_0/U_BF_0_1/U_FAC8_1_0_1/p_0_out__25/P[47:0] is not pipelined (MREG=0). Pipelining the multiplier function will improve performance and will save significant power so it is suggested whenever possible to fully pipeline this function.  If this multiplier was inferred, it is suggested to describe an additional register stage after this function.  If there is no registered adder/accumulator following the multiply function, two pipeline stages are suggested to allow both the MREG and PREG registers to be used.  If the DSP48 was instantiated in the design, it is suggested to set both the MREG and PREG attributes to 1 when performing multiply functions.
WARNING: [DRC DPOP-4] MREG Output pipelining: DSP U_FFT_TOP/U_BF_0/U_BF_0_1/U_FAC8_1_0_1/p_0_out__26 multiplier stage U_FFT_TOP/U_BF_0/U_BF_0_1/U_FAC8_1_0_1/p_0_out__26/P[47:0] is not pipelined (MREG=0). Pipelining the multiplier function will improve performance and will save significant power so it is suggested whenever possible to fully pipeline this function.  If this multiplier was inferred, it is suggested to describe an additional register stage after this function.  If there is no registered adder/accumulator following the multiply function, two pipeline stages are suggested to allow both the MREG and PREG registers to be used.  If the DSP48 was instantiated in the design, it is suggested to set both the MREG and PREG attributes to 1 when performing multiply functions.
WARNING: [DRC DPOP-4] MREG Output pipelining: DSP U_FFT_TOP/U_BF_0/U_BF_0_1/U_FAC8_1_0_1/p_0_out__27 multiplier stage U_FFT_TOP/U_BF_0/U_BF_0_1/U_FAC8_1_0_1/p_0_out__27/P[47:0] is not pipelined (MREG=0). Pipelining the multiplier function will improve performance and will save significant power so it is suggested whenever possible to fully pipeline this function.  If this multiplier was inferred, it is suggested to describe an additional register stage after this function.  If there is no registered adder/accumulator following the multiply function, two pipeline stages are suggested to allow both the MREG and PREG registers to be used.  If the DSP48 was instantiated in the design, it is suggested to set both the MREG and PREG attributes to 1 when performing multiply functions.
WARNING: [DRC DPOP-4] MREG Output pipelining: DSP U_FFT_TOP/U_BF_0/U_BF_0_1/U_FAC8_1_0_1/p_0_out__28 multiplier stage U_FFT_TOP/U_BF_0/U_BF_0_1/U_FAC8_1_0_1/p_0_out__28/P[47:0] is not pipelined (MREG=0). Pipelining the multiplier function will improve performance and will save significant power so it is suggested whenever possible to fully pipeline this function.  If this multiplier was inferred, it is suggested to describe an additional register stage after this function.  If there is no registered adder/accumulator following the multiply function, two pipeline stages are suggested to allow both the MREG and PREG registers to be used.  If the DSP48 was instantiated in the design, it is suggested to set both the MREG and PREG attributes to 1 when performing multiply functions.
WARNING: [DRC DPOP-4] MREG Output pipelining: DSP U_FFT_TOP/U_BF_0/U_BF_0_1/U_FAC8_1_0_1/p_0_out__29 multiplier stage U_FFT_TOP/U_BF_0/U_BF_0_1/U_FAC8_1_0_1/p_0_out__29/P[47:0] is not pipelined (MREG=0). Pipelining the multiplier function will improve performance and will save significant power so it is suggested whenever possible to fully pipeline this function.  If this multiplier was inferred, it is suggested to describe an additional register stage after this function.  If there is no registered adder/accumulator following the multiply function, two pipeline stages are suggested to allow both the MREG and PREG registers to be used.  If the DSP48 was instantiated in the design, it is suggested to set both the MREG and PREG attributes to 1 when performing multiply functions.
WARNING: [DRC DPOP-4] MREG Output pipelining: DSP U_FFT_TOP/U_BF_0/U_BF_0_1/U_FAC8_1_0_1/p_0_out__3 multiplier stage U_FFT_TOP/U_BF_0/U_BF_0_1/U_FAC8_1_0_1/p_0_out__3/P[47:0] is not pipelined (MREG=0). Pipelining the multiplier function will improve performance and will save significant power so it is suggested whenever possible to fully pipeline this function.  If this multiplier was inferred, it is suggested to describe an additional register stage after this function.  If there is no registered adder/accumulator following the multiply function, two pipeline stages are suggested to allow both the MREG and PREG registers to be used.  If the DSP48 was instantiated in the design, it is suggested to set both the MREG and PREG attributes to 1 when performing multiply functions.
WARNING: [DRC DPOP-4] MREG Output pipelining: DSP U_FFT_TOP/U_BF_0/U_BF_0_1/U_FAC8_1_0_1/p_0_out__30 multiplier stage U_FFT_TOP/U_BF_0/U_BF_0_1/U_FAC8_1_0_1/p_0_out__30/P[47:0] is not pipelined (MREG=0). Pipelining the multiplier function will improve performance and will save significant power so it is suggested whenever possible to fully pipeline this function.  If this multiplier was inferred, it is suggested to describe an additional register stage after this function.  If there is no registered adder/accumulator following the multiply function, two pipeline stages are suggested to allow both the MREG and PREG registers to be used.  If the DSP48 was instantiated in the design, it is suggested to set both the MREG and PREG attributes to 1 when performing multiply functions.
WARNING: [DRC DPOP-4] MREG Output pipelining: DSP U_FFT_TOP/U_BF_0/U_BF_0_1/U_FAC8_1_0_1/p_0_out__4 multiplier stage U_FFT_TOP/U_BF_0/U_BF_0_1/U_FAC8_1_0_1/p_0_out__4/P[47:0] is not pipelined (MREG=0). Pipelining the multiplier function will improve performance and will save significant power so it is suggested whenever possible to fully pipeline this function.  If this multiplier was inferred, it is suggested to describe an additional register stage after this function.  If there is no registered adder/accumulator following the multiply function, two pipeline stages are suggested to allow both the MREG and PREG registers to be used.  If the DSP48 was instantiated in the design, it is suggested to set both the MREG and PREG attributes to 1 when performing multiply functions.
WARNING: [DRC DPOP-4] MREG Output pipelining: DSP U_FFT_TOP/U_BF_0/U_BF_0_1/U_FAC8_1_0_1/p_0_out__5 multiplier stage U_FFT_TOP/U_BF_0/U_BF_0_1/U_FAC8_1_0_1/p_0_out__5/P[47:0] is not pipelined (MREG=0). Pipelining the multiplier function will improve performance and will save significant power so it is suggested whenever possible to fully pipeline this function.  If this multiplier was inferred, it is suggested to describe an additional register stage after this function.  If there is no registered adder/accumulator following the multiply function, two pipeline stages are suggested to allow both the MREG and PREG registers to be used.  If the DSP48 was instantiated in the design, it is suggested to set both the MREG and PREG attributes to 1 when performing multiply functions.
WARNING: [DRC DPOP-4] MREG Output pipelining: DSP U_FFT_TOP/U_BF_0/U_BF_0_1/U_FAC8_1_0_1/p_0_out__6 multiplier stage U_FFT_TOP/U_BF_0/U_BF_0_1/U_FAC8_1_0_1/p_0_out__6/P[47:0] is not pipelined (MREG=0). Pipelining the multiplier function will improve performance and will save significant power so it is suggested whenever possible to fully pipeline this function.  If this multiplier was inferred, it is suggested to describe an additional register stage after this function.  If there is no registered adder/accumulator following the multiply function, two pipeline stages are suggested to allow both the MREG and PREG registers to be used.  If the DSP48 was instantiated in the design, it is suggested to set both the MREG and PREG attributes to 1 when performing multiply functions.
WARNING: [DRC DPOP-4] MREG Output pipelining: DSP U_FFT_TOP/U_BF_0/U_BF_0_1/U_FAC8_1_0_1/p_0_out__7 multiplier stage U_FFT_TOP/U_BF_0/U_BF_0_1/U_FAC8_1_0_1/p_0_out__7/P[47:0] is not pipelined (MREG=0). Pipelining the multiplier function will improve performance and will save significant power so it is suggested whenever possible to fully pipeline this function.  If this multiplier was inferred, it is suggested to describe an additional register stage after this function.  If there is no registered adder/accumulator following the multiply function, two pipeline stages are suggested to allow both the MREG and PREG registers to be used.  If the DSP48 was instantiated in the design, it is suggested to set both the MREG and PREG attributes to 1 when performing multiply functions.
WARNING: [DRC DPOP-4] MREG Output pipelining: DSP U_FFT_TOP/U_BF_0/U_BF_0_1/U_FAC8_1_0_1/p_0_out__8 multiplier stage U_FFT_TOP/U_BF_0/U_BF_0_1/U_FAC8_1_0_1/p_0_out__8/P[47:0] is not pipelined (MREG=0). Pipelining the multiplier function will improve performance and will save significant power so it is suggested whenever possible to fully pipeline this function.  If this multiplier was inferred, it is suggested to describe an additional register stage after this function.  If there is no registered adder/accumulator following the multiply function, two pipeline stages are suggested to allow both the MREG and PREG registers to be used.  If the DSP48 was instantiated in the design, it is suggested to set both the MREG and PREG attributes to 1 when performing multiply functions.
WARNING: [DRC DPOP-4] MREG Output pipelining: DSP U_FFT_TOP/U_BF_0/U_BF_0_1/U_FAC8_1_0_1/p_0_out__9 multiplier stage U_FFT_TOP/U_BF_0/U_BF_0_1/U_FAC8_1_0_1/p_0_out__9/P[47:0] is not pipelined (MREG=0). Pipelining the multiplier function will improve performance and will save significant power so it is suggested whenever possible to fully pipeline this function.  If this multiplier was inferred, it is suggested to describe an additional register stage after this function.  If there is no registered adder/accumulator following the multiply function, two pipeline stages are suggested to allow both the MREG and PREG registers to be used.  If the DSP48 was instantiated in the design, it is suggested to set both the MREG and PREG attributes to 1 when performing multiply functions.
WARNING: [DRC DPOP-4] MREG Output pipelining: DSP U_FFT_TOP/U_BF_0/U_BF_0_1/U_FAC8_1_0_1/p_1_out multiplier stage U_FFT_TOP/U_BF_0/U_BF_0_1/U_FAC8_1_0_1/p_1_out/P[47:0] is not pipelined (MREG=0). Pipelining the multiplier function will improve performance and will save significant power so it is suggested whenever possible to fully pipeline this function.  If this multiplier was inferred, it is suggested to describe an additional register stage after this function.  If there is no registered adder/accumulator following the multiply function, two pipeline stages are suggested to allow both the MREG and PREG registers to be used.  If the DSP48 was instantiated in the design, it is suggested to set both the MREG and PREG attributes to 1 when performing multiply functions.
WARNING: [DRC DPOP-4] MREG Output pipelining: DSP U_FFT_TOP/U_BF_0/U_BF_0_1/U_FAC8_1_0_1/p_1_out__0 multiplier stage U_FFT_TOP/U_BF_0/U_BF_0_1/U_FAC8_1_0_1/p_1_out__0/P[47:0] is not pipelined (MREG=0). Pipelining the multiplier function will improve performance and will save significant power so it is suggested whenever possible to fully pipeline this function.  If this multiplier was inferred, it is suggested to describe an additional register stage after this function.  If there is no registered adder/accumulator following the multiply function, two pipeline stages are suggested to allow both the MREG and PREG registers to be used.  If the DSP48 was instantiated in the design, it is suggested to set both the MREG and PREG attributes to 1 when performing multiply functions.
WARNING: [DRC DPOP-4] MREG Output pipelining: DSP U_FFT_TOP/U_BF_0/U_BF_0_1/U_FAC8_1_0_1/p_1_out__1 multiplier stage U_FFT_TOP/U_BF_0/U_BF_0_1/U_FAC8_1_0_1/p_1_out__1/P[47:0] is not pipelined (MREG=0). Pipelining the multiplier function will improve performance and will save significant power so it is suggested whenever possible to fully pipeline this function.  If this multiplier was inferred, it is suggested to describe an additional register stage after this function.  If there is no registered adder/accumulator following the multiply function, two pipeline stages are suggested to allow both the MREG and PREG registers to be used.  If the DSP48 was instantiated in the design, it is suggested to set both the MREG and PREG attributes to 1 when performing multiply functions.
WARNING: [DRC DPOP-4] MREG Output pipelining: DSP U_FFT_TOP/U_BF_0/U_BF_0_1/U_FAC8_1_0_1/p_1_out__10 multiplier stage U_FFT_TOP/U_BF_0/U_BF_0_1/U_FAC8_1_0_1/p_1_out__10/P[47:0] is not pipelined (MREG=0). Pipelining the multiplier function will improve performance and will save significant power so it is suggested whenever possible to fully pipeline this function.  If this multiplier was inferred, it is suggested to describe an additional register stage after this function.  If there is no registered adder/accumulator following the multiply function, two pipeline stages are suggested to allow both the MREG and PREG registers to be used.  If the DSP48 was instantiated in the design, it is suggested to set both the MREG and PREG attributes to 1 when performing multiply functions.
WARNING: [DRC DPOP-4] MREG Output pipelining: DSP U_FFT_TOP/U_BF_0/U_BF_0_1/U_FAC8_1_0_1/p_1_out__11 multiplier stage U_FFT_TOP/U_BF_0/U_BF_0_1/U_FAC8_1_0_1/p_1_out__11/P[47:0] is not pipelined (MREG=0). Pipelining the multiplier function will improve performance and will save significant power so it is suggested whenever possible to fully pipeline this function.  If this multiplier was inferred, it is suggested to describe an additional register stage after this function.  If there is no registered adder/accumulator following the multiply function, two pipeline stages are suggested to allow both the MREG and PREG registers to be used.  If the DSP48 was instantiated in the design, it is suggested to set both the MREG and PREG attributes to 1 when performing multiply functions.
WARNING: [DRC DPOP-4] MREG Output pipelining: DSP U_FFT_TOP/U_BF_0/U_BF_0_1/U_FAC8_1_0_1/p_1_out__12 multiplier stage U_FFT_TOP/U_BF_0/U_BF_0_1/U_FAC8_1_0_1/p_1_out__12/P[47:0] is not pipelined (MREG=0). Pipelining the multiplier function will improve performance and will save significant power so it is suggested whenever possible to fully pipeline this function.  If this multiplier was inferred, it is suggested to describe an additional register stage after this function.  If there is no registered adder/accumulator following the multiply function, two pipeline stages are suggested to allow both the MREG and PREG registers to be used.  If the DSP48 was instantiated in the design, it is suggested to set both the MREG and PREG attributes to 1 when performing multiply functions.
WARNING: [DRC DPOP-4] MREG Output pipelining: DSP U_FFT_TOP/U_BF_0/U_BF_0_1/U_FAC8_1_0_1/p_1_out__13 multiplier stage U_FFT_TOP/U_BF_0/U_BF_0_1/U_FAC8_1_0_1/p_1_out__13/P[47:0] is not pipelined (MREG=0). Pipelining the multiplier function will improve performance and will save significant power so it is suggested whenever possible to fully pipeline this function.  If this multiplier was inferred, it is suggested to describe an additional register stage after this function.  If there is no registered adder/accumulator following the multiply function, two pipeline stages are suggested to allow both the MREG and PREG registers to be used.  If the DSP48 was instantiated in the design, it is suggested to set both the MREG and PREG attributes to 1 when performing multiply functions.
WARNING: [DRC DPOP-4] MREG Output pipelining: DSP U_FFT_TOP/U_BF_0/U_BF_0_1/U_FAC8_1_0_1/p_1_out__14 multiplier stage U_FFT_TOP/U_BF_0/U_BF_0_1/U_FAC8_1_0_1/p_1_out__14/P[47:0] is not pipelined (MREG=0). Pipelining the multiplier function will improve performance and will save significant power so it is suggested whenever possible to fully pipeline this function.  If this multiplier was inferred, it is suggested to describe an additional register stage after this function.  If there is no registered adder/accumulator following the multiply function, two pipeline stages are suggested to allow both the MREG and PREG registers to be used.  If the DSP48 was instantiated in the design, it is suggested to set both the MREG and PREG attributes to 1 when performing multiply functions.
WARNING: [DRC DPOP-4] MREG Output pipelining: DSP U_FFT_TOP/U_BF_0/U_BF_0_1/U_FAC8_1_0_1/p_1_out__2 multiplier stage U_FFT_TOP/U_BF_0/U_BF_0_1/U_FAC8_1_0_1/p_1_out__2/P[47:0] is not pipelined (MREG=0). Pipelining the multiplier function will improve performance and will save significant power so it is suggested whenever possible to fully pipeline this function.  If this multiplier was inferred, it is suggested to describe an additional register stage after this function.  If there is no registered adder/accumulator following the multiply function, two pipeline stages are suggested to allow both the MREG and PREG registers to be used.  If the DSP48 was instantiated in the design, it is suggested to set both the MREG and PREG attributes to 1 when performing multiply functions.
WARNING: [DRC DPOP-4] MREG Output pipelining: DSP U_FFT_TOP/U_BF_0/U_BF_0_1/U_FAC8_1_0_1/p_1_out__3 multiplier stage U_FFT_TOP/U_BF_0/U_BF_0_1/U_FAC8_1_0_1/p_1_out__3/P[47:0] is not pipelined (MREG=0). Pipelining the multiplier function will improve performance and will save significant power so it is suggested whenever possible to fully pipeline this function.  If this multiplier was inferred, it is suggested to describe an additional register stage after this function.  If there is no registered adder/accumulator following the multiply function, two pipeline stages are suggested to allow both the MREG and PREG registers to be used.  If the DSP48 was instantiated in the design, it is suggested to set both the MREG and PREG attributes to 1 when performing multiply functions.
WARNING: [DRC DPOP-4] MREG Output pipelining: DSP U_FFT_TOP/U_BF_0/U_BF_0_1/U_FAC8_1_0_1/p_1_out__4 multiplier stage U_FFT_TOP/U_BF_0/U_BF_0_1/U_FAC8_1_0_1/p_1_out__4/P[47:0] is not pipelined (MREG=0). Pipelining the multiplier function will improve performance and will save significant power so it is suggested whenever possible to fully pipeline this function.  If this multiplier was inferred, it is suggested to describe an additional register stage after this function.  If there is no registered adder/accumulator following the multiply function, two pipeline stages are suggested to allow both the MREG and PREG registers to be used.  If the DSP48 was instantiated in the design, it is suggested to set both the MREG and PREG attributes to 1 when performing multiply functions.
WARNING: [DRC DPOP-4] MREG Output pipelining: DSP U_FFT_TOP/U_BF_0/U_BF_0_1/U_FAC8_1_0_1/p_1_out__5 multiplier stage U_FFT_TOP/U_BF_0/U_BF_0_1/U_FAC8_1_0_1/p_1_out__5/P[47:0] is not pipelined (MREG=0). Pipelining the multiplier function will improve performance and will save significant power so it is suggested whenever possible to fully pipeline this function.  If this multiplier was inferred, it is suggested to describe an additional register stage after this function.  If there is no registered adder/accumulator following the multiply function, two pipeline stages are suggested to allow both the MREG and PREG registers to be used.  If the DSP48 was instantiated in the design, it is suggested to set both the MREG and PREG attributes to 1 when performing multiply functions.
WARNING: [DRC DPOP-4] MREG Output pipelining: DSP U_FFT_TOP/U_BF_0/U_BF_0_1/U_FAC8_1_0_1/p_1_out__6 multiplier stage U_FFT_TOP/U_BF_0/U_BF_0_1/U_FAC8_1_0_1/p_1_out__6/P[47:0] is not pipelined (MREG=0). Pipelining the multiplier function will improve performance and will save significant power so it is suggested whenever possible to fully pipeline this function.  If this multiplier was inferred, it is suggested to describe an additional register stage after this function.  If there is no registered adder/accumulator following the multiply function, two pipeline stages are suggested to allow both the MREG and PREG registers to be used.  If the DSP48 was instantiated in the design, it is suggested to set both the MREG and PREG attributes to 1 when performing multiply functions.
WARNING: [DRC DPOP-4] MREG Output pipelining: DSP U_FFT_TOP/U_BF_0/U_BF_0_1/U_FAC8_1_0_1/p_1_out__7 multiplier stage U_FFT_TOP/U_BF_0/U_BF_0_1/U_FAC8_1_0_1/p_1_out__7/P[47:0] is not pipelined (MREG=0). Pipelining the multiplier function will improve performance and will save significant power so it is suggested whenever possible to fully pipeline this function.  If this multiplier was inferred, it is suggested to describe an additional register stage after this function.  If there is no registered adder/accumulator following the multiply function, two pipeline stages are suggested to allow both the MREG and PREG registers to be used.  If the DSP48 was instantiated in the design, it is suggested to set both the MREG and PREG attributes to 1 when performing multiply functions.
WARNING: [DRC DPOP-4] MREG Output pipelining: DSP U_FFT_TOP/U_BF_0/U_BF_0_1/U_FAC8_1_0_1/p_1_out__8 multiplier stage U_FFT_TOP/U_BF_0/U_BF_0_1/U_FAC8_1_0_1/p_1_out__8/P[47:0] is not pipelined (MREG=0). Pipelining the multiplier function will improve performance and will save significant power so it is suggested whenever possible to fully pipeline this function.  If this multiplier was inferred, it is suggested to describe an additional register stage after this function.  If there is no registered adder/accumulator following the multiply function, two pipeline stages are suggested to allow both the MREG and PREG registers to be used.  If the DSP48 was instantiated in the design, it is suggested to set both the MREG and PREG attributes to 1 when performing multiply functions.
WARNING: [DRC DPOP-4] MREG Output pipelining: DSP U_FFT_TOP/U_BF_0/U_BF_0_1/U_FAC8_1_0_1/p_1_out__9 multiplier stage U_FFT_TOP/U_BF_0/U_BF_0_1/U_FAC8_1_0_1/p_1_out__9/P[47:0] is not pipelined (MREG=0). Pipelining the multiplier function will improve performance and will save significant power so it is suggested whenever possible to fully pipeline this function.  If this multiplier was inferred, it is suggested to describe an additional register stage after this function.  If there is no registered adder/accumulator following the multiply function, two pipeline stages are suggested to allow both the MREG and PREG registers to be used.  If the DSP48 was instantiated in the design, it is suggested to set both the MREG and PREG attributes to 1 when performing multiply functions.
WARNING: [DRC DPOP-4] MREG Output pipelining: DSP U_FFT_TOP/U_BF_0/U_BF_0_2/u_mult_pipe/GEN_MUL[0].u_mult/m_im0 multiplier stage U_FFT_TOP/U_BF_0/U_BF_0_2/u_mult_pipe/GEN_MUL[0].u_mult/m_im0/P[47:0] is not pipelined (MREG=0). Pipelining the multiplier function will improve performance and will save significant power so it is suggested whenever possible to fully pipeline this function.  If this multiplier was inferred, it is suggested to describe an additional register stage after this function.  If there is no registered adder/accumulator following the multiply function, two pipeline stages are suggested to allow both the MREG and PREG registers to be used.  If the DSP48 was instantiated in the design, it is suggested to set both the MREG and PREG attributes to 1 when performing multiply functions.
WARNING: [DRC DPOP-4] MREG Output pipelining: DSP U_FFT_TOP/U_BF_0/U_BF_0_2/u_mult_pipe/GEN_MUL[0].u_mult/m_re0 multiplier stage U_FFT_TOP/U_BF_0/U_BF_0_2/u_mult_pipe/GEN_MUL[0].u_mult/m_re0/P[47:0] is not pipelined (MREG=0). Pipelining the multiplier function will improve performance and will save significant power so it is suggested whenever possible to fully pipeline this function.  If this multiplier was inferred, it is suggested to describe an additional register stage after this function.  If there is no registered adder/accumulator following the multiply function, two pipeline stages are suggested to allow both the MREG and PREG registers to be used.  If the DSP48 was instantiated in the design, it is suggested to set both the MREG and PREG attributes to 1 when performing multiply functions.
WARNING: [DRC DPOP-4] MREG Output pipelining: DSP U_FFT_TOP/U_BF_0/U_BF_0_2/u_mult_pipe/GEN_MUL[10].u_mult/m_im0 multiplier stage U_FFT_TOP/U_BF_0/U_BF_0_2/u_mult_pipe/GEN_MUL[10].u_mult/m_im0/P[47:0] is not pipelined (MREG=0). Pipelining the multiplier function will improve performance and will save significant power so it is suggested whenever possible to fully pipeline this function.  If this multiplier was inferred, it is suggested to describe an additional register stage after this function.  If there is no registered adder/accumulator following the multiply function, two pipeline stages are suggested to allow both the MREG and PREG registers to be used.  If the DSP48 was instantiated in the design, it is suggested to set both the MREG and PREG attributes to 1 when performing multiply functions.
WARNING: [DRC DPOP-4] MREG Output pipelining: DSP U_FFT_TOP/U_BF_0/U_BF_0_2/u_mult_pipe/GEN_MUL[10].u_mult/m_re0 multiplier stage U_FFT_TOP/U_BF_0/U_BF_0_2/u_mult_pipe/GEN_MUL[10].u_mult/m_re0/P[47:0] is not pipelined (MREG=0). Pipelining the multiplier function will improve performance and will save significant power so it is suggested whenever possible to fully pipeline this function.  If this multiplier was inferred, it is suggested to describe an additional register stage after this function.  If there is no registered adder/accumulator following the multiply function, two pipeline stages are suggested to allow both the MREG and PREG registers to be used.  If the DSP48 was instantiated in the design, it is suggested to set both the MREG and PREG attributes to 1 when performing multiply functions.
WARNING: [DRC DPOP-4] MREG Output pipelining: DSP U_FFT_TOP/U_BF_0/U_BF_0_2/u_mult_pipe/GEN_MUL[11].u_mult/m_im0 multiplier stage U_FFT_TOP/U_BF_0/U_BF_0_2/u_mult_pipe/GEN_MUL[11].u_mult/m_im0/P[47:0] is not pipelined (MREG=0). Pipelining the multiplier function will improve performance and will save significant power so it is suggested whenever possible to fully pipeline this function.  If this multiplier was inferred, it is suggested to describe an additional register stage after this function.  If there is no registered adder/accumulator following the multiply function, two pipeline stages are suggested to allow both the MREG and PREG registers to be used.  If the DSP48 was instantiated in the design, it is suggested to set both the MREG and PREG attributes to 1 when performing multiply functions.
WARNING: [DRC DPOP-4] MREG Output pipelining: DSP U_FFT_TOP/U_BF_0/U_BF_0_2/u_mult_pipe/GEN_MUL[11].u_mult/m_re0 multiplier stage U_FFT_TOP/U_BF_0/U_BF_0_2/u_mult_pipe/GEN_MUL[11].u_mult/m_re0/P[47:0] is not pipelined (MREG=0). Pipelining the multiplier function will improve performance and will save significant power so it is suggested whenever possible to fully pipeline this function.  If this multiplier was inferred, it is suggested to describe an additional register stage after this function.  If there is no registered adder/accumulator following the multiply function, two pipeline stages are suggested to allow both the MREG and PREG registers to be used.  If the DSP48 was instantiated in the design, it is suggested to set both the MREG and PREG attributes to 1 when performing multiply functions.
WARNING: [DRC DPOP-4] MREG Output pipelining: DSP U_FFT_TOP/U_BF_0/U_BF_0_2/u_mult_pipe/GEN_MUL[12].u_mult/m_im0 multiplier stage U_FFT_TOP/U_BF_0/U_BF_0_2/u_mult_pipe/GEN_MUL[12].u_mult/m_im0/P[47:0] is not pipelined (MREG=0). Pipelining the multiplier function will improve performance and will save significant power so it is suggested whenever possible to fully pipeline this function.  If this multiplier was inferred, it is suggested to describe an additional register stage after this function.  If there is no registered adder/accumulator following the multiply function, two pipeline stages are suggested to allow both the MREG and PREG registers to be used.  If the DSP48 was instantiated in the design, it is suggested to set both the MREG and PREG attributes to 1 when performing multiply functions.
WARNING: [DRC DPOP-4] MREG Output pipelining: DSP U_FFT_TOP/U_BF_0/U_BF_0_2/u_mult_pipe/GEN_MUL[12].u_mult/m_re0 multiplier stage U_FFT_TOP/U_BF_0/U_BF_0_2/u_mult_pipe/GEN_MUL[12].u_mult/m_re0/P[47:0] is not pipelined (MREG=0). Pipelining the multiplier function will improve performance and will save significant power so it is suggested whenever possible to fully pipeline this function.  If this multiplier was inferred, it is suggested to describe an additional register stage after this function.  If there is no registered adder/accumulator following the multiply function, two pipeline stages are suggested to allow both the MREG and PREG registers to be used.  If the DSP48 was instantiated in the design, it is suggested to set both the MREG and PREG attributes to 1 when performing multiply functions.
WARNING: [DRC DPOP-4] MREG Output pipelining: DSP U_FFT_TOP/U_BF_0/U_BF_0_2/u_mult_pipe/GEN_MUL[13].u_mult/m_im0 multiplier stage U_FFT_TOP/U_BF_0/U_BF_0_2/u_mult_pipe/GEN_MUL[13].u_mult/m_im0/P[47:0] is not pipelined (MREG=0). Pipelining the multiplier function will improve performance and will save significant power so it is suggested whenever possible to fully pipeline this function.  If this multiplier was inferred, it is suggested to describe an additional register stage after this function.  If there is no registered adder/accumulator following the multiply function, two pipeline stages are suggested to allow both the MREG and PREG registers to be used.  If the DSP48 was instantiated in the design, it is suggested to set both the MREG and PREG attributes to 1 when performing multiply functions.
WARNING: [DRC DPOP-4] MREG Output pipelining: DSP U_FFT_TOP/U_BF_0/U_BF_0_2/u_mult_pipe/GEN_MUL[13].u_mult/m_re0 multiplier stage U_FFT_TOP/U_BF_0/U_BF_0_2/u_mult_pipe/GEN_MUL[13].u_mult/m_re0/P[47:0] is not pipelined (MREG=0). Pipelining the multiplier function will improve performance and will save significant power so it is suggested whenever possible to fully pipeline this function.  If this multiplier was inferred, it is suggested to describe an additional register stage after this function.  If there is no registered adder/accumulator following the multiply function, two pipeline stages are suggested to allow both the MREG and PREG registers to be used.  If the DSP48 was instantiated in the design, it is suggested to set both the MREG and PREG attributes to 1 when performing multiply functions.
WARNING: [DRC DPOP-4] MREG Output pipelining: DSP U_FFT_TOP/U_BF_0/U_BF_0_2/u_mult_pipe/GEN_MUL[14].u_mult/m_im0 multiplier stage U_FFT_TOP/U_BF_0/U_BF_0_2/u_mult_pipe/GEN_MUL[14].u_mult/m_im0/P[47:0] is not pipelined (MREG=0). Pipelining the multiplier function will improve performance and will save significant power so it is suggested whenever possible to fully pipeline this function.  If this multiplier was inferred, it is suggested to describe an additional register stage after this function.  If there is no registered adder/accumulator following the multiply function, two pipeline stages are suggested to allow both the MREG and PREG registers to be used.  If the DSP48 was instantiated in the design, it is suggested to set both the MREG and PREG attributes to 1 when performing multiply functions.
WARNING: [DRC DPOP-4] MREG Output pipelining: DSP U_FFT_TOP/U_BF_0/U_BF_0_2/u_mult_pipe/GEN_MUL[14].u_mult/m_re0 multiplier stage U_FFT_TOP/U_BF_0/U_BF_0_2/u_mult_pipe/GEN_MUL[14].u_mult/m_re0/P[47:0] is not pipelined (MREG=0). Pipelining the multiplier function will improve performance and will save significant power so it is suggested whenever possible to fully pipeline this function.  If this multiplier was inferred, it is suggested to describe an additional register stage after this function.  If there is no registered adder/accumulator following the multiply function, two pipeline stages are suggested to allow both the MREG and PREG registers to be used.  If the DSP48 was instantiated in the design, it is suggested to set both the MREG and PREG attributes to 1 when performing multiply functions.
WARNING: [DRC DPOP-4] MREG Output pipelining: DSP U_FFT_TOP/U_BF_0/U_BF_0_2/u_mult_pipe/GEN_MUL[15].u_mult/m_im0 multiplier stage U_FFT_TOP/U_BF_0/U_BF_0_2/u_mult_pipe/GEN_MUL[15].u_mult/m_im0/P[47:0] is not pipelined (MREG=0). Pipelining the multiplier function will improve performance and will save significant power so it is suggested whenever possible to fully pipeline this function.  If this multiplier was inferred, it is suggested to describe an additional register stage after this function.  If there is no registered adder/accumulator following the multiply function, two pipeline stages are suggested to allow both the MREG and PREG registers to be used.  If the DSP48 was instantiated in the design, it is suggested to set both the MREG and PREG attributes to 1 when performing multiply functions.
WARNING: [DRC DPOP-4] MREG Output pipelining: DSP U_FFT_TOP/U_BF_0/U_BF_0_2/u_mult_pipe/GEN_MUL[15].u_mult/m_re0 multiplier stage U_FFT_TOP/U_BF_0/U_BF_0_2/u_mult_pipe/GEN_MUL[15].u_mult/m_re0/P[47:0] is not pipelined (MREG=0). Pipelining the multiplier function will improve performance and will save significant power so it is suggested whenever possible to fully pipeline this function.  If this multiplier was inferred, it is suggested to describe an additional register stage after this function.  If there is no registered adder/accumulator following the multiply function, two pipeline stages are suggested to allow both the MREG and PREG registers to be used.  If the DSP48 was instantiated in the design, it is suggested to set both the MREG and PREG attributes to 1 when performing multiply functions.
WARNING: [DRC DPOP-4] MREG Output pipelining: DSP U_FFT_TOP/U_BF_0/U_BF_0_2/u_mult_pipe/GEN_MUL[1].u_mult/m_im0 multiplier stage U_FFT_TOP/U_BF_0/U_BF_0_2/u_mult_pipe/GEN_MUL[1].u_mult/m_im0/P[47:0] is not pipelined (MREG=0). Pipelining the multiplier function will improve performance and will save significant power so it is suggested whenever possible to fully pipeline this function.  If this multiplier was inferred, it is suggested to describe an additional register stage after this function.  If there is no registered adder/accumulator following the multiply function, two pipeline stages are suggested to allow both the MREG and PREG registers to be used.  If the DSP48 was instantiated in the design, it is suggested to set both the MREG and PREG attributes to 1 when performing multiply functions.
WARNING: [DRC DPOP-4] MREG Output pipelining: DSP U_FFT_TOP/U_BF_0/U_BF_0_2/u_mult_pipe/GEN_MUL[1].u_mult/m_re0 multiplier stage U_FFT_TOP/U_BF_0/U_BF_0_2/u_mult_pipe/GEN_MUL[1].u_mult/m_re0/P[47:0] is not pipelined (MREG=0). Pipelining the multiplier function will improve performance and will save significant power so it is suggested whenever possible to fully pipeline this function.  If this multiplier was inferred, it is suggested to describe an additional register stage after this function.  If there is no registered adder/accumulator following the multiply function, two pipeline stages are suggested to allow both the MREG and PREG registers to be used.  If the DSP48 was instantiated in the design, it is suggested to set both the MREG and PREG attributes to 1 when performing multiply functions.
WARNING: [DRC DPOP-4] MREG Output pipelining: DSP U_FFT_TOP/U_BF_0/U_BF_0_2/u_mult_pipe/GEN_MUL[2].u_mult/m_im0 multiplier stage U_FFT_TOP/U_BF_0/U_BF_0_2/u_mult_pipe/GEN_MUL[2].u_mult/m_im0/P[47:0] is not pipelined (MREG=0). Pipelining the multiplier function will improve performance and will save significant power so it is suggested whenever possible to fully pipeline this function.  If this multiplier was inferred, it is suggested to describe an additional register stage after this function.  If there is no registered adder/accumulator following the multiply function, two pipeline stages are suggested to allow both the MREG and PREG registers to be used.  If the DSP48 was instantiated in the design, it is suggested to set both the MREG and PREG attributes to 1 when performing multiply functions.
WARNING: [DRC DPOP-4] MREG Output pipelining: DSP U_FFT_TOP/U_BF_0/U_BF_0_2/u_mult_pipe/GEN_MUL[2].u_mult/m_re0 multiplier stage U_FFT_TOP/U_BF_0/U_BF_0_2/u_mult_pipe/GEN_MUL[2].u_mult/m_re0/P[47:0] is not pipelined (MREG=0). Pipelining the multiplier function will improve performance and will save significant power so it is suggested whenever possible to fully pipeline this function.  If this multiplier was inferred, it is suggested to describe an additional register stage after this function.  If there is no registered adder/accumulator following the multiply function, two pipeline stages are suggested to allow both the MREG and PREG registers to be used.  If the DSP48 was instantiated in the design, it is suggested to set both the MREG and PREG attributes to 1 when performing multiply functions.
WARNING: [DRC DPOP-4] MREG Output pipelining: DSP U_FFT_TOP/U_BF_0/U_BF_0_2/u_mult_pipe/GEN_MUL[3].u_mult/m_im0 multiplier stage U_FFT_TOP/U_BF_0/U_BF_0_2/u_mult_pipe/GEN_MUL[3].u_mult/m_im0/P[47:0] is not pipelined (MREG=0). Pipelining the multiplier function will improve performance and will save significant power so it is suggested whenever possible to fully pipeline this function.  If this multiplier was inferred, it is suggested to describe an additional register stage after this function.  If there is no registered adder/accumulator following the multiply function, two pipeline stages are suggested to allow both the MREG and PREG registers to be used.  If the DSP48 was instantiated in the design, it is suggested to set both the MREG and PREG attributes to 1 when performing multiply functions.
WARNING: [DRC DPOP-4] MREG Output pipelining: DSP U_FFT_TOP/U_BF_0/U_BF_0_2/u_mult_pipe/GEN_MUL[3].u_mult/m_re0 multiplier stage U_FFT_TOP/U_BF_0/U_BF_0_2/u_mult_pipe/GEN_MUL[3].u_mult/m_re0/P[47:0] is not pipelined (MREG=0). Pipelining the multiplier function will improve performance and will save significant power so it is suggested whenever possible to fully pipeline this function.  If this multiplier was inferred, it is suggested to describe an additional register stage after this function.  If there is no registered adder/accumulator following the multiply function, two pipeline stages are suggested to allow both the MREG and PREG registers to be used.  If the DSP48 was instantiated in the design, it is suggested to set both the MREG and PREG attributes to 1 when performing multiply functions.
WARNING: [DRC DPOP-4] MREG Output pipelining: DSP U_FFT_TOP/U_BF_0/U_BF_0_2/u_mult_pipe/GEN_MUL[4].u_mult/m_im0 multiplier stage U_FFT_TOP/U_BF_0/U_BF_0_2/u_mult_pipe/GEN_MUL[4].u_mult/m_im0/P[47:0] is not pipelined (MREG=0). Pipelining the multiplier function will improve performance and will save significant power so it is suggested whenever possible to fully pipeline this function.  If this multiplier was inferred, it is suggested to describe an additional register stage after this function.  If there is no registered adder/accumulator following the multiply function, two pipeline stages are suggested to allow both the MREG and PREG registers to be used.  If the DSP48 was instantiated in the design, it is suggested to set both the MREG and PREG attributes to 1 when performing multiply functions.
WARNING: [DRC DPOP-4] MREG Output pipelining: DSP U_FFT_TOP/U_BF_0/U_BF_0_2/u_mult_pipe/GEN_MUL[4].u_mult/m_re0 multiplier stage U_FFT_TOP/U_BF_0/U_BF_0_2/u_mult_pipe/GEN_MUL[4].u_mult/m_re0/P[47:0] is not pipelined (MREG=0). Pipelining the multiplier function will improve performance and will save significant power so it is suggested whenever possible to fully pipeline this function.  If this multiplier was inferred, it is suggested to describe an additional register stage after this function.  If there is no registered adder/accumulator following the multiply function, two pipeline stages are suggested to allow both the MREG and PREG registers to be used.  If the DSP48 was instantiated in the design, it is suggested to set both the MREG and PREG attributes to 1 when performing multiply functions.
WARNING: [DRC DPOP-4] MREG Output pipelining: DSP U_FFT_TOP/U_BF_0/U_BF_0_2/u_mult_pipe/GEN_MUL[5].u_mult/m_im0 multiplier stage U_FFT_TOP/U_BF_0/U_BF_0_2/u_mult_pipe/GEN_MUL[5].u_mult/m_im0/P[47:0] is not pipelined (MREG=0). Pipelining the multiplier function will improve performance and will save significant power so it is suggested whenever possible to fully pipeline this function.  If this multiplier was inferred, it is suggested to describe an additional register stage after this function.  If there is no registered adder/accumulator following the multiply function, two pipeline stages are suggested to allow both the MREG and PREG registers to be used.  If the DSP48 was instantiated in the design, it is suggested to set both the MREG and PREG attributes to 1 when performing multiply functions.
WARNING: [DRC DPOP-4] MREG Output pipelining: DSP U_FFT_TOP/U_BF_0/U_BF_0_2/u_mult_pipe/GEN_MUL[5].u_mult/m_re0 multiplier stage U_FFT_TOP/U_BF_0/U_BF_0_2/u_mult_pipe/GEN_MUL[5].u_mult/m_re0/P[47:0] is not pipelined (MREG=0). Pipelining the multiplier function will improve performance and will save significant power so it is suggested whenever possible to fully pipeline this function.  If this multiplier was inferred, it is suggested to describe an additional register stage after this function.  If there is no registered adder/accumulator following the multiply function, two pipeline stages are suggested to allow both the MREG and PREG registers to be used.  If the DSP48 was instantiated in the design, it is suggested to set both the MREG and PREG attributes to 1 when performing multiply functions.
WARNING: [DRC DPOP-4] MREG Output pipelining: DSP U_FFT_TOP/U_BF_0/U_BF_0_2/u_mult_pipe/GEN_MUL[6].u_mult/m_im0 multiplier stage U_FFT_TOP/U_BF_0/U_BF_0_2/u_mult_pipe/GEN_MUL[6].u_mult/m_im0/P[47:0] is not pipelined (MREG=0). Pipelining the multiplier function will improve performance and will save significant power so it is suggested whenever possible to fully pipeline this function.  If this multiplier was inferred, it is suggested to describe an additional register stage after this function.  If there is no registered adder/accumulator following the multiply function, two pipeline stages are suggested to allow both the MREG and PREG registers to be used.  If the DSP48 was instantiated in the design, it is suggested to set both the MREG and PREG attributes to 1 when performing multiply functions.
WARNING: [DRC DPOP-4] MREG Output pipelining: DSP U_FFT_TOP/U_BF_0/U_BF_0_2/u_mult_pipe/GEN_MUL[6].u_mult/m_re0 multiplier stage U_FFT_TOP/U_BF_0/U_BF_0_2/u_mult_pipe/GEN_MUL[6].u_mult/m_re0/P[47:0] is not pipelined (MREG=0). Pipelining the multiplier function will improve performance and will save significant power so it is suggested whenever possible to fully pipeline this function.  If this multiplier was inferred, it is suggested to describe an additional register stage after this function.  If there is no registered adder/accumulator following the multiply function, two pipeline stages are suggested to allow both the MREG and PREG registers to be used.  If the DSP48 was instantiated in the design, it is suggested to set both the MREG and PREG attributes to 1 when performing multiply functions.
WARNING: [DRC DPOP-4] MREG Output pipelining: DSP U_FFT_TOP/U_BF_0/U_BF_0_2/u_mult_pipe/GEN_MUL[7].u_mult/m_im0 multiplier stage U_FFT_TOP/U_BF_0/U_BF_0_2/u_mult_pipe/GEN_MUL[7].u_mult/m_im0/P[47:0] is not pipelined (MREG=0). Pipelining the multiplier function will improve performance and will save significant power so it is suggested whenever possible to fully pipeline this function.  If this multiplier was inferred, it is suggested to describe an additional register stage after this function.  If there is no registered adder/accumulator following the multiply function, two pipeline stages are suggested to allow both the MREG and PREG registers to be used.  If the DSP48 was instantiated in the design, it is suggested to set both the MREG and PREG attributes to 1 when performing multiply functions.
WARNING: [DRC DPOP-4] MREG Output pipelining: DSP U_FFT_TOP/U_BF_0/U_BF_0_2/u_mult_pipe/GEN_MUL[7].u_mult/m_re0 multiplier stage U_FFT_TOP/U_BF_0/U_BF_0_2/u_mult_pipe/GEN_MUL[7].u_mult/m_re0/P[47:0] is not pipelined (MREG=0). Pipelining the multiplier function will improve performance and will save significant power so it is suggested whenever possible to fully pipeline this function.  If this multiplier was inferred, it is suggested to describe an additional register stage after this function.  If there is no registered adder/accumulator following the multiply function, two pipeline stages are suggested to allow both the MREG and PREG registers to be used.  If the DSP48 was instantiated in the design, it is suggested to set both the MREG and PREG attributes to 1 when performing multiply functions.
WARNING: [DRC DPOP-4] MREG Output pipelining: DSP U_FFT_TOP/U_BF_0/U_BF_0_2/u_mult_pipe/GEN_MUL[8].u_mult/m_im0 multiplier stage U_FFT_TOP/U_BF_0/U_BF_0_2/u_mult_pipe/GEN_MUL[8].u_mult/m_im0/P[47:0] is not pipelined (MREG=0). Pipelining the multiplier function will improve performance and will save significant power so it is suggested whenever possible to fully pipeline this function.  If this multiplier was inferred, it is suggested to describe an additional register stage after this function.  If there is no registered adder/accumulator following the multiply function, two pipeline stages are suggested to allow both the MREG and PREG registers to be used.  If the DSP48 was instantiated in the design, it is suggested to set both the MREG and PREG attributes to 1 when performing multiply functions.
WARNING: [DRC DPOP-4] MREG Output pipelining: DSP U_FFT_TOP/U_BF_0/U_BF_0_2/u_mult_pipe/GEN_MUL[8].u_mult/m_re0 multiplier stage U_FFT_TOP/U_BF_0/U_BF_0_2/u_mult_pipe/GEN_MUL[8].u_mult/m_re0/P[47:0] is not pipelined (MREG=0). Pipelining the multiplier function will improve performance and will save significant power so it is suggested whenever possible to fully pipeline this function.  If this multiplier was inferred, it is suggested to describe an additional register stage after this function.  If there is no registered adder/accumulator following the multiply function, two pipeline stages are suggested to allow both the MREG and PREG registers to be used.  If the DSP48 was instantiated in the design, it is suggested to set both the MREG and PREG attributes to 1 when performing multiply functions.
WARNING: [DRC DPOP-4] MREG Output pipelining: DSP U_FFT_TOP/U_BF_0/U_BF_0_2/u_mult_pipe/GEN_MUL[9].u_mult/m_im0 multiplier stage U_FFT_TOP/U_BF_0/U_BF_0_2/u_mult_pipe/GEN_MUL[9].u_mult/m_im0/P[47:0] is not pipelined (MREG=0). Pipelining the multiplier function will improve performance and will save significant power so it is suggested whenever possible to fully pipeline this function.  If this multiplier was inferred, it is suggested to describe an additional register stage after this function.  If there is no registered adder/accumulator following the multiply function, two pipeline stages are suggested to allow both the MREG and PREG registers to be used.  If the DSP48 was instantiated in the design, it is suggested to set both the MREG and PREG attributes to 1 when performing multiply functions.
WARNING: [DRC DPOP-4] MREG Output pipelining: DSP U_FFT_TOP/U_BF_0/U_BF_0_2/u_mult_pipe/GEN_MUL[9].u_mult/m_re0 multiplier stage U_FFT_TOP/U_BF_0/U_BF_0_2/u_mult_pipe/GEN_MUL[9].u_mult/m_re0/P[47:0] is not pipelined (MREG=0). Pipelining the multiplier function will improve performance and will save significant power so it is suggested whenever possible to fully pipeline this function.  If this multiplier was inferred, it is suggested to describe an additional register stage after this function.  If there is no registered adder/accumulator following the multiply function, two pipeline stages are suggested to allow both the MREG and PREG registers to be used.  If the DSP48 was instantiated in the design, it is suggested to set both the MREG and PREG attributes to 1 when performing multiply functions.
WARNING: [DRC DPOP-4] MREG Output pipelining: DSP U_FFT_TOP/U_BF_1/U_BF_1_1/U_FAC8_1_1_1/p_0_out multiplier stage U_FFT_TOP/U_BF_1/U_BF_1_1/U_FAC8_1_1_1/p_0_out/P[47:0] is not pipelined (MREG=0). Pipelining the multiplier function will improve performance and will save significant power so it is suggested whenever possible to fully pipeline this function.  If this multiplier was inferred, it is suggested to describe an additional register stage after this function.  If there is no registered adder/accumulator following the multiply function, two pipeline stages are suggested to allow both the MREG and PREG registers to be used.  If the DSP48 was instantiated in the design, it is suggested to set both the MREG and PREG attributes to 1 when performing multiply functions.
WARNING: [DRC DPOP-4] MREG Output pipelining: DSP U_FFT_TOP/U_BF_1/U_BF_1_1/U_FAC8_1_1_1/p_0_out__0 multiplier stage U_FFT_TOP/U_BF_1/U_BF_1_1/U_FAC8_1_1_1/p_0_out__0/P[47:0] is not pipelined (MREG=0). Pipelining the multiplier function will improve performance and will save significant power so it is suggested whenever possible to fully pipeline this function.  If this multiplier was inferred, it is suggested to describe an additional register stage after this function.  If there is no registered adder/accumulator following the multiply function, two pipeline stages are suggested to allow both the MREG and PREG registers to be used.  If the DSP48 was instantiated in the design, it is suggested to set both the MREG and PREG attributes to 1 when performing multiply functions.
WARNING: [DRC DPOP-4] MREG Output pipelining: DSP U_FFT_TOP/U_BF_1/U_BF_1_1/U_FAC8_1_1_1/p_0_out__1 multiplier stage U_FFT_TOP/U_BF_1/U_BF_1_1/U_FAC8_1_1_1/p_0_out__1/P[47:0] is not pipelined (MREG=0). Pipelining the multiplier function will improve performance and will save significant power so it is suggested whenever possible to fully pipeline this function.  If this multiplier was inferred, it is suggested to describe an additional register stage after this function.  If there is no registered adder/accumulator following the multiply function, two pipeline stages are suggested to allow both the MREG and PREG registers to be used.  If the DSP48 was instantiated in the design, it is suggested to set both the MREG and PREG attributes to 1 when performing multiply functions.
WARNING: [DRC DPOP-4] MREG Output pipelining: DSP U_FFT_TOP/U_BF_1/U_BF_1_1/U_FAC8_1_1_1/p_0_out__10 multiplier stage U_FFT_TOP/U_BF_1/U_BF_1_1/U_FAC8_1_1_1/p_0_out__10/P[47:0] is not pipelined (MREG=0). Pipelining the multiplier function will improve performance and will save significant power so it is suggested whenever possible to fully pipeline this function.  If this multiplier was inferred, it is suggested to describe an additional register stage after this function.  If there is no registered adder/accumulator following the multiply function, two pipeline stages are suggested to allow both the MREG and PREG registers to be used.  If the DSP48 was instantiated in the design, it is suggested to set both the MREG and PREG attributes to 1 when performing multiply functions.
WARNING: [DRC DPOP-4] MREG Output pipelining: DSP U_FFT_TOP/U_BF_1/U_BF_1_1/U_FAC8_1_1_1/p_0_out__11 multiplier stage U_FFT_TOP/U_BF_1/U_BF_1_1/U_FAC8_1_1_1/p_0_out__11/P[47:0] is not pipelined (MREG=0). Pipelining the multiplier function will improve performance and will save significant power so it is suggested whenever possible to fully pipeline this function.  If this multiplier was inferred, it is suggested to describe an additional register stage after this function.  If there is no registered adder/accumulator following the multiply function, two pipeline stages are suggested to allow both the MREG and PREG registers to be used.  If the DSP48 was instantiated in the design, it is suggested to set both the MREG and PREG attributes to 1 when performing multiply functions.
WARNING: [DRC DPOP-4] MREG Output pipelining: DSP U_FFT_TOP/U_BF_1/U_BF_1_1/U_FAC8_1_1_1/p_0_out__12 multiplier stage U_FFT_TOP/U_BF_1/U_BF_1_1/U_FAC8_1_1_1/p_0_out__12/P[47:0] is not pipelined (MREG=0). Pipelining the multiplier function will improve performance and will save significant power so it is suggested whenever possible to fully pipeline this function.  If this multiplier was inferred, it is suggested to describe an additional register stage after this function.  If there is no registered adder/accumulator following the multiply function, two pipeline stages are suggested to allow both the MREG and PREG registers to be used.  If the DSP48 was instantiated in the design, it is suggested to set both the MREG and PREG attributes to 1 when performing multiply functions.
WARNING: [DRC DPOP-4] MREG Output pipelining: DSP U_FFT_TOP/U_BF_1/U_BF_1_1/U_FAC8_1_1_1/p_0_out__13 multiplier stage U_FFT_TOP/U_BF_1/U_BF_1_1/U_FAC8_1_1_1/p_0_out__13/P[47:0] is not pipelined (MREG=0). Pipelining the multiplier function will improve performance and will save significant power so it is suggested whenever possible to fully pipeline this function.  If this multiplier was inferred, it is suggested to describe an additional register stage after this function.  If there is no registered adder/accumulator following the multiply function, two pipeline stages are suggested to allow both the MREG and PREG registers to be used.  If the DSP48 was instantiated in the design, it is suggested to set both the MREG and PREG attributes to 1 when performing multiply functions.
WARNING: [DRC DPOP-4] MREG Output pipelining: DSP U_FFT_TOP/U_BF_1/U_BF_1_1/U_FAC8_1_1_1/p_0_out__14 multiplier stage U_FFT_TOP/U_BF_1/U_BF_1_1/U_FAC8_1_1_1/p_0_out__14/P[47:0] is not pipelined (MREG=0). Pipelining the multiplier function will improve performance and will save significant power so it is suggested whenever possible to fully pipeline this function.  If this multiplier was inferred, it is suggested to describe an additional register stage after this function.  If there is no registered adder/accumulator following the multiply function, two pipeline stages are suggested to allow both the MREG and PREG registers to be used.  If the DSP48 was instantiated in the design, it is suggested to set both the MREG and PREG attributes to 1 when performing multiply functions.
WARNING: [DRC DPOP-4] MREG Output pipelining: DSP U_FFT_TOP/U_BF_1/U_BF_1_1/U_FAC8_1_1_1/p_0_out__2 multiplier stage U_FFT_TOP/U_BF_1/U_BF_1_1/U_FAC8_1_1_1/p_0_out__2/P[47:0] is not pipelined (MREG=0). Pipelining the multiplier function will improve performance and will save significant power so it is suggested whenever possible to fully pipeline this function.  If this multiplier was inferred, it is suggested to describe an additional register stage after this function.  If there is no registered adder/accumulator following the multiply function, two pipeline stages are suggested to allow both the MREG and PREG registers to be used.  If the DSP48 was instantiated in the design, it is suggested to set both the MREG and PREG attributes to 1 when performing multiply functions.
WARNING: [DRC DPOP-4] MREG Output pipelining: DSP U_FFT_TOP/U_BF_1/U_BF_1_1/U_FAC8_1_1_1/p_0_out__3 multiplier stage U_FFT_TOP/U_BF_1/U_BF_1_1/U_FAC8_1_1_1/p_0_out__3/P[47:0] is not pipelined (MREG=0). Pipelining the multiplier function will improve performance and will save significant power so it is suggested whenever possible to fully pipeline this function.  If this multiplier was inferred, it is suggested to describe an additional register stage after this function.  If there is no registered adder/accumulator following the multiply function, two pipeline stages are suggested to allow both the MREG and PREG registers to be used.  If the DSP48 was instantiated in the design, it is suggested to set both the MREG and PREG attributes to 1 when performing multiply functions.
WARNING: [DRC DPOP-4] MREG Output pipelining: DSP U_FFT_TOP/U_BF_1/U_BF_1_1/U_FAC8_1_1_1/p_0_out__4 multiplier stage U_FFT_TOP/U_BF_1/U_BF_1_1/U_FAC8_1_1_1/p_0_out__4/P[47:0] is not pipelined (MREG=0). Pipelining the multiplier function will improve performance and will save significant power so it is suggested whenever possible to fully pipeline this function.  If this multiplier was inferred, it is suggested to describe an additional register stage after this function.  If there is no registered adder/accumulator following the multiply function, two pipeline stages are suggested to allow both the MREG and PREG registers to be used.  If the DSP48 was instantiated in the design, it is suggested to set both the MREG and PREG attributes to 1 when performing multiply functions.
WARNING: [DRC DPOP-4] MREG Output pipelining: DSP U_FFT_TOP/U_BF_1/U_BF_1_1/U_FAC8_1_1_1/p_0_out__5 multiplier stage U_FFT_TOP/U_BF_1/U_BF_1_1/U_FAC8_1_1_1/p_0_out__5/P[47:0] is not pipelined (MREG=0). Pipelining the multiplier function will improve performance and will save significant power so it is suggested whenever possible to fully pipeline this function.  If this multiplier was inferred, it is suggested to describe an additional register stage after this function.  If there is no registered adder/accumulator following the multiply function, two pipeline stages are suggested to allow both the MREG and PREG registers to be used.  If the DSP48 was instantiated in the design, it is suggested to set both the MREG and PREG attributes to 1 when performing multiply functions.
WARNING: [DRC DPOP-4] MREG Output pipelining: DSP U_FFT_TOP/U_BF_1/U_BF_1_1/U_FAC8_1_1_1/p_0_out__6 multiplier stage U_FFT_TOP/U_BF_1/U_BF_1_1/U_FAC8_1_1_1/p_0_out__6/P[47:0] is not pipelined (MREG=0). Pipelining the multiplier function will improve performance and will save significant power so it is suggested whenever possible to fully pipeline this function.  If this multiplier was inferred, it is suggested to describe an additional register stage after this function.  If there is no registered adder/accumulator following the multiply function, two pipeline stages are suggested to allow both the MREG and PREG registers to be used.  If the DSP48 was instantiated in the design, it is suggested to set both the MREG and PREG attributes to 1 when performing multiply functions.
WARNING: [DRC DPOP-4] MREG Output pipelining: DSP U_FFT_TOP/U_BF_1/U_BF_1_1/U_FAC8_1_1_1/p_0_out__7 multiplier stage U_FFT_TOP/U_BF_1/U_BF_1_1/U_FAC8_1_1_1/p_0_out__7/P[47:0] is not pipelined (MREG=0). Pipelining the multiplier function will improve performance and will save significant power so it is suggested whenever possible to fully pipeline this function.  If this multiplier was inferred, it is suggested to describe an additional register stage after this function.  If there is no registered adder/accumulator following the multiply function, two pipeline stages are suggested to allow both the MREG and PREG registers to be used.  If the DSP48 was instantiated in the design, it is suggested to set both the MREG and PREG attributes to 1 when performing multiply functions.
WARNING: [DRC DPOP-4] MREG Output pipelining: DSP U_FFT_TOP/U_BF_1/U_BF_1_1/U_FAC8_1_1_1/p_0_out__8 multiplier stage U_FFT_TOP/U_BF_1/U_BF_1_1/U_FAC8_1_1_1/p_0_out__8/P[47:0] is not pipelined (MREG=0). Pipelining the multiplier function will improve performance and will save significant power so it is suggested whenever possible to fully pipeline this function.  If this multiplier was inferred, it is suggested to describe an additional register stage after this function.  If there is no registered adder/accumulator following the multiply function, two pipeline stages are suggested to allow both the MREG and PREG registers to be used.  If the DSP48 was instantiated in the design, it is suggested to set both the MREG and PREG attributes to 1 when performing multiply functions.
WARNING: [DRC DPOP-4] MREG Output pipelining: DSP U_FFT_TOP/U_BF_1/U_BF_1_1/U_FAC8_1_1_1/p_0_out__9 multiplier stage U_FFT_TOP/U_BF_1/U_BF_1_1/U_FAC8_1_1_1/p_0_out__9/P[47:0] is not pipelined (MREG=0). Pipelining the multiplier function will improve performance and will save significant power so it is suggested whenever possible to fully pipeline this function.  If this multiplier was inferred, it is suggested to describe an additional register stage after this function.  If there is no registered adder/accumulator following the multiply function, two pipeline stages are suggested to allow both the MREG and PREG registers to be used.  If the DSP48 was instantiated in the design, it is suggested to set both the MREG and PREG attributes to 1 when performing multiply functions.
WARNING: [DRC DPOP-4] MREG Output pipelining: DSP U_FFT_TOP/U_BF_1/U_BF_1_1/U_FAC8_1_1_1/p_1_out multiplier stage U_FFT_TOP/U_BF_1/U_BF_1_1/U_FAC8_1_1_1/p_1_out/P[47:0] is not pipelined (MREG=0). Pipelining the multiplier function will improve performance and will save significant power so it is suggested whenever possible to fully pipeline this function.  If this multiplier was inferred, it is suggested to describe an additional register stage after this function.  If there is no registered adder/accumulator following the multiply function, two pipeline stages are suggested to allow both the MREG and PREG registers to be used.  If the DSP48 was instantiated in the design, it is suggested to set both the MREG and PREG attributes to 1 when performing multiply functions.
WARNING: [DRC DPOP-4] MREG Output pipelining: DSP U_FFT_TOP/U_BF_1/U_BF_1_1/U_FAC8_1_1_1/p_1_out__0 multiplier stage U_FFT_TOP/U_BF_1/U_BF_1_1/U_FAC8_1_1_1/p_1_out__0/P[47:0] is not pipelined (MREG=0). Pipelining the multiplier function will improve performance and will save significant power so it is suggested whenever possible to fully pipeline this function.  If this multiplier was inferred, it is suggested to describe an additional register stage after this function.  If there is no registered adder/accumulator following the multiply function, two pipeline stages are suggested to allow both the MREG and PREG registers to be used.  If the DSP48 was instantiated in the design, it is suggested to set both the MREG and PREG attributes to 1 when performing multiply functions.
WARNING: [DRC DPOP-4] MREG Output pipelining: DSP U_FFT_TOP/U_BF_1/U_BF_1_1/U_FAC8_1_1_1/p_1_out__1 multiplier stage U_FFT_TOP/U_BF_1/U_BF_1_1/U_FAC8_1_1_1/p_1_out__1/P[47:0] is not pipelined (MREG=0). Pipelining the multiplier function will improve performance and will save significant power so it is suggested whenever possible to fully pipeline this function.  If this multiplier was inferred, it is suggested to describe an additional register stage after this function.  If there is no registered adder/accumulator following the multiply function, two pipeline stages are suggested to allow both the MREG and PREG registers to be used.  If the DSP48 was instantiated in the design, it is suggested to set both the MREG and PREG attributes to 1 when performing multiply functions.
WARNING: [DRC DPOP-4] MREG Output pipelining: DSP U_FFT_TOP/U_BF_1/U_BF_1_1/U_FAC8_1_1_1/p_1_out__2 multiplier stage U_FFT_TOP/U_BF_1/U_BF_1_1/U_FAC8_1_1_1/p_1_out__2/P[47:0] is not pipelined (MREG=0). Pipelining the multiplier function will improve performance and will save significant power so it is suggested whenever possible to fully pipeline this function.  If this multiplier was inferred, it is suggested to describe an additional register stage after this function.  If there is no registered adder/accumulator following the multiply function, two pipeline stages are suggested to allow both the MREG and PREG registers to be used.  If the DSP48 was instantiated in the design, it is suggested to set both the MREG and PREG attributes to 1 when performing multiply functions.
INFO: [Common 17-14] Message 'DRC DPOP-4' appears 100 times and further instances of the messages will be disabled. Use the Tcl command set_msg_config to change the current settings.
WARNING: [DRC RTSTAT-10] No routable loads: 21 net(s) have no routable loads. The problem bus(es) and/or net(s) are dbg_hub/inst/BSCANID.u_xsdbm_id/CORE_XSDB.UUT_MASTER/U_ICON_INTERFACE/U_CMD6_RD/U_RD_FIFO/SUBCORE_FIFO.xsdbm_v3_0_0_rdfifo_inst/inst_fifo_gen/gconvfifo.rf/grf.rf/gntv_or_sync_fifo.gl0.rd/gr1.gr1_int.rfwft/aempty_fwft_i, dbg_hub/inst/BSCANID.u_xsdbm_id/CORE_XSDB.UUT_MASTER/U_ICON_INTERFACE/U_CMD7_CTL/ctl_reg[2:0], dbg_hub/inst/BSCANID.u_xsdbm_id/CORE_XSDB.UUT_MASTER/U_ICON_INTERFACE/U_CMD7_CTL/ctl_reg_en_2[1], dbg_hub/inst/BSCANID.u_xsdbm_id/CORE_XSDB.UUT_MASTER/U_ICON_INTERFACE/U_CMD1/ctl_reg_en_2[1], dbg_hub/inst/BSCANID.u_xsdbm_id/SWITCH_N_EXT_BSCAN.bscan_switch/m_bscan_capture[0], dbg_hub/inst/BSCANID.u_xsdbm_id/SWITCH_N_EXT_BSCAN.bscan_switch/m_bscan_drck[0], dbg_hub/inst/BSCANID.u_xsdbm_id/SWITCH_N_EXT_BSCAN.bscan_switch/m_bscan_runtest[0], dbg_hub/inst/BSCANID.u_xsdbm_id/CORE_XSDB.UUT_MASTER/U_ICON_INTERFACE/U_CMD6_WR/U_WR_FIFO/SUBCORE_FIFO.xsdbm_v3_0_0_wrfifo_inst/inst_fifo_gen/gconvfifo.rf/grf.rf/gntv_or_sync_fifo.gl0.wr/gwhf.whf/overflow, dbg_hub/inst/BSCANID.u_xsdbm_id/CORE_XSDB.UUT_MASTER/U_ICON_INTERFACE/U_CMD6_RD/U_RD_FIFO/SUBCORE_FIFO.xsdbm_v3_0_0_rdfifo_inst/inst_fifo_gen/gconvfifo.rf/grf.rf/gntv_or_sync_fifo.gl0.wr/gwhf.whf/overflow, U_VIO/inst/PROBE_OUT_ALL_INST/G_PROBE_OUT[0].PROBE_OUT0_INST/probe_out0[0], dbg_hub/inst/BSCANID.u_xsdbm_id/CORE_XSDB.UUT_MASTER/U_ICON_INTERFACE/U_CMD6_RD/U_RD_FIFO/SUBCORE_FIFO.xsdbm_v3_0_0_rdfifo_inst/inst_fifo_gen/gconvfifo.rf/grf.rf/gntv_or_sync_fifo.gl0.rd/gras.rsts/ram_empty_i, dbg_hub/inst/BSCANID.u_xsdbm_id/CORE_XSDB.UUT_MASTER/U_ICON_INTERFACE/U_CMD6_WR/U_WR_FIFO/SUBCORE_FIFO.xsdbm_v3_0_0_wrfifo_inst/inst_fifo_gen/gconvfifo.rf/grf.rf/gntv_or_sync_fifo.gl0.wr/gwas.wsts/ram_full_i, dbg_hub/inst/BSCANID.u_xsdbm_id/CORE_XSDB.UUT_MASTER/U_ICON_INTERFACE/U_CMD6_WR/U_WR_FIFO/SUBCORE_FIFO.xsdbm_v3_0_0_wrfifo_inst/inst_fifo_gen/gconvfifo.rf/grf.rf/rstblk/rd_rst_reg[0], U_COS_GEN/rom_index_reg[7], dbg_hub/inst/BSCANID.u_xsdbm_id/SWITCH_N_EXT_BSCAN.bscan_inst/s_bscan_tms... and (the first 15 of 19 listed).
INFO: [Vivado 12-3199] DRC finished with 0 Errors, 469 Warnings
INFO: [Vivado 12-3200] Please refer to the DRC report (report_drc) for more information.
INFO: [Designutils 20-2272] Running write_bitstream with 2 threads.
Loading data files...
Loading site data...
Loading route data...
Processing options...
Creating bitmap...
Creating bitstream...
Writing bitstream ./TOP_test_fft.bit...
INFO: [Vivado 12-1842] Bitgen Completed Successfully.
INFO: [Project 1-120] WebTalk data collection is mandatory when using a WebPACK part without a full Vivado license. To see the specific WebTalk data collected for your design, open the usage_statistics_webtalk.html or usage_statistics_webtalk.xml file in the implementation directory.
INFO: [Common 17-83] Releasing license: Implementation
14 Infos, 283 Warnings, 0 Critical Warnings and 0 Errors encountered.
write_bitstream completed successfully
write_bitstream: Time (s): cpu = 00:00:44 ; elapsed = 00:00:35 . Memory (MB): peak = 4982.156 ; gain = 399.172
INFO: [Common 17-206] Exiting Vivado at Thu Aug 28 15:29:30 2025...
