
*** Running vivado
    with args -log TOP_test_fft.vds -m64 -product Vivado -mode batch -messageDb vivado.pb -notrace -source TOP_test_fft.tcl



****** Vivado v2020.2 (64-bit)
  **** SW Build 3064766 on Wed Nov 18 09:12:45 MST 2020
  **** IP Build 3064653 on Wed Nov 18 14:17:31 MST 2020
    ** Copyright 1986-2020 Xilinx, Inc. All Rights Reserved.

source TOP_test_fft.tcl -notrace
Command: synth_design -top TOP_test_fft -part xczu7ev-fbvb900-1-i
Starting synth_design
Attempting to get a license for feature 'Synthesis' and/or device 'xczu7ev'
INFO: [Common 17-349] Got license for feature 'Synthesis' and/or device 'xczu7ev'
INFO: [Device 21-403] Loading part xczu7ev-fbvb900-1-i
INFO: [Synth 8-7079] Multithreading enabled for synth_design using a maximum of 2 processes.
INFO: [Synth 8-7078] Launching helper process for spawning children vivado processes
INFO: [Synth 8-7075] Helper process launched with PID 2276
WARNING: [Synth 8-2507] parameter declaration becomes local in add_sub_2_1 with formal parameter declaration list [C:/Users/kccistc/Desktop/fft_pga/fft_vi/src/add_sub_2_1.sv:18]
WARNING: [Synth 8-2507] parameter declaration becomes local in add_sub_2_1 with formal parameter declaration list [C:/Users/kccistc/Desktop/fft_pga/fft_vi/src/add_sub_2_1.sv:19]
WARNING: [Synth 8-2507] parameter declaration becomes local in bit_shift_1 with formal parameter declaration list [C:/Users/kccistc/Desktop/fft_pga/fft_vi/src/bit_shift_1.sv:22]
WARNING: [Synth 8-2507] parameter declaration becomes local in min_detect_1 with formal parameter declaration list [C:/Users/kccistc/Desktop/fft_pga/fft_vi/src/min_1.sv:12]
---------------------------------------------------------------------------------
Starting RTL Elaboration : Time (s): cpu = 00:00:03 ; elapsed = 00:00:03 . Memory (MB): peak = 1704.031 ; gain = 119.367
---------------------------------------------------------------------------------
INFO: [Synth 8-6157] synthesizing module 'TOP_test_fft' [C:/Users/kccistc/Desktop/fft_pga/fft_vi/src/TOP_test_fft.sv:3]
INFO: [Synth 8-6157] synthesizing module 'clk_wiz_0' [C:/D_drive_backup/Working/FPGA_AI_25_2/fft_fpga/fft_fpga.runs/synth_1/.Xil/Vivado-17036-DESKTOP-7CFQ9ND/realtime/clk_wiz_0_stub.v:5]
INFO: [Synth 8-6155] done synthesizing module 'clk_wiz_0' (1#1) [C:/D_drive_backup/Working/FPGA_AI_25_2/fft_fpga/fft_fpga.runs/synth_1/.Xil/Vivado-17036-DESKTOP-7CFQ9ND/realtime/clk_wiz_0_stub.v:5]
WARNING: [Synth 8-7071] port 'locked' of module 'clk_wiz_0' is unconnected for instance 'U_CLK_WIZ' [C:/Users/kccistc/Desktop/fft_pga/fft_vi/src/TOP_test_fft.sv:18]
WARNING: [Synth 8-7023] instance 'U_CLK_WIZ' of module 'clk_wiz_0' has 5 connections declared, but only 4 given [C:/Users/kccistc/Desktop/fft_pga/fft_vi/src/TOP_test_fft.sv:18]
INFO: [Synth 8-6157] synthesizing module 'cos_gen_rom' [C:/Users/kccistc/Desktop/fft_pga/fft_vi/src/cos_gen_rom.sv:3]
	Parameter WIDTH bound to: 9 - type: integer 
	Parameter DEPTH bound to: 512 - type: integer 
INFO: [Synth 8-251] ?”ƒ Reading ROM... [C:/Users/kccistc/Desktop/fft_pga/fft_vi/src/cos_gen_rom.sv:131]
INFO: [Synth 8-3876] $readmem data file 'cos_rom_re.mem' is read successfully [C:/Users/kccistc/Desktop/fft_pga/fft_vi/src/cos_gen_rom.sv:132]
INFO: [Synth 8-3876] $readmem data file 'cos_rom_im.mem' is read successfully [C:/Users/kccistc/Desktop/fft_pga/fft_vi/src/cos_gen_rom.sv:133]
INFO: [Synth 8-251] ??ROM read done. [C:/Users/kccistc/Desktop/fft_pga/fft_vi/src/cos_gen_rom.sv:134]
INFO: [Synth 8-6155] done synthesizing module 'cos_gen_rom' (2#1) [C:/Users/kccistc/Desktop/fft_pga/fft_vi/src/cos_gen_rom.sv:3]
INFO: [Synth 8-6157] synthesizing module 'fft_top' [C:/Users/kccistc/Desktop/fft_pga/fft_vi/src/fft_top.sv:3]
INFO: [Synth 8-6157] synthesizing module 'butterfly_0' [C:/Users/kccistc/Desktop/fft_pga/fft_vi/src/butterfly0.sv:3]
	Parameter WIDTH_0_0_IN bound to: 9 - type: integer 
	Parameter WIDTH_0_0_OUT bound to: 10 - type: integer 
	Parameter WIDTH_0_1_OUT bound to: 13 - type: integer 
	Parameter WIDTH_0_2_OUT bound to: 22 - type: integer 
	Parameter WIDTH_CBFP_0_OUT bound to: 11 - type: integer 
	Parameter DATA_WIDTH bound to: 16 - type: integer 
INFO: [Synth 8-6157] synthesizing module 'butterfly_0_0' [C:/Users/kccistc/Desktop/fft_pga/fft_vi/src/butterfly_0_0.sv:3]
	Parameter WIDTH bound to: 9 - type: integer 
	Parameter O_WIDTH bound to: 10 - type: integer 
	Parameter DATA_WIDTH bound to: 16 - type: integer 
	Parameter DATA_HEIGHT bound to: 16 - type: integer 
INFO: [Synth 8-6157] synthesizing module 'demux_1to2' [C:/Users/kccistc/Desktop/fft_pga/fft_vi/src/demux_1to2.sv:3]
	Parameter WIDTH bound to: 9 - type: integer 
	Parameter DATA_WIDTH bound to: 16 - type: integer 
INFO: [Synth 8-6155] done synthesizing module 'demux_1to2' (3#1) [C:/Users/kccistc/Desktop/fft_pga/fft_vi/src/demux_1to2.sv:3]
INFO: [Synth 8-6157] synthesizing module 'shift_register_1sub' [C:/Users/kccistc/Desktop/fft_pga/fft_vi/src/shift_register_1sub.sv:3]
	Parameter WIDTH bound to: 9 - type: integer 
	Parameter DATA_WIDTH bound to: 16 - type: integer 
	Parameter DATA_HEIGHT bound to: 16 - type: integer 
INFO: [Synth 8-6155] done synthesizing module 'shift_register_1sub' (4#1) [C:/Users/kccistc/Desktop/fft_pga/fft_vi/src/shift_register_1sub.sv:3]
INFO: [Synth 8-6157] synthesizing module 'add_sub_fac0' [C:/Users/kccistc/Desktop/fft_pga/fft_vi/src/add_sub_fac0.sv:3]
	Parameter WIDTH bound to: 9 - type: integer 
	Parameter DATA_WIDTH bound to: 16 - type: integer 
INFO: [Synth 8-6155] done synthesizing module 'add_sub_fac0' (5#1) [C:/Users/kccistc/Desktop/fft_pga/fft_vi/src/add_sub_fac0.sv:3]
INFO: [Synth 8-6157] synthesizing module 'shift_register_1sub__parameterized0' [C:/Users/kccistc/Desktop/fft_pga/fft_vi/src/shift_register_1sub.sv:3]
	Parameter WIDTH bound to: 10 - type: integer 
	Parameter DATA_WIDTH bound to: 16 - type: integer 
	Parameter DATA_HEIGHT bound to: 16 - type: integer 
INFO: [Synth 8-6155] done synthesizing module 'shift_register_1sub__parameterized0' (5#1) [C:/Users/kccistc/Desktop/fft_pga/fft_vi/src/shift_register_1sub.sv:3]
INFO: [Synth 8-6157] synthesizing module 'mux_2x1' [C:/Users/kccistc/Desktop/fft_pga/fft_vi/src/mux_2x1.sv:3]
	Parameter WIDTH bound to: 10 - type: integer 
	Parameter DATA_WIDTH bound to: 16 - type: integer 
INFO: [Synth 8-6155] done synthesizing module 'mux_2x1' (6#1) [C:/Users/kccistc/Desktop/fft_pga/fft_vi/src/mux_2x1.sv:3]
INFO: [Synth 8-6155] done synthesizing module 'butterfly_0_0' (7#1) [C:/Users/kccistc/Desktop/fft_pga/fft_vi/src/butterfly_0_0.sv:3]
INFO: [Synth 8-6157] synthesizing module 'butterfly_0_1' [C:/Users/kccistc/Desktop/fft_pga/fft_vi/src/butterfly_0_1.sv:4]
	Parameter WIDTH bound to: 10 - type: integer 
	Parameter O_WIDTH bound to: 13 - type: integer 
	Parameter DATA_WIDTH bound to: 16 - type: integer 
	Parameter DATA_HEIGHT bound to: 8 - type: integer 
INFO: [Synth 8-6157] synthesizing module 'demux_1to2__parameterized0' [C:/Users/kccistc/Desktop/fft_pga/fft_vi/src/demux_1to2.sv:3]
	Parameter WIDTH bound to: 10 - type: integer 
	Parameter DATA_WIDTH bound to: 16 - type: integer 
INFO: [Synth 8-6155] done synthesizing module 'demux_1to2__parameterized0' (7#1) [C:/Users/kccistc/Desktop/fft_pga/fft_vi/src/demux_1to2.sv:3]
INFO: [Synth 8-6157] synthesizing module 'shift_register_1sub__parameterized1' [C:/Users/kccistc/Desktop/fft_pga/fft_vi/src/shift_register_1sub.sv:3]
	Parameter WIDTH bound to: 10 - type: integer 
	Parameter DATA_WIDTH bound to: 16 - type: integer 
	Parameter DATA_HEIGHT bound to: 8 - type: integer 
INFO: [Synth 8-6155] done synthesizing module 'shift_register_1sub__parameterized1' (7#1) [C:/Users/kccistc/Desktop/fft_pga/fft_vi/src/shift_register_1sub.sv:3]
INFO: [Synth 8-6157] synthesizing module 'add_sub' [C:/Users/kccistc/Desktop/fft_pga/fft_vi/src/add_sub.sv:3]
	Parameter WIDTH bound to: 10 - type: integer 
	Parameter DATA_WIDTH bound to: 16 - type: integer 
INFO: [Synth 8-6155] done synthesizing module 'add_sub' (8#1) [C:/Users/kccistc/Desktop/fft_pga/fft_vi/src/add_sub.sv:3]
INFO: [Synth 8-6157] synthesizing module 'shift_register_1sub__parameterized2' [C:/Users/kccistc/Desktop/fft_pga/fft_vi/src/shift_register_1sub.sv:3]
	Parameter WIDTH bound to: 11 - type: integer 
	Parameter DATA_WIDTH bound to: 16 - type: integer 
	Parameter DATA_HEIGHT bound to: 8 - type: integer 
INFO: [Synth 8-6155] done synthesizing module 'shift_register_1sub__parameterized2' (8#1) [C:/Users/kccistc/Desktop/fft_pga/fft_vi/src/shift_register_1sub.sv:3]
INFO: [Synth 8-6157] synthesizing module 'mux_2x1__parameterized0' [C:/Users/kccistc/Desktop/fft_pga/fft_vi/src/mux_2x1.sv:3]
	Parameter WIDTH bound to: 11 - type: integer 
	Parameter DATA_WIDTH bound to: 16 - type: integer 
INFO: [Synth 8-6155] done synthesizing module 'mux_2x1__parameterized0' (8#1) [C:/Users/kccistc/Desktop/fft_pga/fft_vi/src/mux_2x1.sv:3]
INFO: [Synth 8-6157] synthesizing module 'fac8_1' [C:/Users/kccistc/Desktop/fft_pga/fft_vi/src/fac_8_1.sv:3]
	Parameter I_WIDTH bound to: 11 - type: integer 
	Parameter FAC_WIDTH bound to: 21 - type: integer 
	Parameter O_WIDTH bound to: 13 - type: integer 
	Parameter DATA_WIDTH bound to: 16 - type: integer 
	Parameter SHIFT bound to: 8 - type: integer 
INFO: [Synth 8-6155] done synthesizing module 'fac8_1' (9#1) [C:/Users/kccistc/Desktop/fft_pga/fft_vi/src/fac_8_1.sv:3]
INFO: [Synth 8-6155] done synthesizing module 'butterfly_0_1' (10#1) [C:/Users/kccistc/Desktop/fft_pga/fft_vi/src/butterfly_0_1.sv:4]
INFO: [Synth 8-6157] synthesizing module 'butterfly_0_2' [C:/Users/kccistc/Desktop/fft_pga/fft_vi/src/butterfly_0_2.sv:3]
	Parameter I_WIDTH bound to: 13 - type: integer 
	Parameter O_WIDTH bound to: 22 - type: integer 
	Parameter DATA_WIDTH bound to: 16 - type: integer 
	Parameter DATA_HEIGHT bound to: 4 - type: integer 
INFO: [Synth 8-6157] synthesizing module 'demux_1to2__parameterized1' [C:/Users/kccistc/Desktop/fft_pga/fft_vi/src/demux_1to2.sv:3]
	Parameter WIDTH bound to: 13 - type: integer 
	Parameter DATA_WIDTH bound to: 16 - type: integer 
INFO: [Synth 8-6155] done synthesizing module 'demux_1to2__parameterized1' (10#1) [C:/Users/kccistc/Desktop/fft_pga/fft_vi/src/demux_1to2.sv:3]
INFO: [Synth 8-6157] synthesizing module 'shift_register_1sub__parameterized3' [C:/Users/kccistc/Desktop/fft_pga/fft_vi/src/shift_register_1sub.sv:3]
	Parameter WIDTH bound to: 13 - type: integer 
	Parameter DATA_WIDTH bound to: 16 - type: integer 
	Parameter DATA_HEIGHT bound to: 4 - type: integer 
INFO: [Synth 8-6155] done synthesizing module 'shift_register_1sub__parameterized3' (10#1) [C:/Users/kccistc/Desktop/fft_pga/fft_vi/src/shift_register_1sub.sv:3]
INFO: [Synth 8-6157] synthesizing module 'add_sub__parameterized0' [C:/Users/kccistc/Desktop/fft_pga/fft_vi/src/add_sub.sv:3]
	Parameter WIDTH bound to: 13 - type: integer 
	Parameter DATA_WIDTH bound to: 16 - type: integer 
INFO: [Synth 8-6155] done synthesizing module 'add_sub__parameterized0' (10#1) [C:/Users/kccistc/Desktop/fft_pga/fft_vi/src/add_sub.sv:3]
INFO: [Synth 8-6157] synthesizing module 'sat' [C:/Users/kccistc/Desktop/fft_pga/fft_vi/src/sat.sv:3]
	Parameter WIDTH bound to: 14 - type: integer 
	Parameter SAT_WIDTH bound to: 13 - type: integer 
WARNING: [Synth 8-324] index 16 out of range [C:/Users/kccistc/Desktop/fft_pga/fft_vi/src/sat.sv:14]
WARNING: [Synth 8-324] index 16 out of range [C:/Users/kccistc/Desktop/fft_pga/fft_vi/src/sat.sv:17]
WARNING: [Synth 8-324] index 16 out of range [C:/Users/kccistc/Desktop/fft_pga/fft_vi/src/sat.sv:21]
WARNING: [Synth 8-324] index 16 out of range [C:/Users/kccistc/Desktop/fft_pga/fft_vi/src/sat.sv:21]
WARNING: [Synth 8-324] index 17 out of range [C:/Users/kccistc/Desktop/fft_pga/fft_vi/src/sat.sv:14]
WARNING: [Synth 8-324] index 17 out of range [C:/Users/kccistc/Desktop/fft_pga/fft_vi/src/sat.sv:17]
WARNING: [Synth 8-324] index 17 out of range [C:/Users/kccistc/Desktop/fft_pga/fft_vi/src/sat.sv:21]
WARNING: [Synth 8-324] index 17 out of range [C:/Users/kccistc/Desktop/fft_pga/fft_vi/src/sat.sv:21]
WARNING: [Synth 8-324] index 18 out of range [C:/Users/kccistc/Desktop/fft_pga/fft_vi/src/sat.sv:14]
WARNING: [Synth 8-324] index 18 out of range [C:/Users/kccistc/Desktop/fft_pga/fft_vi/src/sat.sv:17]
WARNING: [Synth 8-324] index 18 out of range [C:/Users/kccistc/Desktop/fft_pga/fft_vi/src/sat.sv:21]
WARNING: [Synth 8-324] index 18 out of range [C:/Users/kccistc/Desktop/fft_pga/fft_vi/src/sat.sv:21]
WARNING: [Synth 8-324] index 19 out of range [C:/Users/kccistc/Desktop/fft_pga/fft_vi/src/sat.sv:14]
WARNING: [Synth 8-324] index 19 out of range [C:/Users/kccistc/Desktop/fft_pga/fft_vi/src/sat.sv:17]
WARNING: [Synth 8-324] index 19 out of range [C:/Users/kccistc/Desktop/fft_pga/fft_vi/src/sat.sv:21]
WARNING: [Synth 8-324] index 19 out of range [C:/Users/kccistc/Desktop/fft_pga/fft_vi/src/sat.sv:21]
WARNING: [Synth 8-324] index 20 out of range [C:/Users/kccistc/Desktop/fft_pga/fft_vi/src/sat.sv:14]
WARNING: [Synth 8-324] index 20 out of range [C:/Users/kccistc/Desktop/fft_pga/fft_vi/src/sat.sv:17]
WARNING: [Synth 8-324] index 20 out of range [C:/Users/kccistc/Desktop/fft_pga/fft_vi/src/sat.sv:21]
WARNING: [Synth 8-324] index 20 out of range [C:/Users/kccistc/Desktop/fft_pga/fft_vi/src/sat.sv:21]
WARNING: [Synth 8-324] index 21 out of range [C:/Users/kccistc/Desktop/fft_pga/fft_vi/src/sat.sv:14]
WARNING: [Synth 8-324] index 21 out of range [C:/Users/kccistc/Desktop/fft_pga/fft_vi/src/sat.sv:17]
WARNING: [Synth 8-324] index 21 out of range [C:/Users/kccistc/Desktop/fft_pga/fft_vi/src/sat.sv:21]
WARNING: [Synth 8-324] index 21 out of range [C:/Users/kccistc/Desktop/fft_pga/fft_vi/src/sat.sv:21]
WARNING: [Synth 8-324] index 22 out of range [C:/Users/kccistc/Desktop/fft_pga/fft_vi/src/sat.sv:14]
WARNING: [Synth 8-324] index 22 out of range [C:/Users/kccistc/Desktop/fft_pga/fft_vi/src/sat.sv:17]
WARNING: [Synth 8-324] index 22 out of range [C:/Users/kccistc/Desktop/fft_pga/fft_vi/src/sat.sv:21]
WARNING: [Synth 8-324] index 22 out of range [C:/Users/kccistc/Desktop/fft_pga/fft_vi/src/sat.sv:21]
WARNING: [Synth 8-324] index 23 out of range [C:/Users/kccistc/Desktop/fft_pga/fft_vi/src/sat.sv:14]
WARNING: [Synth 8-324] index 23 out of range [C:/Users/kccistc/Desktop/fft_pga/fft_vi/src/sat.sv:17]
WARNING: [Synth 8-324] index 23 out of range [C:/Users/kccistc/Desktop/fft_pga/fft_vi/src/sat.sv:21]
WARNING: [Synth 8-324] index 23 out of range [C:/Users/kccistc/Desktop/fft_pga/fft_vi/src/sat.sv:21]
WARNING: [Synth 8-324] index 24 out of range [C:/Users/kccistc/Desktop/fft_pga/fft_vi/src/sat.sv:14]
WARNING: [Synth 8-324] index 24 out of range [C:/Users/kccistc/Desktop/fft_pga/fft_vi/src/sat.sv:17]
WARNING: [Synth 8-324] index 24 out of range [C:/Users/kccistc/Desktop/fft_pga/fft_vi/src/sat.sv:21]
WARNING: [Synth 8-324] index 24 out of range [C:/Users/kccistc/Desktop/fft_pga/fft_vi/src/sat.sv:21]
WARNING: [Synth 8-324] index 25 out of range [C:/Users/kccistc/Desktop/fft_pga/fft_vi/src/sat.sv:14]
WARNING: [Synth 8-324] index 25 out of range [C:/Users/kccistc/Desktop/fft_pga/fft_vi/src/sat.sv:17]
WARNING: [Synth 8-324] index 25 out of range [C:/Users/kccistc/Desktop/fft_pga/fft_vi/src/sat.sv:21]
WARNING: [Synth 8-324] index 25 out of range [C:/Users/kccistc/Desktop/fft_pga/fft_vi/src/sat.sv:21]
WARNING: [Synth 8-324] index 26 out of range [C:/Users/kccistc/Desktop/fft_pga/fft_vi/src/sat.sv:14]
WARNING: [Synth 8-324] index 26 out of range [C:/Users/kccistc/Desktop/fft_pga/fft_vi/src/sat.sv:17]
WARNING: [Synth 8-324] index 26 out of range [C:/Users/kccistc/Desktop/fft_pga/fft_vi/src/sat.sv:21]
WARNING: [Synth 8-324] index 26 out of range [C:/Users/kccistc/Desktop/fft_pga/fft_vi/src/sat.sv:21]
WARNING: [Synth 8-324] index 27 out of range [C:/Users/kccistc/Desktop/fft_pga/fft_vi/src/sat.sv:14]
WARNING: [Synth 8-324] index 27 out of range [C:/Users/kccistc/Desktop/fft_pga/fft_vi/src/sat.sv:17]
WARNING: [Synth 8-324] index 27 out of range [C:/Users/kccistc/Desktop/fft_pga/fft_vi/src/sat.sv:21]
WARNING: [Synth 8-324] index 27 out of range [C:/Users/kccistc/Desktop/fft_pga/fft_vi/src/sat.sv:21]
WARNING: [Synth 8-324] index 28 out of range [C:/Users/kccistc/Desktop/fft_pga/fft_vi/src/sat.sv:14]
WARNING: [Synth 8-324] index 28 out of range [C:/Users/kccistc/Desktop/fft_pga/fft_vi/src/sat.sv:17]
WARNING: [Synth 8-324] index 28 out of range [C:/Users/kccistc/Desktop/fft_pga/fft_vi/src/sat.sv:21]
WARNING: [Synth 8-324] index 28 out of range [C:/Users/kccistc/Desktop/fft_pga/fft_vi/src/sat.sv:21]
WARNING: [Synth 8-324] index 29 out of range [C:/Users/kccistc/Desktop/fft_pga/fft_vi/src/sat.sv:14]
WARNING: [Synth 8-324] index 29 out of range [C:/Users/kccistc/Desktop/fft_pga/fft_vi/src/sat.sv:17]
WARNING: [Synth 8-324] index 29 out of range [C:/Users/kccistc/Desktop/fft_pga/fft_vi/src/sat.sv:21]
WARNING: [Synth 8-324] index 29 out of range [C:/Users/kccistc/Desktop/fft_pga/fft_vi/src/sat.sv:21]
WARNING: [Synth 8-324] index 30 out of range [C:/Users/kccistc/Desktop/fft_pga/fft_vi/src/sat.sv:14]
WARNING: [Synth 8-324] index 30 out of range [C:/Users/kccistc/Desktop/fft_pga/fft_vi/src/sat.sv:17]
WARNING: [Synth 8-324] index 30 out of range [C:/Users/kccistc/Desktop/fft_pga/fft_vi/src/sat.sv:21]
WARNING: [Synth 8-324] index 30 out of range [C:/Users/kccistc/Desktop/fft_pga/fft_vi/src/sat.sv:21]
WARNING: [Synth 8-324] index 31 out of range [C:/Users/kccistc/Desktop/fft_pga/fft_vi/src/sat.sv:14]
WARNING: [Synth 8-324] index 31 out of range [C:/Users/kccistc/Desktop/fft_pga/fft_vi/src/sat.sv:17]
WARNING: [Synth 8-324] index 31 out of range [C:/Users/kccistc/Desktop/fft_pga/fft_vi/src/sat.sv:21]
WARNING: [Synth 8-324] index 31 out of range [C:/Users/kccistc/Desktop/fft_pga/fft_vi/src/sat.sv:21]
WARNING: [Synth 8-324] index 32 out of range [C:/Users/kccistc/Desktop/fft_pga/fft_vi/src/sat.sv:14]
WARNING: [Synth 8-324] index 32 out of range [C:/Users/kccistc/Desktop/fft_pga/fft_vi/src/sat.sv:17]
WARNING: [Synth 8-324] index 32 out of range [C:/Users/kccistc/Desktop/fft_pga/fft_vi/src/sat.sv:21]
WARNING: [Synth 8-324] index 32 out of range [C:/Users/kccistc/Desktop/fft_pga/fft_vi/src/sat.sv:21]
WARNING: [Synth 8-324] index 33 out of range [C:/Users/kccistc/Desktop/fft_pga/fft_vi/src/sat.sv:14]
WARNING: [Synth 8-324] index 33 out of range [C:/Users/kccistc/Desktop/fft_pga/fft_vi/src/sat.sv:17]
WARNING: [Synth 8-324] index 33 out of range [C:/Users/kccistc/Desktop/fft_pga/fft_vi/src/sat.sv:21]
WARNING: [Synth 8-324] index 33 out of range [C:/Users/kccistc/Desktop/fft_pga/fft_vi/src/sat.sv:21]
WARNING: [Synth 8-324] index 34 out of range [C:/Users/kccistc/Desktop/fft_pga/fft_vi/src/sat.sv:14]
WARNING: [Synth 8-324] index 34 out of range [C:/Users/kccistc/Desktop/fft_pga/fft_vi/src/sat.sv:17]
WARNING: [Synth 8-324] index 34 out of range [C:/Users/kccistc/Desktop/fft_pga/fft_vi/src/sat.sv:21]
WARNING: [Synth 8-324] index 34 out of range [C:/Users/kccistc/Desktop/fft_pga/fft_vi/src/sat.sv:21]
WARNING: [Synth 8-324] index 35 out of range [C:/Users/kccistc/Desktop/fft_pga/fft_vi/src/sat.sv:14]
WARNING: [Synth 8-324] index 35 out of range [C:/Users/kccistc/Desktop/fft_pga/fft_vi/src/sat.sv:17]
WARNING: [Synth 8-324] index 35 out of range [C:/Users/kccistc/Desktop/fft_pga/fft_vi/src/sat.sv:21]
WARNING: [Synth 8-324] index 35 out of range [C:/Users/kccistc/Desktop/fft_pga/fft_vi/src/sat.sv:21]
WARNING: [Synth 8-324] index 36 out of range [C:/Users/kccistc/Desktop/fft_pga/fft_vi/src/sat.sv:14]
WARNING: [Synth 8-324] index 36 out of range [C:/Users/kccistc/Desktop/fft_pga/fft_vi/src/sat.sv:17]
WARNING: [Synth 8-324] index 36 out of range [C:/Users/kccistc/Desktop/fft_pga/fft_vi/src/sat.sv:21]
WARNING: [Synth 8-324] index 36 out of range [C:/Users/kccistc/Desktop/fft_pga/fft_vi/src/sat.sv:21]
WARNING: [Synth 8-324] index 37 out of range [C:/Users/kccistc/Desktop/fft_pga/fft_vi/src/sat.sv:14]
WARNING: [Synth 8-324] index 37 out of range [C:/Users/kccistc/Desktop/fft_pga/fft_vi/src/sat.sv:17]
WARNING: [Synth 8-324] index 37 out of range [C:/Users/kccistc/Desktop/fft_pga/fft_vi/src/sat.sv:21]
WARNING: [Synth 8-324] index 37 out of range [C:/Users/kccistc/Desktop/fft_pga/fft_vi/src/sat.sv:21]
WARNING: [Synth 8-324] index 38 out of range [C:/Users/kccistc/Desktop/fft_pga/fft_vi/src/sat.sv:14]
WARNING: [Synth 8-324] index 38 out of range [C:/Users/kccistc/Desktop/fft_pga/fft_vi/src/sat.sv:17]
WARNING: [Synth 8-324] index 38 out of range [C:/Users/kccistc/Desktop/fft_pga/fft_vi/src/sat.sv:21]
WARNING: [Synth 8-324] index 38 out of range [C:/Users/kccistc/Desktop/fft_pga/fft_vi/src/sat.sv:21]
WARNING: [Synth 8-324] index 39 out of range [C:/Users/kccistc/Desktop/fft_pga/fft_vi/src/sat.sv:14]
WARNING: [Synth 8-324] index 39 out of range [C:/Users/kccistc/Desktop/fft_pga/fft_vi/src/sat.sv:17]
WARNING: [Synth 8-324] index 39 out of range [C:/Users/kccistc/Desktop/fft_pga/fft_vi/src/sat.sv:21]
WARNING: [Synth 8-324] index 39 out of range [C:/Users/kccistc/Desktop/fft_pga/fft_vi/src/sat.sv:21]
WARNING: [Synth 8-324] index 40 out of range [C:/Users/kccistc/Desktop/fft_pga/fft_vi/src/sat.sv:14]
WARNING: [Synth 8-324] index 40 out of range [C:/Users/kccistc/Desktop/fft_pga/fft_vi/src/sat.sv:17]
WARNING: [Synth 8-324] index 40 out of range [C:/Users/kccistc/Desktop/fft_pga/fft_vi/src/sat.sv:21]
WARNING: [Synth 8-324] index 40 out of range [C:/Users/kccistc/Desktop/fft_pga/fft_vi/src/sat.sv:21]
INFO: [Common 17-14] Message 'Synth 8-324' appears 100 times and further instances of the messages will be disabled. Use the Tcl command set_msg_config to change the current settings.
INFO: [Synth 8-6155] done synthesizing module 'sat' (11#1) [C:/Users/kccistc/Desktop/fft_pga/fft_vi/src/sat.sv:3]
INFO: [Synth 8-6157] synthesizing module 'mux_twiddle_input' [C:/Users/kccistc/Desktop/fft_pga/fft_vi/src/mux_twiddle_input.sv:1]
INFO: [Synth 8-6157] synthesizing module 'shift_register' [C:/Users/kccistc/Desktop/fft_pga/fft_vi/src/shift_register.sv:3]
	Parameter WIDTH bound to: 13 - type: integer 
	Parameter DATA_WIDTH bound to: 16 - type: integer 
	Parameter DATA_HEIGHT bound to: 3 - type: integer 
INFO: [Synth 8-6155] done synthesizing module 'shift_register' (12#1) [C:/Users/kccistc/Desktop/fft_pga/fft_vi/src/shift_register.sv:3]
INFO: [Synth 8-6155] done synthesizing module 'mux_twiddle_input' (13#1) [C:/Users/kccistc/Desktop/fft_pga/fft_vi/src/mux_twiddle_input.sv:1]
INFO: [Synth 8-6157] synthesizing module 'twiddle_mult_pipe' [C:/Users/kccistc/Desktop/fft_pga/fft_vi/src/twiddle_mult_pipe.sv:1]
	Parameter I_WIDTH bound to: 13 - type: integer 
	Parameter O_WIDTH bound to: 22 - type: integer 
	Parameter DATA_WIDTH bound to: 16 - type: integer 
INFO: [Synth 8-6157] synthesizing module 'twiddle_512' [C:/Users/kccistc/Desktop/fft_pga/fft_vi/src/twiddle_512.sv:7]
INFO: [Synth 8-6155] done synthesizing module 'twiddle_512' (14#1) [C:/Users/kccistc/Desktop/fft_pga/fft_vi/src/twiddle_512.sv:7]
INFO: [Synth 8-6157] synthesizing module 'mutl_tw' [C:/Users/kccistc/Desktop/fft_pga/fft_vi/src/mutl_tw.sv:3]
	Parameter WIDTH bound to: 13 - type: integer 
INFO: [Synth 8-6155] done synthesizing module 'mutl_tw' (15#1) [C:/Users/kccistc/Desktop/fft_pga/fft_vi/src/mutl_tw.sv:3]
INFO: [Synth 8-6155] done synthesizing module 'twiddle_mult_pipe' (16#1) [C:/Users/kccistc/Desktop/fft_pga/fft_vi/src/twiddle_mult_pipe.sv:1]
INFO: [Synth 8-6155] done synthesizing module 'butterfly_0_2' (17#1) [C:/Users/kccistc/Desktop/fft_pga/fft_vi/src/butterfly_0_2.sv:3]
INFO: [Synth 8-6157] synthesizing module 'cbfp' [C:/Users/kccistc/Desktop/fft_pga/fft_vi/src/cbfp.sv:3]
	Parameter I_WIDTH bound to: 22 - type: integer 
	Parameter O_WIDTH bound to: 11 - type: integer 
	Parameter DATA_WIDTH bound to: 16 - type: integer 
	Parameter GROUP_WIDTH bound to: 64 - type: integer 
INFO: [Synth 8-6157] synthesizing module 'mag_detect' [C:/Users/kccistc/Desktop/fft_pga/fft_vi/src/mag.sv:3]
	Parameter I_WIDTH bound to: 22 - type: integer 
	Parameter DATA_WIDTH bound to: 16 - type: integer 
INFO: [Synth 8-6155] done synthesizing module 'mag_detect' (18#1) [C:/Users/kccistc/Desktop/fft_pga/fft_vi/src/mag.sv:3]
INFO: [Synth 8-6157] synthesizing module 'min_detect' [C:/Users/kccistc/Desktop/fft_pga/fft_vi/src/min.sv:3]
	Parameter DATA_WIDTH bound to: 16 - type: integer 
INFO: [Synth 8-6155] done synthesizing module 'min_detect' (19#1) [C:/Users/kccistc/Desktop/fft_pga/fft_vi/src/min.sv:3]
INFO: [Synth 8-6157] synthesizing module 'shift_register__parameterized0' [C:/Users/kccistc/Desktop/fft_pga/fft_vi/src/shift_register.sv:3]
	Parameter WIDTH bound to: 23 - type: integer 
	Parameter DATA_WIDTH bound to: 16 - type: integer 
	Parameter DATA_HEIGHT bound to: 4 - type: integer 
INFO: [Synth 8-6155] done synthesizing module 'shift_register__parameterized0' (19#1) [C:/Users/kccistc/Desktop/fft_pga/fft_vi/src/shift_register.sv:3]
INFO: [Synth 8-6157] synthesizing module 'bit_shift_0' [C:/Users/kccistc/Desktop/fft_pga/fft_vi/src/bit_shift.sv:3]
	Parameter LENGTH bound to: 12 - type: integer 
	Parameter I_WIDTH bound to: 23 - type: integer 
	Parameter O_WIDTH bound to: 11 - type: integer 
	Parameter DATA_WIDTH bound to: 16 - type: integer 
INFO: [Synth 8-6155] done synthesizing module 'bit_shift_0' (20#1) [C:/Users/kccistc/Desktop/fft_pga/fft_vi/src/bit_shift.sv:3]
INFO: [Synth 8-6155] done synthesizing module 'cbfp' (21#1) [C:/Users/kccistc/Desktop/fft_pga/fft_vi/src/cbfp.sv:3]
INFO: [Synth 8-6155] done synthesizing module 'butterfly_0' (22#1) [C:/Users/kccistc/Desktop/fft_pga/fft_vi/src/butterfly0.sv:3]
INFO: [Synth 8-6157] synthesizing module 'butterfly_1' [C:/Users/kccistc/Desktop/fft_pga/fft_vi/src/butterfly1.sv:3]
	Parameter WIDTH_1_0_IN bound to: 11 - type: integer 
	Parameter WIDTH_1_0_OUT bound to: 12 - type: integer 
	Parameter WIDTH_1_1_OUT bound to: 14 - type: integer 
	Parameter WIDTH_1_2_OUT bound to: 24 - type: integer 
	Parameter WIDTH_CBFP_1_OUT bound to: 12 - type: integer 
	Parameter DATA_WIDTH bound to: 16 - type: integer 
INFO: [Synth 8-6157] synthesizing module 'butterfly_1_0' [C:/Users/kccistc/Desktop/fft_pga/fft_vi/src/butterfly_1_0.sv:3]
	Parameter I_WIDTH bound to: 11 - type: integer 
	Parameter O_WIDTH bound to: 12 - type: integer 
	Parameter DATA_WIDTH bound to: 16 - type: integer 
	Parameter DATA_HEIGHT bound to: 2 - type: integer 
INFO: [Synth 8-6157] synthesizing module 'demux_1to2__parameterized2' [C:/Users/kccistc/Desktop/fft_pga/fft_vi/src/demux_1to2.sv:3]
	Parameter WIDTH bound to: 11 - type: integer 
	Parameter DATA_WIDTH bound to: 16 - type: integer 
INFO: [Synth 8-6155] done synthesizing module 'demux_1to2__parameterized2' (22#1) [C:/Users/kccistc/Desktop/fft_pga/fft_vi/src/demux_1to2.sv:3]
INFO: [Synth 8-6157] synthesizing module 'shift_register_1sub__parameterized4' [C:/Users/kccistc/Desktop/fft_pga/fft_vi/src/shift_register_1sub.sv:3]
	Parameter WIDTH bound to: 11 - type: integer 
	Parameter DATA_WIDTH bound to: 16 - type: integer 
	Parameter DATA_HEIGHT bound to: 2 - type: integer 
INFO: [Synth 8-6155] done synthesizing module 'shift_register_1sub__parameterized4' (22#1) [C:/Users/kccistc/Desktop/fft_pga/fft_vi/src/shift_register_1sub.sv:3]
INFO: [Synth 8-6157] synthesizing module 'add_sub_1_0_fac_8_0' [C:/Users/kccistc/Desktop/fft_pga/fft_vi/src/add_sub_1_0_fac_8_0.sv:3]
	Parameter WIDTH bound to: 11 - type: integer 
	Parameter DATA_WIDTH bound to: 16 - type: integer 
INFO: [Synth 8-6155] done synthesizing module 'add_sub_1_0_fac_8_0' (23#1) [C:/Users/kccistc/Desktop/fft_pga/fft_vi/src/add_sub_1_0_fac_8_0.sv:3]
INFO: [Synth 8-6157] synthesizing module 'shift_register_1sub__parameterized5' [C:/Users/kccistc/Desktop/fft_pga/fft_vi/src/shift_register_1sub.sv:3]
	Parameter WIDTH bound to: 12 - type: integer 
	Parameter DATA_WIDTH bound to: 16 - type: integer 
	Parameter DATA_HEIGHT bound to: 2 - type: integer 
INFO: [Synth 8-6155] done synthesizing module 'shift_register_1sub__parameterized5' (23#1) [C:/Users/kccistc/Desktop/fft_pga/fft_vi/src/shift_register_1sub.sv:3]
INFO: [Synth 8-6157] synthesizing module 'mux_2x1__parameterized1' [C:/Users/kccistc/Desktop/fft_pga/fft_vi/src/mux_2x1.sv:3]
	Parameter WIDTH bound to: 12 - type: integer 
	Parameter DATA_WIDTH bound to: 16 - type: integer 
INFO: [Synth 8-6155] done synthesizing module 'mux_2x1__parameterized1' (23#1) [C:/Users/kccistc/Desktop/fft_pga/fft_vi/src/mux_2x1.sv:3]
INFO: [Synth 8-6155] done synthesizing module 'butterfly_1_0' (24#1) [C:/Users/kccistc/Desktop/fft_pga/fft_vi/src/butterfly_1_0.sv:3]
INFO: [Synth 8-6157] synthesizing module 'butterfly_1_1' [C:/Users/kccistc/Desktop/fft_pga/fft_vi/src/butterfly_1_1.sv:3]
	Parameter I_WIDTH bound to: 12 - type: integer 
	Parameter O_WIDTH bound to: 14 - type: integer 
	Parameter DATA_WIDTH bound to: 16 - type: integer 
INFO: [Synth 8-6157] synthesizing module 'demux_1to2__parameterized3' [C:/Users/kccistc/Desktop/fft_pga/fft_vi/src/demux_1to2.sv:3]
	Parameter WIDTH bound to: 12 - type: integer 
	Parameter DATA_WIDTH bound to: 16 - type: integer 
INFO: [Synth 8-6155] done synthesizing module 'demux_1to2__parameterized3' (24#1) [C:/Users/kccistc/Desktop/fft_pga/fft_vi/src/demux_1to2.sv:3]
INFO: [Synth 8-6157] synthesizing module 'delay' [C:/Users/kccistc/Desktop/fft_pga/fft_vi/src/delay.sv:3]
	Parameter WIDTH bound to: 12 - type: integer 
	Parameter DATA_WIDTH bound to: 16 - type: integer 
INFO: [Synth 8-6155] done synthesizing module 'delay' (25#1) [C:/Users/kccistc/Desktop/fft_pga/fft_vi/src/delay.sv:3]
INFO: [Synth 8-6157] synthesizing module 'add_sub__parameterized1' [C:/Users/kccistc/Desktop/fft_pga/fft_vi/src/add_sub.sv:3]
	Parameter WIDTH bound to: 12 - type: integer 
	Parameter DATA_WIDTH bound to: 16 - type: integer 
INFO: [Synth 8-6155] done synthesizing module 'add_sub__parameterized1' (25#1) [C:/Users/kccistc/Desktop/fft_pga/fft_vi/src/add_sub.sv:3]
INFO: [Synth 8-6157] synthesizing module 'delay__parameterized0' [C:/Users/kccistc/Desktop/fft_pga/fft_vi/src/delay.sv:3]
	Parameter WIDTH bound to: 13 - type: integer 
	Parameter DATA_WIDTH bound to: 16 - type: integer 
INFO: [Synth 8-6155] done synthesizing module 'delay__parameterized0' (25#1) [C:/Users/kccistc/Desktop/fft_pga/fft_vi/src/delay.sv:3]
INFO: [Synth 8-6157] synthesizing module 'mux_2x1__parameterized2' [C:/Users/kccistc/Desktop/fft_pga/fft_vi/src/mux_2x1.sv:3]
	Parameter WIDTH bound to: 13 - type: integer 
	Parameter DATA_WIDTH bound to: 16 - type: integer 
INFO: [Synth 8-6155] done synthesizing module 'mux_2x1__parameterized2' (25#1) [C:/Users/kccistc/Desktop/fft_pga/fft_vi/src/mux_2x1.sv:3]
INFO: [Synth 8-6157] synthesizing module 'fac8_1_1_1' [C:/Users/kccistc/Desktop/fft_pga/fft_vi/src/fac8_1_1_1.sv:3]
	Parameter I_WIDTH bound to: 13 - type: integer 
	Parameter FAC_WIDTH bound to: 22 - type: integer 
	Parameter O_WIDTH bound to: 14 - type: integer 
	Parameter DATA_WIDTH bound to: 16 - type: integer 
	Parameter SHIFT bound to: 8 - type: integer 
INFO: [Synth 8-6155] done synthesizing module 'fac8_1_1_1' (26#1) [C:/Users/kccistc/Desktop/fft_pga/fft_vi/src/fac8_1_1_1.sv:3]
INFO: [Synth 8-6155] done synthesizing module 'butterfly_1_1' (27#1) [C:/Users/kccistc/Desktop/fft_pga/fft_vi/src/butterfly_1_1.sv:3]
INFO: [Synth 8-6157] synthesizing module 'butterfly_1_2' [C:/Users/kccistc/Desktop/fft_pga/fft_vi/src/butterfly_1_2.sv:3]
	Parameter I_WIDTH bound to: 14 - type: integer 
	Parameter O_WIDTH bound to: 24 - type: integer 
	Parameter DATA_WIDTH bound to: 16 - type: integer 
INFO: [Synth 8-6157] synthesizing module 'add_sub_1_2' [C:/Users/kccistc/Desktop/fft_pga/fft_vi/src/add_sub_1_2.sv:3]
	Parameter WIDTH bound to: 14 - type: integer 
	Parameter DATA_WIDTH bound to: 16 - type: integer 
INFO: [Synth 8-6155] done synthesizing module 'add_sub_1_2' (28#1) [C:/Users/kccistc/Desktop/fft_pga/fft_vi/src/add_sub_1_2.sv:3]
INFO: [Synth 8-6157] synthesizing module 'twiddle_mult_m1' [C:/Users/kccistc/Desktop/fft_pga/fft_vi/src/twiddle_mult_m1.sv:1]
	Parameter I_WIDTH bound to: 15 - type: integer 
	Parameter O_WIDTH bound to: 24 - type: integer 
	Parameter DATA_WIDTH bound to: 16 - type: integer 
INFO: [Synth 8-6157] synthesizing module 'twiddle_64' [C:/Users/kccistc/Desktop/fft_pga/fft_vi/src/twiddle_64.sv:7]
INFO: [Synth 8-6155] done synthesizing module 'twiddle_64' (29#1) [C:/Users/kccistc/Desktop/fft_pga/fft_vi/src/twiddle_64.sv:7]
INFO: [Synth 8-6157] synthesizing module 'mutl_tw__parameterized0' [C:/Users/kccistc/Desktop/fft_pga/fft_vi/src/mutl_tw.sv:3]
	Parameter WIDTH bound to: 15 - type: integer 
INFO: [Synth 8-6155] done synthesizing module 'mutl_tw__parameterized0' (29#1) [C:/Users/kccistc/Desktop/fft_pga/fft_vi/src/mutl_tw.sv:3]
INFO: [Synth 8-6155] done synthesizing module 'twiddle_mult_m1' (30#1) [C:/Users/kccistc/Desktop/fft_pga/fft_vi/src/twiddle_mult_m1.sv:1]
INFO: [Synth 8-6155] done synthesizing module 'butterfly_1_2' (31#1) [C:/Users/kccistc/Desktop/fft_pga/fft_vi/src/butterfly_1_2.sv:3]
INFO: [Synth 8-6157] synthesizing module 'cbfp_1' [C:/Users/kccistc/Desktop/fft_pga/fft_vi/src/cbfp_1.sv:3]
	Parameter I_WIDTH bound to: 24 - type: integer 
	Parameter O_WIDTH bound to: 12 - type: integer 
	Parameter DATA_WIDTH bound to: 16 - type: integer 
INFO: [Synth 8-6157] synthesizing module 'mag_detect_1' [C:/Users/kccistc/Desktop/fft_pga/fft_vi/src/mag_1.sv:3]
	Parameter I_WIDTH bound to: 24 - type: integer 
	Parameter DATA_WIDTH bound to: 16 - type: integer 
INFO: [Synth 8-6155] done synthesizing module 'mag_detect_1' (32#1) [C:/Users/kccistc/Desktop/fft_pga/fft_vi/src/mag_1.sv:3]
INFO: [Synth 8-6157] synthesizing module 'min_detect_1' [C:/Users/kccistc/Desktop/fft_pga/fft_vi/src/min_1.sv:3]
	Parameter DATA_WIDTH bound to: 16 - type: integer 
	Parameter HALF bound to: 8 - type: integer 
INFO: [Synth 8-6155] done synthesizing module 'min_detect_1' (33#1) [C:/Users/kccistc/Desktop/fft_pga/fft_vi/src/min_1.sv:3]
INFO: [Synth 8-6157] synthesizing module 'bit_shift_1' [C:/Users/kccistc/Desktop/fft_pga/fft_vi/src/bit_shift_1.sv:3]
	Parameter LENGTH bound to: 13 - type: integer 
	Parameter I_WIDTH bound to: 25 - type: integer 
	Parameter O_WIDTH bound to: 12 - type: integer 
	Parameter DATA_WIDTH bound to: 16 - type: integer 
	Parameter HALF bound to: 8 - type: integer 
INFO: [Synth 8-6155] done synthesizing module 'bit_shift_1' (34#1) [C:/Users/kccistc/Desktop/fft_pga/fft_vi/src/bit_shift_1.sv:3]
INFO: [Synth 8-6155] done synthesizing module 'cbfp_1' (35#1) [C:/Users/kccistc/Desktop/fft_pga/fft_vi/src/cbfp_1.sv:3]
INFO: [Synth 8-6155] done synthesizing module 'butterfly_1' (36#1) [C:/Users/kccistc/Desktop/fft_pga/fft_vi/src/butterfly1.sv:3]
INFO: [Synth 8-6157] synthesizing module 'butterfly_2' [C:/Users/kccistc/Desktop/fft_pga/fft_vi/src/butterfly2.sv:3]
	Parameter WIDTH_2_0_IN bound to: 12 - type: integer 
	Parameter WIDTH_2_0_OUT bound to: 13 - type: integer 
	Parameter WIDTH_2_1_OUT bound to: 15 - type: integer 
	Parameter WIDTH_2_2_OUT bound to: 13 - type: integer 
	Parameter DATA_WIDTH bound to: 16 - type: integer 
INFO: [Synth 8-6157] synthesizing module 'butterfly_2_0' [C:/Users/kccistc/Desktop/fft_pga/fft_vi/src/butterfly_2_0.sv:3]
	Parameter I_WIDTH bound to: 12 - type: integer 
	Parameter O_WIDTH bound to: 13 - type: integer 
	Parameter DATA_WIDTH bound to: 16 - type: integer 
INFO: [Synth 8-6157] synthesizing module 'add_sub_2_0' [C:/Users/kccistc/Desktop/fft_pga/fft_vi/src/add_sub_2_0.sv:3]
	Parameter I_WIDTH bound to: 12 - type: integer 
	Parameter O_WIDTH bound to: 13 - type: integer 
INFO: [Synth 8-6155] done synthesizing module 'add_sub_2_0' (37#1) [C:/Users/kccistc/Desktop/fft_pga/fft_vi/src/add_sub_2_0.sv:3]
INFO: [Synth 8-6155] done synthesizing module 'butterfly_2_0' (38#1) [C:/Users/kccistc/Desktop/fft_pga/fft_vi/src/butterfly_2_0.sv:3]
INFO: [Synth 8-6157] synthesizing module 'butterfly_2_1' [C:/Users/kccistc/Desktop/fft_pga/fft_vi/src/butterfly_2_1.sv:3]
	Parameter I_WIDTH bound to: 13 - type: integer 
	Parameter O_WIDTH bound to: 15 - type: integer 
	Parameter DATA_WIDTH bound to: 16 - type: integer 
INFO: [Synth 8-6157] synthesizing module 'add_sub_2_1' [C:/Users/kccistc/Desktop/fft_pga/fft_vi/src/add_sub_2_1.sv:3]
	Parameter I_WIDTH bound to: 13 - type: integer 
	Parameter O_WIDTH bound to: 14 - type: integer 
	Parameter DATA_WIDTH bound to: 16 - type: integer 
	Parameter ONE bound to: 2 - type: integer 
	Parameter TWO bound to: 4 - type: integer 
	Parameter THREE bound to: 6 - type: integer 
	Parameter FOUR bound to: 8 - type: integer 
	Parameter FIVE bound to: 10 - type: integer 
	Parameter SIX bound to: 12 - type: integer 
	Parameter SEVEN bound to: 14 - type: integer 
INFO: [Synth 8-6155] done synthesizing module 'add_sub_2_1' (39#1) [C:/Users/kccistc/Desktop/fft_pga/fft_vi/src/add_sub_2_1.sv:3]
INFO: [Synth 8-6157] synthesizing module 'fac8_1_2_1' [C:/Users/kccistc/Desktop/fft_pga/fft_vi/src/fac_8_1_2_1.sv:3]
	Parameter I_WIDTH bound to: 14 - type: integer 
	Parameter FAC_WIDTH bound to: 23 - type: integer 
	Parameter O_WIDTH bound to: 15 - type: integer 
	Parameter DATA_WIDTH bound to: 16 - type: integer 
	Parameter SHIFT bound to: 8 - type: integer 
INFO: [Synth 8-6155] done synthesizing module 'fac8_1_2_1' (40#1) [C:/Users/kccistc/Desktop/fft_pga/fft_vi/src/fac_8_1_2_1.sv:3]
INFO: [Synth 8-6155] done synthesizing module 'butterfly_2_1' (41#1) [C:/Users/kccistc/Desktop/fft_pga/fft_vi/src/butterfly_2_1.sv:3]
INFO: [Synth 8-6157] synthesizing module 'butterfly_2_2' [C:/Users/kccistc/Desktop/fft_pga/fft_vi/src/butterfly_2_2.sv:3]
	Parameter I_WIDTH bound to: 15 - type: integer 
	Parameter O_WIDTH bound to: 13 - type: integer 
	Parameter DATA_WIDTH bound to: 16 - type: integer 
INFO: [Synth 8-6157] synthesizing module 'add_sub_2_2' [C:/Users/kccistc/Desktop/fft_pga/fft_vi/src/add_sub_2_2.sv:3]
	Parameter I_WIDTH bound to: 15 - type: integer 
	Parameter O_WIDTH bound to: 16 - type: integer 
	Parameter DATA_WIDTH bound to: 16 - type: integer 
INFO: [Synth 8-6155] done synthesizing module 'add_sub_2_2' (42#1) [C:/Users/kccistc/Desktop/fft_pga/fft_vi/src/add_sub_2_2.sv:3]
INFO: [Synth 8-6157] synthesizing module 'index_fifo' [C:/Users/kccistc/Desktop/fft_pga/fft_vi/src/index_fifo.sv:3]
	Parameter WIDTH bound to: 5 - type: integer 
	Parameter DATA_WIDTH bound to: 16 - type: integer 
	Parameter MAX bound to: 32 - type: integer 
INFO: [Synth 8-6155] done synthesizing module 'index_fifo' (43#1) [C:/Users/kccistc/Desktop/fft_pga/fft_vi/src/index_fifo.sv:3]
INFO: [Synth 8-6157] synthesizing module 'cbfp_normalize' [C:/Users/kccistc/Desktop/fft_pga/fft_vi/src/cbfp_normalize.sv:3]
	Parameter I_WIDTH bound to: 16 - type: integer 
	Parameter O_WIDTH bound to: 13 - type: integer 
INFO: [Synth 8-6155] done synthesizing module 'cbfp_normalize' (44#1) [C:/Users/kccistc/Desktop/fft_pga/fft_vi/src/cbfp_normalize.sv:3]
INFO: [Synth 8-6157] synthesizing module 'reorder' [C:/Users/kccistc/Desktop/fft_pga/fft_vi/src/reorder.sv:3]
	Parameter WIDTH bound to: 13 - type: integer 
INFO: [Synth 8-6155] done synthesizing module 'reorder' (45#1) [C:/Users/kccistc/Desktop/fft_pga/fft_vi/src/reorder.sv:3]
INFO: [Synth 8-6155] done synthesizing module 'butterfly_2_2' (46#1) [C:/Users/kccistc/Desktop/fft_pga/fft_vi/src/butterfly_2_2.sv:3]
INFO: [Synth 8-6155] done synthesizing module 'butterfly_2' (47#1) [C:/Users/kccistc/Desktop/fft_pga/fft_vi/src/butterfly2.sv:3]
INFO: [Synth 8-6155] done synthesizing module 'fft_top' (48#1) [C:/Users/kccistc/Desktop/fft_pga/fft_vi/src/fft_top.sv:3]
WARNING: [Synth 8-4446] all outputs are unconnected for this instance and logic may be removed [C:/Users/kccistc/Desktop/fft_pga/fft_vi/src/TOP_test_fft.sv:48]
INFO: [Synth 8-6157] synthesizing module 'vio_0' [C:/D_drive_backup/Working/FPGA_AI_25_2/fft_fpga/fft_fpga.runs/synth_1/.Xil/Vivado-17036-DESKTOP-7CFQ9ND/realtime/vio_0_stub.v:6]
INFO: [Synth 8-6155] done synthesizing module 'vio_0' (49#1) [C:/D_drive_backup/Working/FPGA_AI_25_2/fft_fpga/fft_fpga.runs/synth_1/.Xil/Vivado-17036-DESKTOP-7CFQ9ND/realtime/vio_0_stub.v:6]
INFO: [Synth 8-6071] Mark debug on the nets applies keep_hierarchy on instance 'U_FFT_TOP'. This will prevent further optimization [C:/Users/kccistc/Desktop/fft_pga/fft_vi/src/TOP_test_fft.sv:37]
INFO: [Synth 8-6071] Mark debug on the nets applies keep_hierarchy on instance 'U_VIO'. This will prevent further optimization [C:/Users/kccistc/Desktop/fft_pga/fft_vi/src/TOP_test_fft.sv:48]
INFO: [Synth 8-6155] done synthesizing module 'TOP_test_fft' (50#1) [C:/Users/kccistc/Desktop/fft_pga/fft_vi/src/TOP_test_fft.sv:3]
---------------------------------------------------------------------------------
Finished RTL Elaboration : Time (s): cpu = 00:00:18 ; elapsed = 00:00:19 . Memory (MB): peak = 2245.094 ; gain = 660.430
---------------------------------------------------------------------------------
---------------------------------------------------------------------------------
Start Handling Custom Attributes
---------------------------------------------------------------------------------
---------------------------------------------------------------------------------
Finished Handling Custom Attributes : Time (s): cpu = 00:00:22 ; elapsed = 00:00:24 . Memory (MB): peak = 2265.422 ; gain = 680.758
---------------------------------------------------------------------------------
---------------------------------------------------------------------------------
Finished RTL Optimization Phase 1 : Time (s): cpu = 00:00:22 ; elapsed = 00:00:24 . Memory (MB): peak = 2265.422 ; gain = 680.758
---------------------------------------------------------------------------------
Netlist sorting complete. Time (s): cpu = 00:00:01 ; elapsed = 00:00:01 . Memory (MB): peak = 2265.422 ; gain = 0.000
INFO: [Project 1-570] Preparing netlist for logic optimization

Processing XDC Constraints
Initializing timing engine
Parsing XDC File [c:/D_drive_backup/Working/FPGA_AI_25_2/fft_fpga/fft_fpga.gen/sources_1/ip/clk_wiz_0/clk_wiz_0/clk_wiz_0_in_context.xdc] for cell 'U_CLK_WIZ'
Finished Parsing XDC File [c:/D_drive_backup/Working/FPGA_AI_25_2/fft_fpga/fft_fpga.gen/sources_1/ip/clk_wiz_0/clk_wiz_0/clk_wiz_0_in_context.xdc] for cell 'U_CLK_WIZ'
Parsing XDC File [c:/D_drive_backup/Working/FPGA_AI_25_2/fft_fpga/fft_fpga.gen/sources_1/ip/vio_0/vio_0/vio_0_in_context.xdc] for cell 'U_VIO'
Finished Parsing XDC File [c:/D_drive_backup/Working/FPGA_AI_25_2/fft_fpga/fft_fpga.gen/sources_1/ip/vio_0/vio_0/vio_0_in_context.xdc] for cell 'U_VIO'
Parsing XDC File [C:/Users/kccistc/Desktop/fft_pga/fft_vi/constrs/uz7ev_evcc_factest.xdc]
Finished Parsing XDC File [C:/Users/kccistc/Desktop/fft_pga/fft_vi/constrs/uz7ev_evcc_factest.xdc]
INFO: [Project 1-236] Implementation specific constraints were found while reading constraint file [C:/Users/kccistc/Desktop/fft_pga/fft_vi/constrs/uz7ev_evcc_factest.xdc]. These constraints will be ignored for synthesis but will be used in implementation. Impacted constraints are listed in the file [.Xil/TOP_test_fft_propImpl.xdc].
Resolution: To avoid this warning, move constraints listed in [.Xil/TOP_test_fft_propImpl.xdc] to another XDC file and exclude this new file from synthesis with the used_in_synthesis property (File Properties dialog in GUI) and re-run elaboration/synthesis.
Completed Processing XDC Constraints

Netlist sorting complete. Time (s): cpu = 00:00:00 ; elapsed = 00:00:00.022 . Memory (MB): peak = 2477.348 ; gain = 0.273
INFO: [Project 1-111] Unisim Transformation Summary:
No Unisim elements were transformed.

Constraint Validation Runtime : Time (s): cpu = 00:00:01 ; elapsed = 00:00:00.507 . Memory (MB): peak = 2477.348 ; gain = 0.000
---------------------------------------------------------------------------------
Finished Constraint Validation : Time (s): cpu = 00:00:49 ; elapsed = 00:00:51 . Memory (MB): peak = 2478.141 ; gain = 893.477
---------------------------------------------------------------------------------
---------------------------------------------------------------------------------
Start Loading Part and Timing Information
---------------------------------------------------------------------------------
Loading part: xczu7ev-fbvb900-1-i
INFO: [Synth 8-6742] Reading net delay rules and data
DSP Debug: swapped A/B pins for adder 000001B70D1B2700
DSP Debug: swapped A/B pins for adder 000001B70D1B1AA0
DSP Debug: swapped A/B pins for adder 000001B70D1B38A0
DSP Debug: swapped A/B pins for adder 000001B70D1B3540
DSP Debug: swapped A/B pins for adder 000001B70D1B3CC0
DSP Debug: swapped A/B pins for adder 000001B70D1B5CA0
DSP Debug: swapped A/B pins for adder 000001B70D1B5DC0
DSP Debug: swapped A/B pins for adder 000001B70D1B57C0
DSP Debug: swapped A/B pins for adder 000001B70D1B4980
DSP Debug: swapped A/B pins for adder 000001B70D1B6FC0
DSP Debug: swapped A/B pins for adder 000001B70D1B6B40
DSP Debug: swapped A/B pins for adder 000001B70D1B75C0
DSP Debug: swapped A/B pins for adder 000001B70D1B7B60
DSP Debug: swapped A/B pins for adder 000001B70D1B8760
DSP Debug: swapped A/B pins for adder 000001B70D1B8FA0
DSP Debug: swapped A/B pins for adder 000001B70D1B94E0
DSP Debug: swapped A/B pins for adder 000001B70FCA8250
DSP Debug: swapped A/B pins for adder 000001B70FCA9390
DSP Debug: swapped A/B pins for adder 000001B70FCA9270
DSP Debug: swapped A/B pins for adder 000001B70FCA9E10
DSP Debug: swapped A/B pins for adder 000001B70FCAB550
DSP Debug: swapped A/B pins for adder 000001B70FCAB730
DSP Debug: swapped A/B pins for adder 000001B70FCAA830
DSP Debug: swapped A/B pins for adder 000001B70FCAC150
DSP Debug: swapped A/B pins for adder 000001B6A4ADB1F0
DSP Debug: swapped A/B pins for adder 000001B6A4ADC1B0
WARNING: [Synth 8-327] inferring latch for variable 'shifted_re_reg[0]' [C:/Users/kccistc/Desktop/fft_pga/fft_vi/src/cbfp_normalize.sv:34]
WARNING: [Synth 8-327] inferring latch for variable 'shifted_re_reg[1]' [C:/Users/kccistc/Desktop/fft_pga/fft_vi/src/cbfp_normalize.sv:34]
WARNING: [Synth 8-327] inferring latch for variable 'shifted_re_reg[2]' [C:/Users/kccistc/Desktop/fft_pga/fft_vi/src/cbfp_normalize.sv:34]
WARNING: [Synth 8-327] inferring latch for variable 'shifted_re_reg[3]' [C:/Users/kccistc/Desktop/fft_pga/fft_vi/src/cbfp_normalize.sv:34]
WARNING: [Synth 8-327] inferring latch for variable 'shifted_re_reg[4]' [C:/Users/kccistc/Desktop/fft_pga/fft_vi/src/cbfp_normalize.sv:34]
WARNING: [Synth 8-327] inferring latch for variable 'shifted_re_reg[5]' [C:/Users/kccistc/Desktop/fft_pga/fft_vi/src/cbfp_normalize.sv:34]
WARNING: [Synth 8-327] inferring latch for variable 'shifted_re_reg[6]' [C:/Users/kccistc/Desktop/fft_pga/fft_vi/src/cbfp_normalize.sv:34]
WARNING: [Synth 8-327] inferring latch for variable 'shifted_re_reg[7]' [C:/Users/kccistc/Desktop/fft_pga/fft_vi/src/cbfp_normalize.sv:34]
WARNING: [Synth 8-327] inferring latch for variable 'shifted_re_reg[8]' [C:/Users/kccistc/Desktop/fft_pga/fft_vi/src/cbfp_normalize.sv:34]
WARNING: [Synth 8-327] inferring latch for variable 'shifted_re_reg[9]' [C:/Users/kccistc/Desktop/fft_pga/fft_vi/src/cbfp_normalize.sv:34]
WARNING: [Synth 8-327] inferring latch for variable 'shifted_re_reg[10]' [C:/Users/kccistc/Desktop/fft_pga/fft_vi/src/cbfp_normalize.sv:34]
WARNING: [Synth 8-327] inferring latch for variable 'shifted_re_reg[11]' [C:/Users/kccistc/Desktop/fft_pga/fft_vi/src/cbfp_normalize.sv:34]
WARNING: [Synth 8-327] inferring latch for variable 'shifted_re_reg[12]' [C:/Users/kccistc/Desktop/fft_pga/fft_vi/src/cbfp_normalize.sv:34]
WARNING: [Synth 8-327] inferring latch for variable 'shifted_re_reg[13]' [C:/Users/kccistc/Desktop/fft_pga/fft_vi/src/cbfp_normalize.sv:34]
WARNING: [Synth 8-327] inferring latch for variable 'shifted_re_reg[14]' [C:/Users/kccistc/Desktop/fft_pga/fft_vi/src/cbfp_normalize.sv:34]
WARNING: [Synth 8-327] inferring latch for variable 'shifted_re_reg[15]' [C:/Users/kccistc/Desktop/fft_pga/fft_vi/src/cbfp_normalize.sv:34]
WARNING: [Synth 8-327] inferring latch for variable 'shifted_im_reg[0]' [C:/Users/kccistc/Desktop/fft_pga/fft_vi/src/cbfp_normalize.sv:35]
WARNING: [Synth 8-327] inferring latch for variable 'shifted_im_reg[1]' [C:/Users/kccistc/Desktop/fft_pga/fft_vi/src/cbfp_normalize.sv:35]
WARNING: [Synth 8-327] inferring latch for variable 'shifted_im_reg[2]' [C:/Users/kccistc/Desktop/fft_pga/fft_vi/src/cbfp_normalize.sv:35]
WARNING: [Synth 8-327] inferring latch for variable 'shifted_im_reg[3]' [C:/Users/kccistc/Desktop/fft_pga/fft_vi/src/cbfp_normalize.sv:35]
WARNING: [Synth 8-327] inferring latch for variable 'shifted_im_reg[4]' [C:/Users/kccistc/Desktop/fft_pga/fft_vi/src/cbfp_normalize.sv:35]
WARNING: [Synth 8-327] inferring latch for variable 'shifted_im_reg[5]' [C:/Users/kccistc/Desktop/fft_pga/fft_vi/src/cbfp_normalize.sv:35]
WARNING: [Synth 8-327] inferring latch for variable 'shifted_im_reg[6]' [C:/Users/kccistc/Desktop/fft_pga/fft_vi/src/cbfp_normalize.sv:35]
WARNING: [Synth 8-327] inferring latch for variable 'shifted_im_reg[7]' [C:/Users/kccistc/Desktop/fft_pga/fft_vi/src/cbfp_normalize.sv:35]
WARNING: [Synth 8-327] inferring latch for variable 'shifted_im_reg[8]' [C:/Users/kccistc/Desktop/fft_pga/fft_vi/src/cbfp_normalize.sv:35]
WARNING: [Synth 8-327] inferring latch for variable 'shifted_im_reg[9]' [C:/Users/kccistc/Desktop/fft_pga/fft_vi/src/cbfp_normalize.sv:35]
WARNING: [Synth 8-327] inferring latch for variable 'shifted_im_reg[10]' [C:/Users/kccistc/Desktop/fft_pga/fft_vi/src/cbfp_normalize.sv:35]
WARNING: [Synth 8-327] inferring latch for variable 'shifted_im_reg[11]' [C:/Users/kccistc/Desktop/fft_pga/fft_vi/src/cbfp_normalize.sv:35]
WARNING: [Synth 8-327] inferring latch for variable 'shifted_im_reg[12]' [C:/Users/kccistc/Desktop/fft_pga/fft_vi/src/cbfp_normalize.sv:35]
WARNING: [Synth 8-327] inferring latch for variable 'shifted_im_reg[13]' [C:/Users/kccistc/Desktop/fft_pga/fft_vi/src/cbfp_normalize.sv:35]
WARNING: [Synth 8-327] inferring latch for variable 'shifted_im_reg[14]' [C:/Users/kccistc/Desktop/fft_pga/fft_vi/src/cbfp_normalize.sv:35]
WARNING: [Synth 8-327] inferring latch for variable 'shifted_im_reg[15]' [C:/Users/kccistc/Desktop/fft_pga/fft_vi/src/cbfp_normalize.sv:35]
---------------------------------------------------------------------------------
Finished RTL Optimization Phase 2 : Time (s): cpu = 00:01:09 ; elapsed = 00:01:12 . Memory (MB): peak = 2478.141 ; gain = 893.477
---------------------------------------------------------------------------------
---------------------------------------------------------------------------------
Start RTL Component Statistics 
---------------------------------------------------------------------------------
Detailed RTL Component Info : 
+---Adders : 
	   2 Input   32 Bit       Adders := 3     
	   2 Input   24 Bit       Adders := 8     
	   2 Input   23 Bit       Adders := 32    
	   3 Input   23 Bit       Adders := 2     
	   2 Input   22 Bit       Adders := 40    
	   2 Input   21 Bit       Adders := 16    
	   2 Input   16 Bit       Adders := 16    
	   3 Input   16 Bit       Adders := 16    
	   2 Input   15 Bit       Adders := 16    
	   3 Input   15 Bit       Adders := 16    
	   2 Input   14 Bit       Adders := 48    
	   3 Input   14 Bit       Adders := 48    
	   2 Input   13 Bit       Adders := 48    
	   3 Input   13 Bit       Adders := 48    
	   2 Input   12 Bit       Adders := 32    
	   3 Input   12 Bit       Adders := 48    
	   2 Input   11 Bit       Adders := 32    
	   3 Input   11 Bit       Adders := 32    
	   2 Input   10 Bit       Adders := 34    
	   3 Input   10 Bit       Adders := 48    
	   2 Input    9 Bit       Adders := 1     
	   2 Input    7 Bit       Adders := 7     
	   2 Input    6 Bit       Adders := 42    
	   3 Input    6 Bit       Adders := 16    
	   2 Input    5 Bit       Adders := 10    
	   2 Input    3 Bit       Adders := 2     
	   2 Input    2 Bit       Adders := 2     
+---Registers : 
	               25 Bit    Registers := 32    
	               24 Bit    Registers := 32    
	               23 Bit    Registers := 192   
	               22 Bit    Registers := 32    
	               16 Bit    Registers := 32    
	               15 Bit    Registers := 96    
	               14 Bit    Registers := 128   
	               13 Bit    Registers := 1536  
	               12 Bit    Registers := 128   
	               11 Bit    Registers := 416   
	               10 Bit    Registers := 770   
	                9 Bit    Registers := 625   
	                7 Bit    Registers := 7     
	                6 Bit    Registers := 6     
	                5 Bit    Registers := 1142  
	                3 Bit    Registers := 2     
	                2 Bit    Registers := 2     
	                1 Bit    Registers := 50    
+---ROMs : 
	                    ROMs := 32    
+---Muxes : 
	   4 Input   22 Bit        Muxes := 16    
	   4 Input   21 Bit        Muxes := 32    
	   2 Input   16 Bit        Muxes := 32    
	   2 Input   13 Bit        Muxes := 128   
	   2 Input   12 Bit        Muxes := 160   
	   2 Input   11 Bit        Muxes := 128   
	   2 Input   10 Bit        Muxes := 132   
	   2 Input    9 Bit        Muxes := 82    
	 513 Input    9 Bit        Muxes := 16    
	   3 Input    7 Bit        Muxes := 6     
	   2 Input    7 Bit        Muxes := 7     
	   4 Input    7 Bit        Muxes := 1     
	  11 Input    6 Bit        Muxes := 1     
	   2 Input    6 Bit        Muxes := 9     
	   3 Input    6 Bit        Muxes := 1     
	   2 Input    5 Bit        Muxes := 104   
	   8 Input    5 Bit        Muxes := 2     
	   4 Input    5 Bit        Muxes := 1     
	   8 Input    3 Bit        Muxes := 2     
	   2 Input    3 Bit        Muxes := 3     
	   4 Input    3 Bit        Muxes := 1     
	   4 Input    2 Bit        Muxes := 32    
	   2 Input    2 Bit        Muxes := 3     
	   3 Input    2 Bit        Muxes := 1     
	   8 Input    1 Bit        Muxes := 10    
	   2 Input    1 Bit        Muxes := 264   
	   4 Input    1 Bit        Muxes := 15    
	   3 Input    1 Bit        Muxes := 34    
	   6 Input    1 Bit        Muxes := 3     
	  10 Input    1 Bit        Muxes := 6     
	   7 Input    1 Bit        Muxes := 3     
	  11 Input    1 Bit        Muxes := 5     
	  12 Input    1 Bit        Muxes := 3     
	   9 Input    1 Bit        Muxes := 1     
	  18 Input    1 Bit        Muxes := 2     
	  19 Input    1 Bit        Muxes := 2     
	  26 Input    1 Bit        Muxes := 2     
	  27 Input    1 Bit        Muxes := 2     
	  22 Input    1 Bit        Muxes := 2     
	  23 Input    1 Bit        Muxes := 2     
	  14 Input    1 Bit        Muxes := 2     
	  15 Input    1 Bit        Muxes := 2     
	  30 Input    1 Bit        Muxes := 2     
	  31 Input    1 Bit        Muxes := 2     
	  20 Input    1 Bit        Muxes := 2     
	  21 Input    1 Bit        Muxes := 2     
	  13 Input    1 Bit        Muxes := 2     
	  28 Input    1 Bit        Muxes := 2     
	  29 Input    1 Bit        Muxes := 2     
	  24 Input    1 Bit        Muxes := 2     
	  25 Input    1 Bit        Muxes := 2     
	  16 Input    1 Bit        Muxes := 4     
	  32 Input    1 Bit        Muxes := 2     
	  33 Input    1 Bit        Muxes := 2     
---------------------------------------------------------------------------------
Finished RTL Component Statistics 
---------------------------------------------------------------------------------
---------------------------------------------------------------------------------
Start Part Resource Summary
---------------------------------------------------------------------------------
Part Resources:
DSPs: 1728 (col length:144)
BRAMs: 624 (col length: RAMB18 144 RAMB36 72)
---------------------------------------------------------------------------------
Finished Part Resource Summary
---------------------------------------------------------------------------------
---------------------------------------------------------------------------------
Start Cross Boundary and Area Optimization
---------------------------------------------------------------------------------
DSP Report: Generating DSP p_0_out, operation Mode is: A*(B:0xb5).
DSP Report: operator p_0_out is absorbed into DSP p_0_out.
DSP Report: Generating DSP U_BF_2_1/U_FAC8_1_2_1/p_52_in, operation Mode is: PCIN+A*(B:0xb5).
DSP Report: operator U_BF_2_1/U_FAC8_1_2_1/p_52_in is absorbed into DSP U_BF_2_1/U_FAC8_1_2_1/p_52_in.
DSP Report: operator p_0_out is absorbed into DSP U_BF_2_1/U_FAC8_1_2_1/p_52_in.
DSP Report: Generating DSP p_0_out, operation Mode is: A*(B:0xb5).
DSP Report: operator p_0_out is absorbed into DSP p_0_out.
DSP Report: Generating DSP U_BF_2_1/U_FAC8_1_2_1/p_48_in, operation Mode is: PCIN-A*(B:0xb5).
DSP Report: operator U_BF_2_1/U_FAC8_1_2_1/p_48_in is absorbed into DSP U_BF_2_1/U_FAC8_1_2_1/p_48_in.
DSP Report: operator p_0_out is absorbed into DSP U_BF_2_1/U_FAC8_1_2_1/p_48_in.
DSP Report: Generating DSP p_0_out, operation Mode is: A*(B:0xb5).
DSP Report: operator p_0_out is absorbed into DSP p_0_out.
DSP Report: Generating DSP U_BF_2_1/U_FAC8_1_2_1/p_36_in, operation Mode is: PCIN+A*(B:0xb5).
DSP Report: operator U_BF_2_1/U_FAC8_1_2_1/p_36_in is absorbed into DSP U_BF_2_1/U_FAC8_1_2_1/p_36_in.
DSP Report: operator p_0_out is absorbed into DSP U_BF_2_1/U_FAC8_1_2_1/p_36_in.
DSP Report: Generating DSP p_0_out, operation Mode is: A*(B:0xb5).
DSP Report: operator p_0_out is absorbed into DSP p_0_out.
DSP Report: Generating DSP U_BF_2_1/U_FAC8_1_2_1/p_32_in, operation Mode is: PCIN-A*(B:0xb5).
DSP Report: operator U_BF_2_1/U_FAC8_1_2_1/p_32_in is absorbed into DSP U_BF_2_1/U_FAC8_1_2_1/p_32_in.
DSP Report: operator p_0_out is absorbed into DSP U_BF_2_1/U_FAC8_1_2_1/p_32_in.
DSP Report: Generating DSP U_BF_2_1/U_FAC8_1_2_1/p_20_in, operation Mode is: C-A*(B:0xb5).
DSP Report: operator U_BF_2_1/U_FAC8_1_2_1/p_20_in is absorbed into DSP U_BF_2_1/U_FAC8_1_2_1/p_20_in.
DSP Report: operator p_0_out is absorbed into DSP U_BF_2_1/U_FAC8_1_2_1/p_20_in.
DSP Report: Generating DSP p_0_out, operation Mode is: A*(B:0xb5).
DSP Report: operator p_0_out is absorbed into DSP p_0_out.
DSP Report: Generating DSP U_BF_2_1/U_FAC8_1_2_1/p_4_in, operation Mode is: C-A*(B:0xb5).
DSP Report: operator U_BF_2_1/U_FAC8_1_2_1/p_4_in is absorbed into DSP U_BF_2_1/U_FAC8_1_2_1/p_4_in.
DSP Report: operator p_0_out is absorbed into DSP U_BF_2_1/U_FAC8_1_2_1/p_4_in.
DSP Report: Generating DSP p_0_out, operation Mode is: A*(B:0xb5).
DSP Report: operator p_0_out is absorbed into DSP p_0_out.
INFO: [Synth 8-3886] merging instance 'U_MAG_RE/dout_reg[15][21]' (FDC) to 'U_MAG_RE/dout_reg[15][22]'
INFO: [Synth 8-3886] merging instance 'U_MAG_RE/dout_reg[14][21]' (FDC) to 'U_MAG_RE/dout_reg[14][22]'
INFO: [Synth 8-3886] merging instance 'U_MAG_RE/dout_reg[13][21]' (FDC) to 'U_MAG_RE/dout_reg[13][22]'
INFO: [Synth 8-3886] merging instance 'U_MAG_RE/dout_reg[12][21]' (FDC) to 'U_MAG_RE/dout_reg[12][22]'
INFO: [Synth 8-3886] merging instance 'U_MAG_RE/dout_reg[11][21]' (FDC) to 'U_MAG_RE/dout_reg[11][22]'
INFO: [Synth 8-3886] merging instance 'U_MAG_RE/dout_reg[10][21]' (FDC) to 'U_MAG_RE/dout_reg[10][22]'
INFO: [Synth 8-3886] merging instance 'U_MAG_RE/dout_reg[9][21]' (FDC) to 'U_MAG_RE/dout_reg[9][22]'
INFO: [Synth 8-3886] merging instance 'U_MAG_RE/dout_reg[8][21]' (FDC) to 'U_MAG_RE/dout_reg[8][22]'
INFO: [Synth 8-3886] merging instance 'U_MAG_RE/dout_reg[7][21]' (FDC) to 'U_MAG_RE/dout_reg[7][22]'
INFO: [Synth 8-3886] merging instance 'U_MAG_RE/dout_reg[6][21]' (FDC) to 'U_MAG_RE/dout_reg[6][22]'
INFO: [Synth 8-3886] merging instance 'U_MAG_RE/dout_reg[5][21]' (FDC) to 'U_MAG_RE/dout_reg[5][22]'
INFO: [Synth 8-3886] merging instance 'U_MAG_RE/dout_reg[4][21]' (FDC) to 'U_MAG_RE/dout_reg[4][22]'
INFO: [Synth 8-3886] merging instance 'U_MAG_RE/dout_reg[3][21]' (FDC) to 'U_MAG_RE/dout_reg[3][22]'
INFO: [Synth 8-3886] merging instance 'U_MAG_RE/dout_reg[2][21]' (FDC) to 'U_MAG_RE/dout_reg[2][22]'
INFO: [Synth 8-3886] merging instance 'U_MAG_RE/dout_reg[1][21]' (FDC) to 'U_MAG_RE/dout_reg[1][22]'
INFO: [Synth 8-3886] merging instance 'U_MAG_RE/dout_reg[0][21]' (FDC) to 'U_MAG_RE/dout_reg[0][22]'
INFO: [Synth 8-3886] merging instance 'U_SHIFT_CBFP_RE/shift_din_reg[15][21]' (FDC) to 'U_SHIFT_CBFP_RE/shift_din_reg[15][22]'
INFO: [Synth 8-3886] merging instance 'U_SHIFT_CBFP_RE/shift_din_reg[14][21]' (FDC) to 'U_SHIFT_CBFP_RE/shift_din_reg[14][22]'
INFO: [Synth 8-3886] merging instance 'U_SHIFT_CBFP_RE/shift_din_reg[13][21]' (FDC) to 'U_SHIFT_CBFP_RE/shift_din_reg[13][22]'
INFO: [Synth 8-3886] merging instance 'U_SHIFT_CBFP_RE/shift_din_reg[12][21]' (FDC) to 'U_SHIFT_CBFP_RE/shift_din_reg[12][22]'
INFO: [Synth 8-3886] merging instance 'U_SHIFT_CBFP_RE/shift_din_reg[11][21]' (FDC) to 'U_SHIFT_CBFP_RE/shift_din_reg[11][22]'
INFO: [Synth 8-3886] merging instance 'U_SHIFT_CBFP_RE/shift_din_reg[10][21]' (FDC) to 'U_SHIFT_CBFP_RE/shift_din_reg[10][22]'
INFO: [Synth 8-3886] merging instance 'U_SHIFT_CBFP_RE/shift_din_reg[9][21]' (FDC) to 'U_SHIFT_CBFP_RE/shift_din_reg[9][22]'
INFO: [Synth 8-3886] merging instance 'U_SHIFT_CBFP_RE/shift_din_reg[8][21]' (FDC) to 'U_SHIFT_CBFP_RE/shift_din_reg[8][22]'
INFO: [Synth 8-3886] merging instance 'U_SHIFT_CBFP_RE/shift_din_reg[7][21]' (FDC) to 'U_SHIFT_CBFP_RE/shift_din_reg[7][22]'
INFO: [Synth 8-3886] merging instance 'U_SHIFT_CBFP_RE/shift_din_reg[6][21]' (FDC) to 'U_SHIFT_CBFP_RE/shift_din_reg[6][22]'
INFO: [Synth 8-3886] merging instance 'U_SHIFT_CBFP_RE/shift_din_reg[5][21]' (FDC) to 'U_SHIFT_CBFP_RE/shift_din_reg[5][22]'
INFO: [Synth 8-3886] merging instance 'U_SHIFT_CBFP_RE/shift_din_reg[4][21]' (FDC) to 'U_SHIFT_CBFP_RE/shift_din_reg[4][22]'
INFO: [Synth 8-3886] merging instance 'U_SHIFT_CBFP_RE/shift_din_reg[3][21]' (FDC) to 'U_SHIFT_CBFP_RE/shift_din_reg[3][22]'
INFO: [Synth 8-3886] merging instance 'U_SHIFT_CBFP_RE/shift_din_reg[2][21]' (FDC) to 'U_SHIFT_CBFP_RE/shift_din_reg[2][22]'
INFO: [Synth 8-3886] merging instance 'U_SHIFT_CBFP_RE/shift_din_reg[1][21]' (FDC) to 'U_SHIFT_CBFP_RE/shift_din_reg[1][22]'
INFO: [Synth 8-3886] merging instance 'U_SHIFT_CBFP_RE/shift_din_reg[0][21]' (FDC) to 'U_SHIFT_CBFP_RE/shift_din_reg[0][22]'
INFO: [Synth 8-3886] merging instance 'U_SHIFT_CBFP_RE/shift_din_reg[31][21]' (FDC) to 'U_SHIFT_CBFP_RE/shift_din_reg[31][22]'
INFO: [Synth 8-3886] merging instance 'U_SHIFT_CBFP_RE/shift_din_reg[30][21]' (FDC) to 'U_SHIFT_CBFP_RE/shift_din_reg[30][22]'
INFO: [Synth 8-3886] merging instance 'U_SHIFT_CBFP_RE/shift_din_reg[29][21]' (FDC) to 'U_SHIFT_CBFP_RE/shift_din_reg[29][22]'
INFO: [Synth 8-3886] merging instance 'U_SHIFT_CBFP_RE/shift_din_reg[28][21]' (FDC) to 'U_SHIFT_CBFP_RE/shift_din_reg[28][22]'
INFO: [Synth 8-3886] merging instance 'U_SHIFT_CBFP_RE/shift_din_reg[27][21]' (FDC) to 'U_SHIFT_CBFP_RE/shift_din_reg[27][22]'
INFO: [Synth 8-3886] merging instance 'U_SHIFT_CBFP_RE/shift_din_reg[26][21]' (FDC) to 'U_SHIFT_CBFP_RE/shift_din_reg[26][22]'
INFO: [Synth 8-3886] merging instance 'U_SHIFT_CBFP_RE/shift_din_reg[25][21]' (FDC) to 'U_SHIFT_CBFP_RE/shift_din_reg[25][22]'
INFO: [Synth 8-3886] merging instance 'U_SHIFT_CBFP_RE/shift_din_reg[24][21]' (FDC) to 'U_SHIFT_CBFP_RE/shift_din_reg[24][22]'
INFO: [Synth 8-3886] merging instance 'U_SHIFT_CBFP_RE/shift_din_reg[23][21]' (FDC) to 'U_SHIFT_CBFP_RE/shift_din_reg[23][22]'
INFO: [Synth 8-3886] merging instance 'U_SHIFT_CBFP_RE/shift_din_reg[22][21]' (FDC) to 'U_SHIFT_CBFP_RE/shift_din_reg[22][22]'
INFO: [Synth 8-3886] merging instance 'U_SHIFT_CBFP_RE/shift_din_reg[21][21]' (FDC) to 'U_SHIFT_CBFP_RE/shift_din_reg[21][22]'
INFO: [Synth 8-3886] merging instance 'U_SHIFT_CBFP_RE/shift_din_reg[20][21]' (FDC) to 'U_SHIFT_CBFP_RE/shift_din_reg[20][22]'
INFO: [Synth 8-3886] merging instance 'U_SHIFT_CBFP_RE/shift_din_reg[19][21]' (FDC) to 'U_SHIFT_CBFP_RE/shift_din_reg[19][22]'
INFO: [Synth 8-3886] merging instance 'U_SHIFT_CBFP_RE/shift_din_reg[18][21]' (FDC) to 'U_SHIFT_CBFP_RE/shift_din_reg[18][22]'
INFO: [Synth 8-3886] merging instance 'U_SHIFT_CBFP_RE/shift_din_reg[17][21]' (FDC) to 'U_SHIFT_CBFP_RE/shift_din_reg[17][22]'
INFO: [Synth 8-3886] merging instance 'U_SHIFT_CBFP_RE/shift_din_reg[16][21]' (FDC) to 'U_SHIFT_CBFP_RE/shift_din_reg[16][22]'
INFO: [Synth 8-3886] merging instance 'U_SHIFT_CBFP_RE/shift_din_reg[47][21]' (FDC) to 'U_SHIFT_CBFP_RE/shift_din_reg[47][22]'
INFO: [Synth 8-3886] merging instance 'U_SHIFT_CBFP_RE/shift_din_reg[46][21]' (FDC) to 'U_SHIFT_CBFP_RE/shift_din_reg[46][22]'
INFO: [Synth 8-3886] merging instance 'U_SHIFT_CBFP_RE/shift_din_reg[45][21]' (FDC) to 'U_SHIFT_CBFP_RE/shift_din_reg[45][22]'
INFO: [Synth 8-3886] merging instance 'U_SHIFT_CBFP_RE/shift_din_reg[44][21]' (FDC) to 'U_SHIFT_CBFP_RE/shift_din_reg[44][22]'
INFO: [Synth 8-3886] merging instance 'U_SHIFT_CBFP_RE/shift_din_reg[43][21]' (FDC) to 'U_SHIFT_CBFP_RE/shift_din_reg[43][22]'
INFO: [Synth 8-3886] merging instance 'U_SHIFT_CBFP_RE/shift_din_reg[42][21]' (FDC) to 'U_SHIFT_CBFP_RE/shift_din_reg[42][22]'
INFO: [Synth 8-3886] merging instance 'U_SHIFT_CBFP_RE/shift_din_reg[41][21]' (FDC) to 'U_SHIFT_CBFP_RE/shift_din_reg[41][22]'
INFO: [Synth 8-3886] merging instance 'U_SHIFT_CBFP_RE/shift_din_reg[40][21]' (FDC) to 'U_SHIFT_CBFP_RE/shift_din_reg[40][22]'
INFO: [Synth 8-3886] merging instance 'U_SHIFT_CBFP_RE/shift_din_reg[39][21]' (FDC) to 'U_SHIFT_CBFP_RE/shift_din_reg[39][22]'
INFO: [Synth 8-3886] merging instance 'U_SHIFT_CBFP_RE/shift_din_reg[38][21]' (FDC) to 'U_SHIFT_CBFP_RE/shift_din_reg[38][22]'
INFO: [Synth 8-3886] merging instance 'U_SHIFT_CBFP_RE/shift_din_reg[37][21]' (FDC) to 'U_SHIFT_CBFP_RE/shift_din_reg[37][22]'
INFO: [Synth 8-3886] merging instance 'U_SHIFT_CBFP_RE/shift_din_reg[36][21]' (FDC) to 'U_SHIFT_CBFP_RE/shift_din_reg[36][22]'
INFO: [Synth 8-3886] merging instance 'U_SHIFT_CBFP_RE/shift_din_reg[35][21]' (FDC) to 'U_SHIFT_CBFP_RE/shift_din_reg[35][22]'
INFO: [Synth 8-3886] merging instance 'U_SHIFT_CBFP_RE/shift_din_reg[34][21]' (FDC) to 'U_SHIFT_CBFP_RE/shift_din_reg[34][22]'
INFO: [Synth 8-3886] merging instance 'U_SHIFT_CBFP_RE/shift_din_reg[33][21]' (FDC) to 'U_SHIFT_CBFP_RE/shift_din_reg[33][22]'
INFO: [Synth 8-3886] merging instance 'U_SHIFT_CBFP_RE/shift_din_reg[32][21]' (FDC) to 'U_SHIFT_CBFP_RE/shift_din_reg[32][22]'
INFO: [Synth 8-3886] merging instance 'U_SHIFT_CBFP_RE/shift_din_reg[63][21]' (FDC) to 'U_SHIFT_CBFP_RE/shift_din_reg[63][22]'
INFO: [Synth 8-3886] merging instance 'U_SHIFT_CBFP_RE/shift_din_reg[62][21]' (FDC) to 'U_SHIFT_CBFP_RE/shift_din_reg[62][22]'
INFO: [Synth 8-3886] merging instance 'U_SHIFT_CBFP_RE/shift_din_reg[61][21]' (FDC) to 'U_SHIFT_CBFP_RE/shift_din_reg[61][22]'
INFO: [Synth 8-3886] merging instance 'U_SHIFT_CBFP_RE/shift_din_reg[60][21]' (FDC) to 'U_SHIFT_CBFP_RE/shift_din_reg[60][22]'
INFO: [Synth 8-3886] merging instance 'U_SHIFT_CBFP_RE/shift_din_reg[59][21]' (FDC) to 'U_SHIFT_CBFP_RE/shift_din_reg[59][22]'
INFO: [Synth 8-3886] merging instance 'U_SHIFT_CBFP_RE/shift_din_reg[58][21]' (FDC) to 'U_SHIFT_CBFP_RE/shift_din_reg[58][22]'
INFO: [Synth 8-3886] merging instance 'U_SHIFT_CBFP_RE/shift_din_reg[57][21]' (FDC) to 'U_SHIFT_CBFP_RE/shift_din_reg[57][22]'
INFO: [Synth 8-3886] merging instance 'U_SHIFT_CBFP_RE/shift_din_reg[56][21]' (FDC) to 'U_SHIFT_CBFP_RE/shift_din_reg[56][22]'
INFO: [Synth 8-3886] merging instance 'U_SHIFT_CBFP_RE/shift_din_reg[55][21]' (FDC) to 'U_SHIFT_CBFP_RE/shift_din_reg[55][22]'
INFO: [Synth 8-3886] merging instance 'U_SHIFT_CBFP_RE/shift_din_reg[54][21]' (FDC) to 'U_SHIFT_CBFP_RE/shift_din_reg[54][22]'
INFO: [Synth 8-3886] merging instance 'U_SHIFT_CBFP_RE/shift_din_reg[53][21]' (FDC) to 'U_SHIFT_CBFP_RE/shift_din_reg[53][22]'
INFO: [Synth 8-3886] merging instance 'U_SHIFT_CBFP_RE/shift_din_reg[52][21]' (FDC) to 'U_SHIFT_CBFP_RE/shift_din_reg[52][22]'
INFO: [Synth 8-3886] merging instance 'U_SHIFT_CBFP_RE/shift_din_reg[51][21]' (FDC) to 'U_SHIFT_CBFP_RE/shift_din_reg[51][22]'
INFO: [Synth 8-3886] merging instance 'U_SHIFT_CBFP_RE/shift_din_reg[50][21]' (FDC) to 'U_SHIFT_CBFP_RE/shift_din_reg[50][22]'
INFO: [Synth 8-3886] merging instance 'U_SHIFT_CBFP_RE/shift_din_reg[49][21]' (FDC) to 'U_SHIFT_CBFP_RE/shift_din_reg[49][22]'
INFO: [Synth 8-3886] merging instance 'U_SHIFT_CBFP_RE/shift_din_reg[48][21]' (FDC) to 'U_SHIFT_CBFP_RE/shift_din_reg[48][22]'
INFO: [Synth 8-3886] merging instance 'U_SHIFT_CBFP_RE/s_dout_reg[15][21]' (FDC) to 'U_SHIFT_CBFP_RE/s_dout_reg[15][22]'
INFO: [Synth 8-3886] merging instance 'U_SHIFT_CBFP_RE/s_dout_reg[14][21]' (FDC) to 'U_SHIFT_CBFP_RE/s_dout_reg[14][22]'
INFO: [Synth 8-3886] merging instance 'U_SHIFT_CBFP_RE/s_dout_reg[13][21]' (FDC) to 'U_SHIFT_CBFP_RE/s_dout_reg[13][22]'
INFO: [Synth 8-3886] merging instance 'U_SHIFT_CBFP_RE/s_dout_reg[12][21]' (FDC) to 'U_SHIFT_CBFP_RE/s_dout_reg[12][22]'
INFO: [Synth 8-3886] merging instance 'U_SHIFT_CBFP_RE/s_dout_reg[11][21]' (FDC) to 'U_SHIFT_CBFP_RE/s_dout_reg[11][22]'
INFO: [Synth 8-3886] merging instance 'U_SHIFT_CBFP_RE/s_dout_reg[10][21]' (FDC) to 'U_SHIFT_CBFP_RE/s_dout_reg[10][22]'
INFO: [Synth 8-3886] merging instance 'U_SHIFT_CBFP_RE/s_dout_reg[9][21]' (FDC) to 'U_SHIFT_CBFP_RE/s_dout_reg[9][22]'
INFO: [Synth 8-3886] merging instance 'U_SHIFT_CBFP_RE/s_dout_reg[8][21]' (FDC) to 'U_SHIFT_CBFP_RE/s_dout_reg[8][22]'
INFO: [Synth 8-3886] merging instance 'U_SHIFT_CBFP_RE/s_dout_reg[7][21]' (FDC) to 'U_SHIFT_CBFP_RE/s_dout_reg[7][22]'
INFO: [Synth 8-3886] merging instance 'U_SHIFT_CBFP_RE/s_dout_reg[6][21]' (FDC) to 'U_SHIFT_CBFP_RE/s_dout_reg[6][22]'
INFO: [Synth 8-3886] merging instance 'U_SHIFT_CBFP_RE/s_dout_reg[5][21]' (FDC) to 'U_SHIFT_CBFP_RE/s_dout_reg[5][22]'
INFO: [Synth 8-3886] merging instance 'U_SHIFT_CBFP_RE/s_dout_reg[4][21]' (FDC) to 'U_SHIFT_CBFP_RE/s_dout_reg[4][22]'
INFO: [Synth 8-3886] merging instance 'U_SHIFT_CBFP_RE/s_dout_reg[3][21]' (FDC) to 'U_SHIFT_CBFP_RE/s_dout_reg[3][22]'
INFO: [Synth 8-3886] merging instance 'U_SHIFT_CBFP_RE/s_dout_reg[2][21]' (FDC) to 'U_SHIFT_CBFP_RE/s_dout_reg[2][22]'
INFO: [Synth 8-3886] merging instance 'U_SHIFT_CBFP_RE/s_dout_reg[1][21]' (FDC) to 'U_SHIFT_CBFP_RE/s_dout_reg[1][22]'
INFO: [Synth 8-3886] merging instance 'U_SHIFT_CBFP_RE/s_dout_reg[0][21]' (FDC) to 'U_SHIFT_CBFP_RE/s_dout_reg[0][22]'
INFO: [Synth 8-5546] ROM "p_0_out" won't be mapped to RAM because it is too sparse
INFO: [Synth 8-3886] merging instance 'U_MAG_IM/dout_reg[15][21]' (FDC) to 'U_MAG_IM/dout_reg[15][22]'
INFO: [Synth 8-3886] merging instance 'U_MAG_IM/dout_reg[14][21]' (FDC) to 'U_MAG_IM/dout_reg[14][22]'
INFO: [Synth 8-3886] merging instance 'U_MAG_IM/dout_reg[13][21]' (FDC) to 'U_MAG_IM/dout_reg[13][22]'
INFO: [Synth 8-3886] merging instance 'U_MAG_IM/dout_reg[12][21]' (FDC) to 'U_MAG_IM/dout_reg[12][22]'
INFO: [Common 17-14] Message 'Synth 8-3886' appears 100 times and further instances of the messages will be disabled. Use the Tcl command set_msg_config to change the current settings.
INFO: [Common 17-14] Message 'Synth 8-3886' appears 100 times and further instances of the messages will be disabled. Use the Tcl command set_msg_config to change the current settings.
DSP Report: Generating DSP GEN_MUL[0].u_mult/m_re1, operation Mode is: A*B2.
DSP Report: register GEN_TW_ROM[0].u_tw/ff_re_reg is absorbed into DSP GEN_MUL[0].u_mult/m_re1.
DSP Report: operator GEN_MUL[0].u_mult/m_re1 is absorbed into DSP GEN_MUL[0].u_mult/m_re1.
DSP Report: Generating DSP GEN_MUL[0].u_mult/m_re0, operation Mode is: PCIN-A*B2.
DSP Report: register GEN_TW_ROM[0].u_tw/ff_im_reg is absorbed into DSP GEN_MUL[0].u_mult/m_re0.
DSP Report: operator GEN_MUL[0].u_mult/m_re0 is absorbed into DSP GEN_MUL[0].u_mult/m_re0.
DSP Report: operator GEN_MUL[0].u_mult/m_re1 is absorbed into DSP GEN_MUL[0].u_mult/m_re0.
DSP Report: Generating DSP GEN_MUL[0].u_mult/m_im1, operation Mode is: A*B2.
DSP Report: register GEN_TW_ROM[0].u_tw/ff_im_reg is absorbed into DSP GEN_MUL[0].u_mult/m_im1.
DSP Report: operator GEN_MUL[0].u_mult/m_im1 is absorbed into DSP GEN_MUL[0].u_mult/m_im1.
DSP Report: Generating DSP GEN_MUL[0].u_mult/m_im0, operation Mode is: PCIN+A*B2.
DSP Report: register GEN_TW_ROM[0].u_tw/ff_re_reg is absorbed into DSP GEN_MUL[0].u_mult/m_im0.
DSP Report: operator GEN_MUL[0].u_mult/m_im0 is absorbed into DSP GEN_MUL[0].u_mult/m_im0.
DSP Report: operator GEN_MUL[0].u_mult/m_im1 is absorbed into DSP GEN_MUL[0].u_mult/m_im0.
DSP Report: Generating DSP GEN_MUL[1].u_mult/m_re1, operation Mode is: A*B2.
DSP Report: register GEN_TW_ROM[1].u_tw/ff_re_reg is absorbed into DSP GEN_MUL[1].u_mult/m_re1.
DSP Report: operator GEN_MUL[1].u_mult/m_re1 is absorbed into DSP GEN_MUL[1].u_mult/m_re1.
DSP Report: Generating DSP GEN_MUL[1].u_mult/m_re0, operation Mode is: PCIN-A*B2.
DSP Report: register GEN_TW_ROM[1].u_tw/ff_im_reg is absorbed into DSP GEN_MUL[1].u_mult/m_re0.
DSP Report: operator GEN_MUL[1].u_mult/m_re0 is absorbed into DSP GEN_MUL[1].u_mult/m_re0.
DSP Report: operator GEN_MUL[1].u_mult/m_re1 is absorbed into DSP GEN_MUL[1].u_mult/m_re0.
DSP Report: Generating DSP GEN_MUL[1].u_mult/m_im1, operation Mode is: A*B2.
DSP Report: register GEN_TW_ROM[1].u_tw/ff_im_reg is absorbed into DSP GEN_MUL[1].u_mult/m_im1.
DSP Report: operator GEN_MUL[1].u_mult/m_im1 is absorbed into DSP GEN_MUL[1].u_mult/m_im1.
DSP Report: Generating DSP GEN_MUL[1].u_mult/m_im0, operation Mode is: PCIN+A*B2.
DSP Report: register GEN_TW_ROM[1].u_tw/ff_re_reg is absorbed into DSP GEN_MUL[1].u_mult/m_im0.
DSP Report: operator GEN_MUL[1].u_mult/m_im0 is absorbed into DSP GEN_MUL[1].u_mult/m_im0.
DSP Report: operator GEN_MUL[1].u_mult/m_im1 is absorbed into DSP GEN_MUL[1].u_mult/m_im0.
DSP Report: Generating DSP GEN_MUL[2].u_mult/m_re1, operation Mode is: A*B2.
DSP Report: register GEN_TW_ROM[2].u_tw/ff_re_reg is absorbed into DSP GEN_MUL[2].u_mult/m_re1.
DSP Report: operator GEN_MUL[2].u_mult/m_re1 is absorbed into DSP GEN_MUL[2].u_mult/m_re1.
DSP Report: Generating DSP GEN_MUL[2].u_mult/m_re0, operation Mode is: PCIN-A*B2.
DSP Report: register GEN_TW_ROM[2].u_tw/ff_im_reg is absorbed into DSP GEN_MUL[2].u_mult/m_re0.
DSP Report: operator GEN_MUL[2].u_mult/m_re0 is absorbed into DSP GEN_MUL[2].u_mult/m_re0.
DSP Report: operator GEN_MUL[2].u_mult/m_re1 is absorbed into DSP GEN_MUL[2].u_mult/m_re0.
DSP Report: Generating DSP GEN_MUL[2].u_mult/m_im1, operation Mode is: A*B2.
DSP Report: register GEN_TW_ROM[2].u_tw/ff_im_reg is absorbed into DSP GEN_MUL[2].u_mult/m_im1.
DSP Report: operator GEN_MUL[2].u_mult/m_im1 is absorbed into DSP GEN_MUL[2].u_mult/m_im1.
DSP Report: Generating DSP GEN_MUL[2].u_mult/m_im0, operation Mode is: PCIN+A*B2.
DSP Report: register GEN_TW_ROM[2].u_tw/ff_re_reg is absorbed into DSP GEN_MUL[2].u_mult/m_im0.
DSP Report: operator GEN_MUL[2].u_mult/m_im0 is absorbed into DSP GEN_MUL[2].u_mult/m_im0.
DSP Report: operator GEN_MUL[2].u_mult/m_im1 is absorbed into DSP GEN_MUL[2].u_mult/m_im0.
DSP Report: Generating DSP GEN_MUL[3].u_mult/m_re1, operation Mode is: A*B2.
DSP Report: register GEN_TW_ROM[3].u_tw/ff_re_reg is absorbed into DSP GEN_MUL[3].u_mult/m_re1.
DSP Report: operator GEN_MUL[3].u_mult/m_re1 is absorbed into DSP GEN_MUL[3].u_mult/m_re1.
DSP Report: Generating DSP GEN_MUL[3].u_mult/m_re0, operation Mode is: PCIN-A*B2.
DSP Report: register GEN_TW_ROM[3].u_tw/ff_im_reg is absorbed into DSP GEN_MUL[3].u_mult/m_re0.
DSP Report: operator GEN_MUL[3].u_mult/m_re0 is absorbed into DSP GEN_MUL[3].u_mult/m_re0.
DSP Report: operator GEN_MUL[3].u_mult/m_re1 is absorbed into DSP GEN_MUL[3].u_mult/m_re0.
DSP Report: Generating DSP GEN_MUL[3].u_mult/m_im1, operation Mode is: A*B2.
DSP Report: register GEN_TW_ROM[3].u_tw/ff_im_reg is absorbed into DSP GEN_MUL[3].u_mult/m_im1.
DSP Report: operator GEN_MUL[3].u_mult/m_im1 is absorbed into DSP GEN_MUL[3].u_mult/m_im1.
DSP Report: Generating DSP GEN_MUL[3].u_mult/m_im0, operation Mode is: PCIN+A*B2.
DSP Report: register GEN_TW_ROM[3].u_tw/ff_re_reg is absorbed into DSP GEN_MUL[3].u_mult/m_im0.
DSP Report: operator GEN_MUL[3].u_mult/m_im0 is absorbed into DSP GEN_MUL[3].u_mult/m_im0.
DSP Report: operator GEN_MUL[3].u_mult/m_im1 is absorbed into DSP GEN_MUL[3].u_mult/m_im0.
DSP Report: Generating DSP GEN_MUL[4].u_mult/m_re1, operation Mode is: A*B2.
DSP Report: register GEN_TW_ROM[4].u_tw/ff_re_reg is absorbed into DSP GEN_MUL[4].u_mult/m_re1.
DSP Report: operator GEN_MUL[4].u_mult/m_re1 is absorbed into DSP GEN_MUL[4].u_mult/m_re1.
DSP Report: Generating DSP GEN_MUL[4].u_mult/m_re0, operation Mode is: PCIN-A*B2.
DSP Report: register GEN_TW_ROM[4].u_tw/ff_im_reg is absorbed into DSP GEN_MUL[4].u_mult/m_re0.
DSP Report: operator GEN_MUL[4].u_mult/m_re0 is absorbed into DSP GEN_MUL[4].u_mult/m_re0.
DSP Report: operator GEN_MUL[4].u_mult/m_re1 is absorbed into DSP GEN_MUL[4].u_mult/m_re0.
DSP Report: Generating DSP GEN_MUL[4].u_mult/m_im1, operation Mode is: A*B2.
DSP Report: register GEN_TW_ROM[4].u_tw/ff_im_reg is absorbed into DSP GEN_MUL[4].u_mult/m_im1.
DSP Report: operator GEN_MUL[4].u_mult/m_im1 is absorbed into DSP GEN_MUL[4].u_mult/m_im1.
DSP Report: Generating DSP GEN_MUL[4].u_mult/m_im0, operation Mode is: PCIN+A*B2.
DSP Report: register GEN_TW_ROM[4].u_tw/ff_re_reg is absorbed into DSP GEN_MUL[4].u_mult/m_im0.
DSP Report: operator GEN_MUL[4].u_mult/m_im0 is absorbed into DSP GEN_MUL[4].u_mult/m_im0.
DSP Report: operator GEN_MUL[4].u_mult/m_im1 is absorbed into DSP GEN_MUL[4].u_mult/m_im0.
DSP Report: Generating DSP GEN_MUL[5].u_mult/m_re1, operation Mode is: A*B2.
DSP Report: register GEN_TW_ROM[5].u_tw/ff_re_reg is absorbed into DSP GEN_MUL[5].u_mult/m_re1.
DSP Report: operator GEN_MUL[5].u_mult/m_re1 is absorbed into DSP GEN_MUL[5].u_mult/m_re1.
DSP Report: Generating DSP GEN_MUL[5].u_mult/m_re0, operation Mode is: PCIN-A*B2.
DSP Report: register GEN_TW_ROM[5].u_tw/ff_im_reg is absorbed into DSP GEN_MUL[5].u_mult/m_re0.
DSP Report: operator GEN_MUL[5].u_mult/m_re0 is absorbed into DSP GEN_MUL[5].u_mult/m_re0.
DSP Report: operator GEN_MUL[5].u_mult/m_re1 is absorbed into DSP GEN_MUL[5].u_mult/m_re0.
DSP Report: Generating DSP GEN_MUL[5].u_mult/m_im1, operation Mode is: A*B2.
DSP Report: register GEN_TW_ROM[5].u_tw/ff_im_reg is absorbed into DSP GEN_MUL[5].u_mult/m_im1.
DSP Report: operator GEN_MUL[5].u_mult/m_im1 is absorbed into DSP GEN_MUL[5].u_mult/m_im1.
DSP Report: Generating DSP GEN_MUL[5].u_mult/m_im0, operation Mode is: PCIN+A*B2.
DSP Report: register GEN_TW_ROM[5].u_tw/ff_re_reg is absorbed into DSP GEN_MUL[5].u_mult/m_im0.
DSP Report: operator GEN_MUL[5].u_mult/m_im0 is absorbed into DSP GEN_MUL[5].u_mult/m_im0.
DSP Report: operator GEN_MUL[5].u_mult/m_im1 is absorbed into DSP GEN_MUL[5].u_mult/m_im0.
DSP Report: Generating DSP GEN_MUL[6].u_mult/m_re1, operation Mode is: A*B2.
DSP Report: register GEN_TW_ROM[6].u_tw/ff_re_reg is absorbed into DSP GEN_MUL[6].u_mult/m_re1.
DSP Report: operator GEN_MUL[6].u_mult/m_re1 is absorbed into DSP GEN_MUL[6].u_mult/m_re1.
DSP Report: Generating DSP GEN_MUL[6].u_mult/m_re0, operation Mode is: PCIN-A*B2.
DSP Report: register GEN_TW_ROM[6].u_tw/ff_im_reg is absorbed into DSP GEN_MUL[6].u_mult/m_re0.
DSP Report: operator GEN_MUL[6].u_mult/m_re0 is absorbed into DSP GEN_MUL[6].u_mult/m_re0.
DSP Report: operator GEN_MUL[6].u_mult/m_re1 is absorbed into DSP GEN_MUL[6].u_mult/m_re0.
DSP Report: Generating DSP GEN_MUL[6].u_mult/m_im1, operation Mode is: A*B2.
DSP Report: register GEN_TW_ROM[6].u_tw/ff_im_reg is absorbed into DSP GEN_MUL[6].u_mult/m_im1.
DSP Report: operator GEN_MUL[6].u_mult/m_im1 is absorbed into DSP GEN_MUL[6].u_mult/m_im1.
DSP Report: Generating DSP GEN_MUL[6].u_mult/m_im0, operation Mode is: PCIN+A*B2.
DSP Report: register GEN_TW_ROM[6].u_tw/ff_re_reg is absorbed into DSP GEN_MUL[6].u_mult/m_im0.
DSP Report: operator GEN_MUL[6].u_mult/m_im0 is absorbed into DSP GEN_MUL[6].u_mult/m_im0.
DSP Report: operator GEN_MUL[6].u_mult/m_im1 is absorbed into DSP GEN_MUL[6].u_mult/m_im0.
DSP Report: Generating DSP GEN_MUL[7].u_mult/m_re1, operation Mode is: A*B2.
DSP Report: register GEN_TW_ROM[7].u_tw/ff_re_reg is absorbed into DSP GEN_MUL[7].u_mult/m_re1.
DSP Report: operator GEN_MUL[7].u_mult/m_re1 is absorbed into DSP GEN_MUL[7].u_mult/m_re1.
DSP Report: Generating DSP GEN_MUL[7].u_mult/m_re0, operation Mode is: PCIN-A*B2.
DSP Report: register GEN_TW_ROM[7].u_tw/ff_im_reg is absorbed into DSP GEN_MUL[7].u_mult/m_re0.
DSP Report: operator GEN_MUL[7].u_mult/m_re0 is absorbed into DSP GEN_MUL[7].u_mult/m_re0.
DSP Report: operator GEN_MUL[7].u_mult/m_re1 is absorbed into DSP GEN_MUL[7].u_mult/m_re0.
DSP Report: Generating DSP GEN_MUL[7].u_mult/m_im1, operation Mode is: A*B2.
DSP Report: register GEN_TW_ROM[7].u_tw/ff_im_reg is absorbed into DSP GEN_MUL[7].u_mult/m_im1.
DSP Report: operator GEN_MUL[7].u_mult/m_im1 is absorbed into DSP GEN_MUL[7].u_mult/m_im1.
DSP Report: Generating DSP GEN_MUL[7].u_mult/m_im0, operation Mode is: PCIN+A*B2.
DSP Report: register GEN_TW_ROM[7].u_tw/ff_re_reg is absorbed into DSP GEN_MUL[7].u_mult/m_im0.
DSP Report: operator GEN_MUL[7].u_mult/m_im0 is absorbed into DSP GEN_MUL[7].u_mult/m_im0.
DSP Report: operator GEN_MUL[7].u_mult/m_im1 is absorbed into DSP GEN_MUL[7].u_mult/m_im0.
DSP Report: Generating DSP GEN_MUL[8].u_mult/m_re1, operation Mode is: A*B2.
DSP Report: register GEN_TW_ROM[8].u_tw/ff_re_reg is absorbed into DSP GEN_MUL[8].u_mult/m_re1.
DSP Report: operator GEN_MUL[8].u_mult/m_re1 is absorbed into DSP GEN_MUL[8].u_mult/m_re1.
DSP Report: Generating DSP GEN_MUL[8].u_mult/m_re0, operation Mode is: PCIN-A*B2.
DSP Report: register GEN_TW_ROM[8].u_tw/ff_im_reg is absorbed into DSP GEN_MUL[8].u_mult/m_re0.
DSP Report: operator GEN_MUL[8].u_mult/m_re0 is absorbed into DSP GEN_MUL[8].u_mult/m_re0.
DSP Report: operator GEN_MUL[8].u_mult/m_re1 is absorbed into DSP GEN_MUL[8].u_mult/m_re0.
DSP Report: Generating DSP GEN_MUL[8].u_mult/m_im1, operation Mode is: A*B2.
DSP Report: register GEN_TW_ROM[8].u_tw/ff_im_reg is absorbed into DSP GEN_MUL[8].u_mult/m_im1.
DSP Report: operator GEN_MUL[8].u_mult/m_im1 is absorbed into DSP GEN_MUL[8].u_mult/m_im1.
DSP Report: Generating DSP GEN_MUL[8].u_mult/m_im0, operation Mode is: PCIN+A*B2.
DSP Report: register GEN_TW_ROM[8].u_tw/ff_re_reg is absorbed into DSP GEN_MUL[8].u_mult/m_im0.
DSP Report: operator GEN_MUL[8].u_mult/m_im0 is absorbed into DSP GEN_MUL[8].u_mult/m_im0.
DSP Report: operator GEN_MUL[8].u_mult/m_im1 is absorbed into DSP GEN_MUL[8].u_mult/m_im0.
DSP Report: Generating DSP GEN_MUL[9].u_mult/m_re1, operation Mode is: A*B2.
DSP Report: register GEN_TW_ROM[9].u_tw/ff_re_reg is absorbed into DSP GEN_MUL[9].u_mult/m_re1.
DSP Report: operator GEN_MUL[9].u_mult/m_re1 is absorbed into DSP GEN_MUL[9].u_mult/m_re1.
DSP Report: Generating DSP GEN_MUL[9].u_mult/m_re0, operation Mode is: PCIN-A*B2.
DSP Report: register GEN_TW_ROM[9].u_tw/ff_im_reg is absorbed into DSP GEN_MUL[9].u_mult/m_re0.
DSP Report: operator GEN_MUL[9].u_mult/m_re0 is absorbed into DSP GEN_MUL[9].u_mult/m_re0.
DSP Report: operator GEN_MUL[9].u_mult/m_re1 is absorbed into DSP GEN_MUL[9].u_mult/m_re0.
DSP Report: Generating DSP GEN_MUL[9].u_mult/m_im1, operation Mode is: A*B2.
DSP Report: register GEN_TW_ROM[9].u_tw/ff_im_reg is absorbed into DSP GEN_MUL[9].u_mult/m_im1.
DSP Report: operator GEN_MUL[9].u_mult/m_im1 is absorbed into DSP GEN_MUL[9].u_mult/m_im1.
DSP Report: Generating DSP GEN_MUL[9].u_mult/m_im0, operation Mode is: PCIN+A*B2.
DSP Report: register GEN_TW_ROM[9].u_tw/ff_re_reg is absorbed into DSP GEN_MUL[9].u_mult/m_im0.
DSP Report: operator GEN_MUL[9].u_mult/m_im0 is absorbed into DSP GEN_MUL[9].u_mult/m_im0.
DSP Report: operator GEN_MUL[9].u_mult/m_im1 is absorbed into DSP GEN_MUL[9].u_mult/m_im0.
DSP Report: Generating DSP GEN_MUL[10].u_mult/m_re1, operation Mode is: A*B2.
DSP Report: register GEN_TW_ROM[10].u_tw/ff_re_reg is absorbed into DSP GEN_MUL[10].u_mult/m_re1.
DSP Report: operator GEN_MUL[10].u_mult/m_re1 is absorbed into DSP GEN_MUL[10].u_mult/m_re1.
DSP Report: Generating DSP GEN_MUL[10].u_mult/m_re0, operation Mode is: PCIN-A*B2.
DSP Report: register GEN_TW_ROM[10].u_tw/ff_im_reg is absorbed into DSP GEN_MUL[10].u_mult/m_re0.
DSP Report: operator GEN_MUL[10].u_mult/m_re0 is absorbed into DSP GEN_MUL[10].u_mult/m_re0.
DSP Report: operator GEN_MUL[10].u_mult/m_re1 is absorbed into DSP GEN_MUL[10].u_mult/m_re0.
DSP Report: Generating DSP GEN_MUL[10].u_mult/m_im1, operation Mode is: A*B2.
DSP Report: register GEN_TW_ROM[10].u_tw/ff_im_reg is absorbed into DSP GEN_MUL[10].u_mult/m_im1.
DSP Report: operator GEN_MUL[10].u_mult/m_im1 is absorbed into DSP GEN_MUL[10].u_mult/m_im1.
DSP Report: Generating DSP GEN_MUL[10].u_mult/m_im0, operation Mode is: PCIN+A*B2.
DSP Report: register GEN_TW_ROM[10].u_tw/ff_re_reg is absorbed into DSP GEN_MUL[10].u_mult/m_im0.
DSP Report: operator GEN_MUL[10].u_mult/m_im0 is absorbed into DSP GEN_MUL[10].u_mult/m_im0.
DSP Report: operator GEN_MUL[10].u_mult/m_im1 is absorbed into DSP GEN_MUL[10].u_mult/m_im0.
DSP Report: Generating DSP GEN_MUL[11].u_mult/m_re1, operation Mode is: A*B2.
DSP Report: register GEN_TW_ROM[11].u_tw/ff_re_reg is absorbed into DSP GEN_MUL[11].u_mult/m_re1.
DSP Report: operator GEN_MUL[11].u_mult/m_re1 is absorbed into DSP GEN_MUL[11].u_mult/m_re1.
DSP Report: Generating DSP GEN_MUL[11].u_mult/m_re0, operation Mode is: PCIN-A*B2.
DSP Report: register GEN_TW_ROM[11].u_tw/ff_im_reg is absorbed into DSP GEN_MUL[11].u_mult/m_re0.
DSP Report: operator GEN_MUL[11].u_mult/m_re0 is absorbed into DSP GEN_MUL[11].u_mult/m_re0.
DSP Report: operator GEN_MUL[11].u_mult/m_re1 is absorbed into DSP GEN_MUL[11].u_mult/m_re0.
DSP Report: Generating DSP GEN_MUL[11].u_mult/m_im1, operation Mode is: A*B2.
DSP Report: register GEN_TW_ROM[11].u_tw/ff_im_reg is absorbed into DSP GEN_MUL[11].u_mult/m_im1.
DSP Report: operator GEN_MUL[11].u_mult/m_im1 is absorbed into DSP GEN_MUL[11].u_mult/m_im1.
DSP Report: Generating DSP GEN_MUL[11].u_mult/m_im0, operation Mode is: PCIN+A*B2.
DSP Report: register GEN_TW_ROM[11].u_tw/ff_re_reg is absorbed into DSP GEN_MUL[11].u_mult/m_im0.
DSP Report: operator GEN_MUL[11].u_mult/m_im0 is absorbed into DSP GEN_MUL[11].u_mult/m_im0.
DSP Report: operator GEN_MUL[11].u_mult/m_im1 is absorbed into DSP GEN_MUL[11].u_mult/m_im0.
DSP Report: Generating DSP GEN_MUL[12].u_mult/m_re1, operation Mode is: A*B2.
DSP Report: register GEN_TW_ROM[12].u_tw/ff_re_reg is absorbed into DSP GEN_MUL[12].u_mult/m_re1.
DSP Report: operator GEN_MUL[12].u_mult/m_re1 is absorbed into DSP GEN_MUL[12].u_mult/m_re1.
DSP Report: Generating DSP GEN_MUL[12].u_mult/m_re0, operation Mode is: PCIN-A*B2.
DSP Report: register GEN_TW_ROM[12].u_tw/ff_im_reg is absorbed into DSP GEN_MUL[12].u_mult/m_re0.
DSP Report: operator GEN_MUL[12].u_mult/m_re0 is absorbed into DSP GEN_MUL[12].u_mult/m_re0.
DSP Report: operator GEN_MUL[12].u_mult/m_re1 is absorbed into DSP GEN_MUL[12].u_mult/m_re0.
DSP Report: Generating DSP GEN_MUL[12].u_mult/m_im1, operation Mode is: A*B2.
DSP Report: register GEN_TW_ROM[12].u_tw/ff_im_reg is absorbed into DSP GEN_MUL[12].u_mult/m_im1.
DSP Report: operator GEN_MUL[12].u_mult/m_im1 is absorbed into DSP GEN_MUL[12].u_mult/m_im1.
DSP Report: Generating DSP GEN_MUL[12].u_mult/m_im0, operation Mode is: PCIN+A*B2.
DSP Report: register GEN_TW_ROM[12].u_tw/ff_re_reg is absorbed into DSP GEN_MUL[12].u_mult/m_im0.
DSP Report: operator GEN_MUL[12].u_mult/m_im0 is absorbed into DSP GEN_MUL[12].u_mult/m_im0.
DSP Report: operator GEN_MUL[12].u_mult/m_im1 is absorbed into DSP GEN_MUL[12].u_mult/m_im0.
DSP Report: Generating DSP GEN_MUL[13].u_mult/m_re1, operation Mode is: A*B2.
DSP Report: register GEN_TW_ROM[13].u_tw/ff_re_reg is absorbed into DSP GEN_MUL[13].u_mult/m_re1.
DSP Report: operator GEN_MUL[13].u_mult/m_re1 is absorbed into DSP GEN_MUL[13].u_mult/m_re1.
DSP Report: Generating DSP GEN_MUL[13].u_mult/m_re0, operation Mode is: PCIN-A*B2.
DSP Report: register GEN_TW_ROM[13].u_tw/ff_im_reg is absorbed into DSP GEN_MUL[13].u_mult/m_re0.
DSP Report: operator GEN_MUL[13].u_mult/m_re0 is absorbed into DSP GEN_MUL[13].u_mult/m_re0.
DSP Report: operator GEN_MUL[13].u_mult/m_re1 is absorbed into DSP GEN_MUL[13].u_mult/m_re0.
DSP Report: Generating DSP GEN_MUL[13].u_mult/m_im1, operation Mode is: A*B2.
DSP Report: register GEN_TW_ROM[13].u_tw/ff_im_reg is absorbed into DSP GEN_MUL[13].u_mult/m_im1.
DSP Report: operator GEN_MUL[13].u_mult/m_im1 is absorbed into DSP GEN_MUL[13].u_mult/m_im1.
DSP Report: Generating DSP GEN_MUL[13].u_mult/m_im0, operation Mode is: PCIN+A*B2.
DSP Report: register GEN_TW_ROM[13].u_tw/ff_re_reg is absorbed into DSP GEN_MUL[13].u_mult/m_im0.
DSP Report: operator GEN_MUL[13].u_mult/m_im0 is absorbed into DSP GEN_MUL[13].u_mult/m_im0.
DSP Report: operator GEN_MUL[13].u_mult/m_im1 is absorbed into DSP GEN_MUL[13].u_mult/m_im0.
DSP Report: Generating DSP GEN_MUL[14].u_mult/m_re1, operation Mode is: A*B2.
DSP Report: register GEN_TW_ROM[14].u_tw/ff_re_reg is absorbed into DSP GEN_MUL[14].u_mult/m_re1.
DSP Report: operator GEN_MUL[14].u_mult/m_re1 is absorbed into DSP GEN_MUL[14].u_mult/m_re1.
DSP Report: Generating DSP GEN_MUL[14].u_mult/m_re0, operation Mode is: PCIN-A*B2.
DSP Report: register GEN_TW_ROM[14].u_tw/ff_im_reg is absorbed into DSP GEN_MUL[14].u_mult/m_re0.
DSP Report: operator GEN_MUL[14].u_mult/m_re0 is absorbed into DSP GEN_MUL[14].u_mult/m_re0.
DSP Report: operator GEN_MUL[14].u_mult/m_re1 is absorbed into DSP GEN_MUL[14].u_mult/m_re0.
DSP Report: Generating DSP GEN_MUL[14].u_mult/m_im1, operation Mode is: A*B2.
DSP Report: register GEN_TW_ROM[14].u_tw/ff_im_reg is absorbed into DSP GEN_MUL[14].u_mult/m_im1.
DSP Report: operator GEN_MUL[14].u_mult/m_im1 is absorbed into DSP GEN_MUL[14].u_mult/m_im1.
DSP Report: Generating DSP GEN_MUL[14].u_mult/m_im0, operation Mode is: PCIN+A*B2.
DSP Report: register GEN_TW_ROM[14].u_tw/ff_re_reg is absorbed into DSP GEN_MUL[14].u_mult/m_im0.
DSP Report: operator GEN_MUL[14].u_mult/m_im0 is absorbed into DSP GEN_MUL[14].u_mult/m_im0.
DSP Report: operator GEN_MUL[14].u_mult/m_im1 is absorbed into DSP GEN_MUL[14].u_mult/m_im0.
DSP Report: Generating DSP GEN_MUL[15].u_mult/m_re1, operation Mode is: A*B2.
DSP Report: register GEN_TW_ROM[15].u_tw/ff_re_reg is absorbed into DSP GEN_MUL[15].u_mult/m_re1.
DSP Report: operator GEN_MUL[15].u_mult/m_re1 is absorbed into DSP GEN_MUL[15].u_mult/m_re1.
DSP Report: Generating DSP GEN_MUL[15].u_mult/m_re0, operation Mode is: PCIN-A*B2.
DSP Report: register GEN_TW_ROM[15].u_tw/ff_im_reg is absorbed into DSP GEN_MUL[15].u_mult/m_re0.
DSP Report: operator GEN_MUL[15].u_mult/m_re0 is absorbed into DSP GEN_MUL[15].u_mult/m_re0.
DSP Report: operator GEN_MUL[15].u_mult/m_re1 is absorbed into DSP GEN_MUL[15].u_mult/m_re0.
DSP Report: Generating DSP GEN_MUL[15].u_mult/m_im1, operation Mode is: A*B2.
DSP Report: register GEN_TW_ROM[15].u_tw/ff_im_reg is absorbed into DSP GEN_MUL[15].u_mult/m_im1.
DSP Report: operator GEN_MUL[15].u_mult/m_im1 is absorbed into DSP GEN_MUL[15].u_mult/m_im1.
DSP Report: Generating DSP GEN_MUL[15].u_mult/m_im0, operation Mode is: PCIN+A*B2.
DSP Report: register GEN_TW_ROM[15].u_tw/ff_re_reg is absorbed into DSP GEN_MUL[15].u_mult/m_im0.
DSP Report: operator GEN_MUL[15].u_mult/m_im0 is absorbed into DSP GEN_MUL[15].u_mult/m_im0.
DSP Report: operator GEN_MUL[15].u_mult/m_im1 is absorbed into DSP GEN_MUL[15].u_mult/m_im0.
DSP Report: Generating DSP p_0_out, operation Mode is: A*(B:0xb5).
DSP Report: operator p_0_out is absorbed into DSP p_0_out.
DSP Report: Generating DSP p_1_out, operation Mode is: C+A*(B:0xb5).
DSP Report: operator p_1_out is absorbed into DSP p_1_out.
DSP Report: operator p_0_out is absorbed into DSP p_1_out.
DSP Report: Generating DSP p_0_out, operation Mode is: PCIN-A*(B:0xb5).
DSP Report: operator p_0_out is absorbed into DSP p_0_out.
DSP Report: operator p_0_out is absorbed into DSP p_0_out.
DSP Report: Generating DSP p_0_out, operation Mode is: A*(B:0xb5).
DSP Report: operator p_0_out is absorbed into DSP p_0_out.
DSP Report: Generating DSP p_1_out, operation Mode is: C+A*(B:0xb5).
DSP Report: operator p_1_out is absorbed into DSP p_1_out.
DSP Report: operator p_0_out is absorbed into DSP p_1_out.
DSP Report: Generating DSP p_0_out, operation Mode is: PCIN-A*(B:0xb5).
DSP Report: operator p_0_out is absorbed into DSP p_0_out.
DSP Report: operator p_0_out is absorbed into DSP p_0_out.
DSP Report: Generating DSP p_0_out, operation Mode is: A*(B:0xb5).
DSP Report: operator p_0_out is absorbed into DSP p_0_out.
DSP Report: Generating DSP p_1_out, operation Mode is: C+A*(B:0xb5).
DSP Report: operator p_1_out is absorbed into DSP p_1_out.
DSP Report: operator p_0_out is absorbed into DSP p_1_out.
DSP Report: Generating DSP p_0_out, operation Mode is: PCIN-A*(B:0xb5).
DSP Report: operator p_0_out is absorbed into DSP p_0_out.
DSP Report: operator p_0_out is absorbed into DSP p_0_out.
DSP Report: Generating DSP p_0_out, operation Mode is: A*(B:0xb5).
DSP Report: operator p_0_out is absorbed into DSP p_0_out.
DSP Report: Generating DSP p_1_out, operation Mode is: C+A*(B:0xb5).
DSP Report: operator p_1_out is absorbed into DSP p_1_out.
DSP Report: operator p_0_out is absorbed into DSP p_1_out.
DSP Report: Generating DSP p_0_out, operation Mode is: PCIN-A*(B:0xb5).
DSP Report: operator p_0_out is absorbed into DSP p_0_out.
DSP Report: operator p_0_out is absorbed into DSP p_0_out.
DSP Report: Generating DSP p_0_out, operation Mode is: A*(B:0xb5).
DSP Report: operator p_0_out is absorbed into DSP p_0_out.
DSP Report: Generating DSP p_1_out, operation Mode is: C+A*(B:0xb5).
DSP Report: operator p_1_out is absorbed into DSP p_1_out.
DSP Report: operator p_0_out is absorbed into DSP p_1_out.
DSP Report: Generating DSP p_0_out, operation Mode is: PCIN-A*(B:0xb5).
DSP Report: operator p_0_out is absorbed into DSP p_0_out.
DSP Report: operator p_0_out is absorbed into DSP p_0_out.
DSP Report: Generating DSP p_0_out, operation Mode is: A*(B:0xb5).
DSP Report: operator p_0_out is absorbed into DSP p_0_out.
DSP Report: Generating DSP p_1_out, operation Mode is: C+A*(B:0xb5).
DSP Report: operator p_1_out is absorbed into DSP p_1_out.
DSP Report: operator p_0_out is absorbed into DSP p_1_out.
DSP Report: Generating DSP p_0_out, operation Mode is: PCIN-A*(B:0xb5).
DSP Report: operator p_0_out is absorbed into DSP p_0_out.
DSP Report: operator p_0_out is absorbed into DSP p_0_out.
DSP Report: Generating DSP p_0_out, operation Mode is: A*(B:0xb5).
DSP Report: operator p_0_out is absorbed into DSP p_0_out.
DSP Report: Generating DSP p_1_out, operation Mode is: C+A*(B:0xb5).
DSP Report: operator p_1_out is absorbed into DSP p_1_out.
DSP Report: operator p_0_out is absorbed into DSP p_1_out.
DSP Report: Generating DSP p_0_out, operation Mode is: PCIN-A*(B:0xb5).
DSP Report: operator p_0_out is absorbed into DSP p_0_out.
DSP Report: operator p_0_out is absorbed into DSP p_0_out.
DSP Report: Generating DSP p_0_out, operation Mode is: A*(B:0xb5).
DSP Report: operator p_0_out is absorbed into DSP p_0_out.
DSP Report: Generating DSP p_1_out, operation Mode is: C+A*(B:0xb5).
DSP Report: operator p_1_out is absorbed into DSP p_1_out.
DSP Report: operator p_0_out is absorbed into DSP p_1_out.
DSP Report: Generating DSP p_0_out, operation Mode is: PCIN-A*(B:0xb5).
DSP Report: operator p_0_out is absorbed into DSP p_0_out.
DSP Report: operator p_0_out is absorbed into DSP p_0_out.
DSP Report: Generating DSP p_0_out, operation Mode is: A*(B:0xb5).
DSP Report: operator p_0_out is absorbed into DSP p_0_out.
DSP Report: Generating DSP p_1_out, operation Mode is: C+A*(B:0xb5).
DSP Report: operator p_1_out is absorbed into DSP p_1_out.
DSP Report: operator p_0_out is absorbed into DSP p_1_out.
DSP Report: Generating DSP p_0_out, operation Mode is: PCIN-A*(B:0xb5).
DSP Report: operator p_0_out is absorbed into DSP p_0_out.
DSP Report: operator p_0_out is absorbed into DSP p_0_out.
DSP Report: Generating DSP p_0_out, operation Mode is: A*(B:0xb5).
DSP Report: operator p_0_out is absorbed into DSP p_0_out.
DSP Report: Generating DSP p_1_out, operation Mode is: C+A*(B:0xb5).
DSP Report: operator p_1_out is absorbed into DSP p_1_out.
DSP Report: operator p_0_out is absorbed into DSP p_1_out.
DSP Report: Generating DSP p_0_out, operation Mode is: PCIN-A*(B:0xb5).
DSP Report: operator p_0_out is absorbed into DSP p_0_out.
DSP Report: operator p_0_out is absorbed into DSP p_0_out.
DSP Report: Generating DSP p_0_out, operation Mode is: A*(B:0xb5).
DSP Report: operator p_0_out is absorbed into DSP p_0_out.
DSP Report: Generating DSP p_1_out, operation Mode is: C+A*(B:0xb5).
DSP Report: operator p_1_out is absorbed into DSP p_1_out.
DSP Report: operator p_0_out is absorbed into DSP p_1_out.
DSP Report: Generating DSP p_0_out, operation Mode is: PCIN-A*(B:0xb5).
DSP Report: operator p_0_out is absorbed into DSP p_0_out.
DSP Report: operator p_0_out is absorbed into DSP p_0_out.
DSP Report: Generating DSP p_0_out, operation Mode is: A*(B:0xb5).
DSP Report: operator p_0_out is absorbed into DSP p_0_out.
DSP Report: Generating DSP p_1_out, operation Mode is: C+A*(B:0xb5).
DSP Report: operator p_1_out is absorbed into DSP p_1_out.
DSP Report: operator p_0_out is absorbed into DSP p_1_out.
DSP Report: Generating DSP p_0_out, operation Mode is: PCIN-A*(B:0xb5).
DSP Report: operator p_0_out is absorbed into DSP p_0_out.
DSP Report: operator p_0_out is absorbed into DSP p_0_out.
DSP Report: Generating DSP p_0_out, operation Mode is: A*(B:0xb5).
DSP Report: operator p_0_out is absorbed into DSP p_0_out.
DSP Report: Generating DSP p_1_out, operation Mode is: C+A*(B:0xb5).
DSP Report: operator p_1_out is absorbed into DSP p_1_out.
DSP Report: operator p_0_out is absorbed into DSP p_1_out.
DSP Report: Generating DSP p_0_out, operation Mode is: PCIN-A*(B:0xb5).
DSP Report: operator p_0_out is absorbed into DSP p_0_out.
DSP Report: operator p_0_out is absorbed into DSP p_0_out.
DSP Report: Generating DSP p_0_out, operation Mode is: A*(B:0xb5).
DSP Report: operator p_0_out is absorbed into DSP p_0_out.
DSP Report: Generating DSP p_1_out, operation Mode is: C+A*(B:0xb5).
DSP Report: operator p_1_out is absorbed into DSP p_1_out.
DSP Report: operator p_0_out is absorbed into DSP p_1_out.
DSP Report: Generating DSP p_0_out, operation Mode is: PCIN-A*(B:0xb5).
DSP Report: operator p_0_out is absorbed into DSP p_0_out.
DSP Report: operator p_0_out is absorbed into DSP p_0_out.
DSP Report: Generating DSP p_0_out, operation Mode is: A*(B:0xb5).
DSP Report: operator p_0_out is absorbed into DSP p_0_out.
DSP Report: Generating DSP p_1_out, operation Mode is: C+A*(B:0xb5).
DSP Report: operator p_1_out is absorbed into DSP p_1_out.
DSP Report: operator p_0_out is absorbed into DSP p_1_out.
DSP Report: Generating DSP p_0_out, operation Mode is: PCIN-A*(B:0xb5).
DSP Report: operator p_0_out is absorbed into DSP p_0_out.
DSP Report: operator p_0_out is absorbed into DSP p_0_out.
DSP Report: Generating DSP p_0_out, operation Mode is: A*(B:0xb5).
DSP Report: operator p_0_out is absorbed into DSP p_0_out.
DSP Report: Generating DSP p_1_out, operation Mode is: C+A*(B:0xb5).
DSP Report: operator p_1_out is absorbed into DSP p_1_out.
DSP Report: operator p_0_out is absorbed into DSP p_1_out.
DSP Report: Generating DSP p_0_out, operation Mode is: PCIN-A*(B:0xb5).
DSP Report: operator p_0_out is absorbed into DSP p_0_out.
DSP Report: operator p_0_out is absorbed into DSP p_0_out.
INFO: [Common 17-14] Message 'Synth 8-3886' appears 100 times and further instances of the messages will be disabled. Use the Tcl command set_msg_config to change the current settings.
DSP Report: Generating DSP p_0_out, operation Mode is: A*(B:0xb5).
DSP Report: operator p_0_out is absorbed into DSP p_0_out.
DSP Report: Generating DSP p_0_out, operation Mode is: PCIN-A*(B:0xb5).
DSP Report: operator p_0_out is absorbed into DSP p_0_out.
DSP Report: operator p_0_out is absorbed into DSP p_0_out.
DSP Report: Generating DSP p_1_out, operation Mode is: C+A*(B:0xb5).
DSP Report: operator p_1_out is absorbed into DSP p_1_out.
DSP Report: operator p_0_out is absorbed into DSP p_1_out.
DSP Report: Generating DSP p_0_out, operation Mode is: A*(B:0xb5).
DSP Report: operator p_0_out is absorbed into DSP p_0_out.
DSP Report: Generating DSP p_0_out, operation Mode is: PCIN-A*(B:0xb5).
DSP Report: operator p_0_out is absorbed into DSP p_0_out.
DSP Report: operator p_0_out is absorbed into DSP p_0_out.
DSP Report: Generating DSP p_1_out, operation Mode is: C+A*(B:0xb5).
DSP Report: operator p_1_out is absorbed into DSP p_1_out.
DSP Report: operator p_0_out is absorbed into DSP p_1_out.
DSP Report: Generating DSP p_0_out, operation Mode is: A*(B:0xb5).
DSP Report: operator p_0_out is absorbed into DSP p_0_out.
DSP Report: Generating DSP p_0_out, operation Mode is: PCIN-A*(B:0xb5).
DSP Report: operator p_0_out is absorbed into DSP p_0_out.
DSP Report: operator p_0_out is absorbed into DSP p_0_out.
DSP Report: Generating DSP p_1_out, operation Mode is: C+A*(B:0xb5).
DSP Report: operator p_1_out is absorbed into DSP p_1_out.
DSP Report: operator p_0_out is absorbed into DSP p_1_out.
DSP Report: Generating DSP p_0_out, operation Mode is: A*(B:0xb5).
DSP Report: operator p_0_out is absorbed into DSP p_0_out.
DSP Report: Generating DSP p_0_out, operation Mode is: PCIN-A*(B:0xb5).
DSP Report: operator p_0_out is absorbed into DSP p_0_out.
DSP Report: operator p_0_out is absorbed into DSP p_0_out.
DSP Report: Generating DSP p_1_out, operation Mode is: C+A*(B:0xb5).
DSP Report: operator p_1_out is absorbed into DSP p_1_out.
DSP Report: operator p_0_out is absorbed into DSP p_1_out.
DSP Report: Generating DSP p_0_out, operation Mode is: A*(B:0xb5).
DSP Report: operator p_0_out is absorbed into DSP p_0_out.
DSP Report: Generating DSP p_0_out, operation Mode is: PCIN-A*(B:0xb5).
DSP Report: operator p_0_out is absorbed into DSP p_0_out.
DSP Report: operator p_0_out is absorbed into DSP p_0_out.
DSP Report: Generating DSP p_1_out, operation Mode is: C+A*(B:0xb5).
DSP Report: operator p_1_out is absorbed into DSP p_1_out.
DSP Report: operator p_0_out is absorbed into DSP p_1_out.
DSP Report: Generating DSP p_0_out, operation Mode is: A*(B:0xb5).
DSP Report: operator p_0_out is absorbed into DSP p_0_out.
DSP Report: Generating DSP p_0_out, operation Mode is: PCIN-A*(B:0xb5).
DSP Report: operator p_0_out is absorbed into DSP p_0_out.
DSP Report: operator p_0_out is absorbed into DSP p_0_out.
DSP Report: Generating DSP p_1_out, operation Mode is: C+A*(B:0xb5).
DSP Report: operator p_1_out is absorbed into DSP p_1_out.
DSP Report: operator p_0_out is absorbed into DSP p_1_out.
DSP Report: Generating DSP p_0_out, operation Mode is: A*(B:0xb5).
DSP Report: operator p_0_out is absorbed into DSP p_0_out.
DSP Report: Generating DSP p_0_out, operation Mode is: PCIN-A*(B:0xb5).
DSP Report: operator p_0_out is absorbed into DSP p_0_out.
DSP Report: operator p_0_out is absorbed into DSP p_0_out.
DSP Report: Generating DSP p_1_out, operation Mode is: C+A*(B:0xb5).
DSP Report: operator p_1_out is absorbed into DSP p_1_out.
DSP Report: operator p_0_out is absorbed into DSP p_1_out.
DSP Report: Generating DSP p_0_out, operation Mode is: A*(B:0xb5).
DSP Report: operator p_0_out is absorbed into DSP p_0_out.
DSP Report: Generating DSP p_0_out, operation Mode is: PCIN-A*(B:0xb5).
DSP Report: operator p_0_out is absorbed into DSP p_0_out.
DSP Report: operator p_0_out is absorbed into DSP p_0_out.
DSP Report: Generating DSP p_1_out, operation Mode is: C+A*(B:0xb5).
DSP Report: operator p_1_out is absorbed into DSP p_1_out.
DSP Report: operator p_0_out is absorbed into DSP p_1_out.
DSP Report: Generating DSP U_BF_1_2/U_TWM_1_2/GEN_MUL[0].U_MULT_1_2/m_re1, operation Mode is: A*B2.
DSP Report: register U_BF_1_2/U_TWM_1_2/GEN_TW_ROM[0].U_TW_64/ff_re_reg is absorbed into DSP U_BF_1_2/U_TWM_1_2/GEN_MUL[0].U_MULT_1_2/m_re1.
DSP Report: operator U_BF_1_2/U_TWM_1_2/GEN_MUL[0].U_MULT_1_2/m_re1 is absorbed into DSP U_BF_1_2/U_TWM_1_2/GEN_MUL[0].U_MULT_1_2/m_re1.
DSP Report: Generating DSP U_BF_1_2/U_TWM_1_2/GEN_MUL[0].U_MULT_1_2/m_re0, operation Mode is: PCIN-A*B2.
DSP Report: register U_BF_1_2/U_TWM_1_2/GEN_TW_ROM[0].U_TW_64/ff_im_reg is absorbed into DSP U_BF_1_2/U_TWM_1_2/GEN_MUL[0].U_MULT_1_2/m_re0.
DSP Report: operator U_BF_1_2/U_TWM_1_2/GEN_MUL[0].U_MULT_1_2/m_re0 is absorbed into DSP U_BF_1_2/U_TWM_1_2/GEN_MUL[0].U_MULT_1_2/m_re0.
DSP Report: operator U_BF_1_2/U_TWM_1_2/GEN_MUL[0].U_MULT_1_2/m_re1 is absorbed into DSP U_BF_1_2/U_TWM_1_2/GEN_MUL[0].U_MULT_1_2/m_re0.
DSP Report: Generating DSP U_BF_1_2/U_TWM_1_2/GEN_MUL[0].U_MULT_1_2/m_im1, operation Mode is: A*B2.
DSP Report: register U_BF_1_2/U_TWM_1_2/GEN_TW_ROM[0].U_TW_64/ff_im_reg is absorbed into DSP U_BF_1_2/U_TWM_1_2/GEN_MUL[0].U_MULT_1_2/m_im1.
DSP Report: operator U_BF_1_2/U_TWM_1_2/GEN_MUL[0].U_MULT_1_2/m_im1 is absorbed into DSP U_BF_1_2/U_TWM_1_2/GEN_MUL[0].U_MULT_1_2/m_im1.
DSP Report: Generating DSP U_BF_1_2/U_TWM_1_2/GEN_MUL[0].U_MULT_1_2/m_im0, operation Mode is: PCIN+A*B2.
DSP Report: register U_BF_1_2/U_TWM_1_2/GEN_TW_ROM[0].U_TW_64/ff_re_reg is absorbed into DSP U_BF_1_2/U_TWM_1_2/GEN_MUL[0].U_MULT_1_2/m_im0.
DSP Report: operator U_BF_1_2/U_TWM_1_2/GEN_MUL[0].U_MULT_1_2/m_im0 is absorbed into DSP U_BF_1_2/U_TWM_1_2/GEN_MUL[0].U_MULT_1_2/m_im0.
DSP Report: operator U_BF_1_2/U_TWM_1_2/GEN_MUL[0].U_MULT_1_2/m_im1 is absorbed into DSP U_BF_1_2/U_TWM_1_2/GEN_MUL[0].U_MULT_1_2/m_im0.
DSP Report: Generating DSP U_BF_1_2/U_TWM_1_2/GEN_MUL[1].U_MULT_1_2/m_re1, operation Mode is: A*B2.
DSP Report: register U_BF_1_2/U_TWM_1_2/GEN_TW_ROM[1].U_TW_64/ff_re_reg is absorbed into DSP U_BF_1_2/U_TWM_1_2/GEN_MUL[1].U_MULT_1_2/m_re1.
DSP Report: operator U_BF_1_2/U_TWM_1_2/GEN_MUL[1].U_MULT_1_2/m_re1 is absorbed into DSP U_BF_1_2/U_TWM_1_2/GEN_MUL[1].U_MULT_1_2/m_re1.
DSP Report: Generating DSP U_BF_1_2/U_TWM_1_2/GEN_MUL[1].U_MULT_1_2/m_re0, operation Mode is: PCIN-A*B2.
DSP Report: register U_BF_1_2/U_TWM_1_2/GEN_TW_ROM[1].U_TW_64/ff_im_reg is absorbed into DSP U_BF_1_2/U_TWM_1_2/GEN_MUL[1].U_MULT_1_2/m_re0.
DSP Report: operator U_BF_1_2/U_TWM_1_2/GEN_MUL[1].U_MULT_1_2/m_re0 is absorbed into DSP U_BF_1_2/U_TWM_1_2/GEN_MUL[1].U_MULT_1_2/m_re0.
DSP Report: operator U_BF_1_2/U_TWM_1_2/GEN_MUL[1].U_MULT_1_2/m_re1 is absorbed into DSP U_BF_1_2/U_TWM_1_2/GEN_MUL[1].U_MULT_1_2/m_re0.
DSP Report: Generating DSP U_BF_1_2/U_TWM_1_2/GEN_MUL[1].U_MULT_1_2/m_im1, operation Mode is: A*B2.
DSP Report: register U_BF_1_2/U_TWM_1_2/GEN_TW_ROM[1].U_TW_64/ff_im_reg is absorbed into DSP U_BF_1_2/U_TWM_1_2/GEN_MUL[1].U_MULT_1_2/m_im1.
DSP Report: operator U_BF_1_2/U_TWM_1_2/GEN_MUL[1].U_MULT_1_2/m_im1 is absorbed into DSP U_BF_1_2/U_TWM_1_2/GEN_MUL[1].U_MULT_1_2/m_im1.
DSP Report: Generating DSP U_BF_1_2/U_TWM_1_2/GEN_MUL[1].U_MULT_1_2/m_im0, operation Mode is: PCIN+A*B2.
DSP Report: register U_BF_1_2/U_TWM_1_2/GEN_TW_ROM[1].U_TW_64/ff_re_reg is absorbed into DSP U_BF_1_2/U_TWM_1_2/GEN_MUL[1].U_MULT_1_2/m_im0.
DSP Report: operator U_BF_1_2/U_TWM_1_2/GEN_MUL[1].U_MULT_1_2/m_im0 is absorbed into DSP U_BF_1_2/U_TWM_1_2/GEN_MUL[1].U_MULT_1_2/m_im0.
DSP Report: operator U_BF_1_2/U_TWM_1_2/GEN_MUL[1].U_MULT_1_2/m_im1 is absorbed into DSP U_BF_1_2/U_TWM_1_2/GEN_MUL[1].U_MULT_1_2/m_im0.
DSP Report: Generating DSP U_BF_1_2/U_TWM_1_2/GEN_MUL[2].U_MULT_1_2/m_re1, operation Mode is: A*B2.
DSP Report: register U_BF_1_2/U_TWM_1_2/GEN_TW_ROM[2].U_TW_64/ff_re_reg is absorbed into DSP U_BF_1_2/U_TWM_1_2/GEN_MUL[2].U_MULT_1_2/m_re1.
DSP Report: operator U_BF_1_2/U_TWM_1_2/GEN_MUL[2].U_MULT_1_2/m_re1 is absorbed into DSP U_BF_1_2/U_TWM_1_2/GEN_MUL[2].U_MULT_1_2/m_re1.
DSP Report: Generating DSP U_BF_1_2/U_TWM_1_2/GEN_MUL[2].U_MULT_1_2/m_re0, operation Mode is: PCIN-A*B2.
DSP Report: register U_BF_1_2/U_TWM_1_2/GEN_TW_ROM[2].U_TW_64/ff_im_reg is absorbed into DSP U_BF_1_2/U_TWM_1_2/GEN_MUL[2].U_MULT_1_2/m_re0.
DSP Report: operator U_BF_1_2/U_TWM_1_2/GEN_MUL[2].U_MULT_1_2/m_re0 is absorbed into DSP U_BF_1_2/U_TWM_1_2/GEN_MUL[2].U_MULT_1_2/m_re0.
DSP Report: operator U_BF_1_2/U_TWM_1_2/GEN_MUL[2].U_MULT_1_2/m_re1 is absorbed into DSP U_BF_1_2/U_TWM_1_2/GEN_MUL[2].U_MULT_1_2/m_re0.
DSP Report: Generating DSP U_BF_1_2/U_TWM_1_2/GEN_MUL[2].U_MULT_1_2/m_im1, operation Mode is: A*B2.
DSP Report: register U_BF_1_2/U_TWM_1_2/GEN_TW_ROM[2].U_TW_64/ff_im_reg is absorbed into DSP U_BF_1_2/U_TWM_1_2/GEN_MUL[2].U_MULT_1_2/m_im1.
DSP Report: operator U_BF_1_2/U_TWM_1_2/GEN_MUL[2].U_MULT_1_2/m_im1 is absorbed into DSP U_BF_1_2/U_TWM_1_2/GEN_MUL[2].U_MULT_1_2/m_im1.
DSP Report: Generating DSP U_BF_1_2/U_TWM_1_2/GEN_MUL[2].U_MULT_1_2/m_im0, operation Mode is: PCIN+A*B2.
DSP Report: register U_BF_1_2/U_TWM_1_2/GEN_TW_ROM[2].U_TW_64/ff_re_reg is absorbed into DSP U_BF_1_2/U_TWM_1_2/GEN_MUL[2].U_MULT_1_2/m_im0.
DSP Report: operator U_BF_1_2/U_TWM_1_2/GEN_MUL[2].U_MULT_1_2/m_im0 is absorbed into DSP U_BF_1_2/U_TWM_1_2/GEN_MUL[2].U_MULT_1_2/m_im0.
DSP Report: operator U_BF_1_2/U_TWM_1_2/GEN_MUL[2].U_MULT_1_2/m_im1 is absorbed into DSP U_BF_1_2/U_TWM_1_2/GEN_MUL[2].U_MULT_1_2/m_im0.
DSP Report: Generating DSP U_BF_1_2/U_TWM_1_2/GEN_MUL[3].U_MULT_1_2/m_re1, operation Mode is: A*B2.
DSP Report: register U_BF_1_2/U_TWM_1_2/GEN_TW_ROM[3].U_TW_64/ff_re_reg is absorbed into DSP U_BF_1_2/U_TWM_1_2/GEN_MUL[3].U_MULT_1_2/m_re1.
DSP Report: operator U_BF_1_2/U_TWM_1_2/GEN_MUL[3].U_MULT_1_2/m_re1 is absorbed into DSP U_BF_1_2/U_TWM_1_2/GEN_MUL[3].U_MULT_1_2/m_re1.
DSP Report: Generating DSP U_BF_1_2/U_TWM_1_2/GEN_MUL[3].U_MULT_1_2/m_re0, operation Mode is: PCIN-A*B2.
DSP Report: register U_BF_1_2/U_TWM_1_2/GEN_TW_ROM[3].U_TW_64/ff_im_reg is absorbed into DSP U_BF_1_2/U_TWM_1_2/GEN_MUL[3].U_MULT_1_2/m_re0.
DSP Report: operator U_BF_1_2/U_TWM_1_2/GEN_MUL[3].U_MULT_1_2/m_re0 is absorbed into DSP U_BF_1_2/U_TWM_1_2/GEN_MUL[3].U_MULT_1_2/m_re0.
DSP Report: operator U_BF_1_2/U_TWM_1_2/GEN_MUL[3].U_MULT_1_2/m_re1 is absorbed into DSP U_BF_1_2/U_TWM_1_2/GEN_MUL[3].U_MULT_1_2/m_re0.
DSP Report: Generating DSP U_BF_1_2/U_TWM_1_2/GEN_MUL[3].U_MULT_1_2/m_im1, operation Mode is: A*B2.
DSP Report: register U_BF_1_2/U_TWM_1_2/GEN_TW_ROM[3].U_TW_64/ff_im_reg is absorbed into DSP U_BF_1_2/U_TWM_1_2/GEN_MUL[3].U_MULT_1_2/m_im1.
DSP Report: operator U_BF_1_2/U_TWM_1_2/GEN_MUL[3].U_MULT_1_2/m_im1 is absorbed into DSP U_BF_1_2/U_TWM_1_2/GEN_MUL[3].U_MULT_1_2/m_im1.
DSP Report: Generating DSP U_BF_1_2/U_TWM_1_2/GEN_MUL[3].U_MULT_1_2/m_im0, operation Mode is: PCIN+A*B2.
DSP Report: register U_BF_1_2/U_TWM_1_2/GEN_TW_ROM[3].U_TW_64/ff_re_reg is absorbed into DSP U_BF_1_2/U_TWM_1_2/GEN_MUL[3].U_MULT_1_2/m_im0.
DSP Report: operator U_BF_1_2/U_TWM_1_2/GEN_MUL[3].U_MULT_1_2/m_im0 is absorbed into DSP U_BF_1_2/U_TWM_1_2/GEN_MUL[3].U_MULT_1_2/m_im0.
DSP Report: operator U_BF_1_2/U_TWM_1_2/GEN_MUL[3].U_MULT_1_2/m_im1 is absorbed into DSP U_BF_1_2/U_TWM_1_2/GEN_MUL[3].U_MULT_1_2/m_im0.
DSP Report: Generating DSP U_BF_1_2/U_TWM_1_2/GEN_MUL[4].U_MULT_1_2/m_re1, operation Mode is: A*B2.
DSP Report: register U_BF_1_2/U_TWM_1_2/GEN_TW_ROM[4].U_TW_64/ff_re_reg is absorbed into DSP U_BF_1_2/U_TWM_1_2/GEN_MUL[4].U_MULT_1_2/m_re1.
DSP Report: operator U_BF_1_2/U_TWM_1_2/GEN_MUL[4].U_MULT_1_2/m_re1 is absorbed into DSP U_BF_1_2/U_TWM_1_2/GEN_MUL[4].U_MULT_1_2/m_re1.
DSP Report: Generating DSP U_BF_1_2/U_TWM_1_2/GEN_MUL[4].U_MULT_1_2/m_re0, operation Mode is: PCIN-A*B2.
DSP Report: register U_BF_1_2/U_TWM_1_2/GEN_TW_ROM[4].U_TW_64/ff_im_reg is absorbed into DSP U_BF_1_2/U_TWM_1_2/GEN_MUL[4].U_MULT_1_2/m_re0.
DSP Report: operator U_BF_1_2/U_TWM_1_2/GEN_MUL[4].U_MULT_1_2/m_re0 is absorbed into DSP U_BF_1_2/U_TWM_1_2/GEN_MUL[4].U_MULT_1_2/m_re0.
DSP Report: operator U_BF_1_2/U_TWM_1_2/GEN_MUL[4].U_MULT_1_2/m_re1 is absorbed into DSP U_BF_1_2/U_TWM_1_2/GEN_MUL[4].U_MULT_1_2/m_re0.
DSP Report: Generating DSP U_BF_1_2/U_TWM_1_2/GEN_MUL[4].U_MULT_1_2/m_im1, operation Mode is: A*B2.
DSP Report: register U_BF_1_2/U_TWM_1_2/GEN_TW_ROM[4].U_TW_64/ff_im_reg is absorbed into DSP U_BF_1_2/U_TWM_1_2/GEN_MUL[4].U_MULT_1_2/m_im1.
DSP Report: operator U_BF_1_2/U_TWM_1_2/GEN_MUL[4].U_MULT_1_2/m_im1 is absorbed into DSP U_BF_1_2/U_TWM_1_2/GEN_MUL[4].U_MULT_1_2/m_im1.
DSP Report: Generating DSP U_BF_1_2/U_TWM_1_2/GEN_MUL[4].U_MULT_1_2/m_im0, operation Mode is: PCIN+A*B2.
DSP Report: register U_BF_1_2/U_TWM_1_2/GEN_TW_ROM[4].U_TW_64/ff_re_reg is absorbed into DSP U_BF_1_2/U_TWM_1_2/GEN_MUL[4].U_MULT_1_2/m_im0.
DSP Report: operator U_BF_1_2/U_TWM_1_2/GEN_MUL[4].U_MULT_1_2/m_im0 is absorbed into DSP U_BF_1_2/U_TWM_1_2/GEN_MUL[4].U_MULT_1_2/m_im0.
DSP Report: operator U_BF_1_2/U_TWM_1_2/GEN_MUL[4].U_MULT_1_2/m_im1 is absorbed into DSP U_BF_1_2/U_TWM_1_2/GEN_MUL[4].U_MULT_1_2/m_im0.
DSP Report: Generating DSP U_BF_1_2/U_TWM_1_2/GEN_MUL[5].U_MULT_1_2/m_re1, operation Mode is: A*B2.
DSP Report: register U_BF_1_2/U_TWM_1_2/GEN_TW_ROM[5].U_TW_64/ff_re_reg is absorbed into DSP U_BF_1_2/U_TWM_1_2/GEN_MUL[5].U_MULT_1_2/m_re1.
DSP Report: operator U_BF_1_2/U_TWM_1_2/GEN_MUL[5].U_MULT_1_2/m_re1 is absorbed into DSP U_BF_1_2/U_TWM_1_2/GEN_MUL[5].U_MULT_1_2/m_re1.
DSP Report: Generating DSP U_BF_1_2/U_TWM_1_2/GEN_MUL[5].U_MULT_1_2/m_re0, operation Mode is: PCIN-A*B2.
DSP Report: register U_BF_1_2/U_TWM_1_2/GEN_TW_ROM[5].U_TW_64/ff_im_reg is absorbed into DSP U_BF_1_2/U_TWM_1_2/GEN_MUL[5].U_MULT_1_2/m_re0.
DSP Report: operator U_BF_1_2/U_TWM_1_2/GEN_MUL[5].U_MULT_1_2/m_re0 is absorbed into DSP U_BF_1_2/U_TWM_1_2/GEN_MUL[5].U_MULT_1_2/m_re0.
DSP Report: operator U_BF_1_2/U_TWM_1_2/GEN_MUL[5].U_MULT_1_2/m_re1 is absorbed into DSP U_BF_1_2/U_TWM_1_2/GEN_MUL[5].U_MULT_1_2/m_re0.
DSP Report: Generating DSP U_BF_1_2/U_TWM_1_2/GEN_MUL[5].U_MULT_1_2/m_im1, operation Mode is: A*B2.
DSP Report: register U_BF_1_2/U_TWM_1_2/GEN_TW_ROM[5].U_TW_64/ff_im_reg is absorbed into DSP U_BF_1_2/U_TWM_1_2/GEN_MUL[5].U_MULT_1_2/m_im1.
DSP Report: operator U_BF_1_2/U_TWM_1_2/GEN_MUL[5].U_MULT_1_2/m_im1 is absorbed into DSP U_BF_1_2/U_TWM_1_2/GEN_MUL[5].U_MULT_1_2/m_im1.
DSP Report: Generating DSP U_BF_1_2/U_TWM_1_2/GEN_MUL[5].U_MULT_1_2/m_im0, operation Mode is: PCIN+A*B2.
DSP Report: register U_BF_1_2/U_TWM_1_2/GEN_TW_ROM[5].U_TW_64/ff_re_reg is absorbed into DSP U_BF_1_2/U_TWM_1_2/GEN_MUL[5].U_MULT_1_2/m_im0.
DSP Report: operator U_BF_1_2/U_TWM_1_2/GEN_MUL[5].U_MULT_1_2/m_im0 is absorbed into DSP U_BF_1_2/U_TWM_1_2/GEN_MUL[5].U_MULT_1_2/m_im0.
DSP Report: operator U_BF_1_2/U_TWM_1_2/GEN_MUL[5].U_MULT_1_2/m_im1 is absorbed into DSP U_BF_1_2/U_TWM_1_2/GEN_MUL[5].U_MULT_1_2/m_im0.
DSP Report: Generating DSP U_BF_1_2/U_TWM_1_2/GEN_MUL[6].U_MULT_1_2/m_re1, operation Mode is: A*B2.
DSP Report: register U_BF_1_2/U_TWM_1_2/GEN_TW_ROM[6].U_TW_64/ff_re_reg is absorbed into DSP U_BF_1_2/U_TWM_1_2/GEN_MUL[6].U_MULT_1_2/m_re1.
DSP Report: operator U_BF_1_2/U_TWM_1_2/GEN_MUL[6].U_MULT_1_2/m_re1 is absorbed into DSP U_BF_1_2/U_TWM_1_2/GEN_MUL[6].U_MULT_1_2/m_re1.
DSP Report: Generating DSP U_BF_1_2/U_TWM_1_2/GEN_MUL[6].U_MULT_1_2/m_re0, operation Mode is: PCIN-A*B2.
DSP Report: register U_BF_1_2/U_TWM_1_2/GEN_TW_ROM[6].U_TW_64/ff_im_reg is absorbed into DSP U_BF_1_2/U_TWM_1_2/GEN_MUL[6].U_MULT_1_2/m_re0.
DSP Report: operator U_BF_1_2/U_TWM_1_2/GEN_MUL[6].U_MULT_1_2/m_re0 is absorbed into DSP U_BF_1_2/U_TWM_1_2/GEN_MUL[6].U_MULT_1_2/m_re0.
DSP Report: operator U_BF_1_2/U_TWM_1_2/GEN_MUL[6].U_MULT_1_2/m_re1 is absorbed into DSP U_BF_1_2/U_TWM_1_2/GEN_MUL[6].U_MULT_1_2/m_re0.
DSP Report: Generating DSP U_BF_1_2/U_TWM_1_2/GEN_MUL[6].U_MULT_1_2/m_im1, operation Mode is: A*B2.
DSP Report: register U_BF_1_2/U_TWM_1_2/GEN_TW_ROM[6].U_TW_64/ff_im_reg is absorbed into DSP U_BF_1_2/U_TWM_1_2/GEN_MUL[6].U_MULT_1_2/m_im1.
DSP Report: operator U_BF_1_2/U_TWM_1_2/GEN_MUL[6].U_MULT_1_2/m_im1 is absorbed into DSP U_BF_1_2/U_TWM_1_2/GEN_MUL[6].U_MULT_1_2/m_im1.
DSP Report: Generating DSP U_BF_1_2/U_TWM_1_2/GEN_MUL[6].U_MULT_1_2/m_im0, operation Mode is: PCIN+A*B2.
DSP Report: register U_BF_1_2/U_TWM_1_2/GEN_TW_ROM[6].U_TW_64/ff_re_reg is absorbed into DSP U_BF_1_2/U_TWM_1_2/GEN_MUL[6].U_MULT_1_2/m_im0.
DSP Report: operator U_BF_1_2/U_TWM_1_2/GEN_MUL[6].U_MULT_1_2/m_im0 is absorbed into DSP U_BF_1_2/U_TWM_1_2/GEN_MUL[6].U_MULT_1_2/m_im0.
DSP Report: operator U_BF_1_2/U_TWM_1_2/GEN_MUL[6].U_MULT_1_2/m_im1 is absorbed into DSP U_BF_1_2/U_TWM_1_2/GEN_MUL[6].U_MULT_1_2/m_im0.
DSP Report: Generating DSP U_BF_1_2/U_TWM_1_2/GEN_MUL[7].U_MULT_1_2/m_re1, operation Mode is: A*B2.
DSP Report: register U_BF_1_2/U_TWM_1_2/GEN_TW_ROM[7].U_TW_64/ff_re_reg is absorbed into DSP U_BF_1_2/U_TWM_1_2/GEN_MUL[7].U_MULT_1_2/m_re1.
DSP Report: operator U_BF_1_2/U_TWM_1_2/GEN_MUL[7].U_MULT_1_2/m_re1 is absorbed into DSP U_BF_1_2/U_TWM_1_2/GEN_MUL[7].U_MULT_1_2/m_re1.
DSP Report: Generating DSP U_BF_1_2/U_TWM_1_2/GEN_MUL[7].U_MULT_1_2/m_re0, operation Mode is: PCIN-A*B2.
DSP Report: register U_BF_1_2/U_TWM_1_2/GEN_TW_ROM[7].U_TW_64/ff_im_reg is absorbed into DSP U_BF_1_2/U_TWM_1_2/GEN_MUL[7].U_MULT_1_2/m_re0.
DSP Report: operator U_BF_1_2/U_TWM_1_2/GEN_MUL[7].U_MULT_1_2/m_re0 is absorbed into DSP U_BF_1_2/U_TWM_1_2/GEN_MUL[7].U_MULT_1_2/m_re0.
DSP Report: operator U_BF_1_2/U_TWM_1_2/GEN_MUL[7].U_MULT_1_2/m_re1 is absorbed into DSP U_BF_1_2/U_TWM_1_2/GEN_MUL[7].U_MULT_1_2/m_re0.
DSP Report: Generating DSP U_BF_1_2/U_TWM_1_2/GEN_MUL[7].U_MULT_1_2/m_im1, operation Mode is: A*B2.
DSP Report: register U_BF_1_2/U_TWM_1_2/GEN_TW_ROM[7].U_TW_64/ff_im_reg is absorbed into DSP U_BF_1_2/U_TWM_1_2/GEN_MUL[7].U_MULT_1_2/m_im1.
DSP Report: operator U_BF_1_2/U_TWM_1_2/GEN_MUL[7].U_MULT_1_2/m_im1 is absorbed into DSP U_BF_1_2/U_TWM_1_2/GEN_MUL[7].U_MULT_1_2/m_im1.
DSP Report: Generating DSP U_BF_1_2/U_TWM_1_2/GEN_MUL[7].U_MULT_1_2/m_im0, operation Mode is: PCIN+A*B2.
DSP Report: register U_BF_1_2/U_TWM_1_2/GEN_TW_ROM[7].U_TW_64/ff_re_reg is absorbed into DSP U_BF_1_2/U_TWM_1_2/GEN_MUL[7].U_MULT_1_2/m_im0.
DSP Report: operator U_BF_1_2/U_TWM_1_2/GEN_MUL[7].U_MULT_1_2/m_im0 is absorbed into DSP U_BF_1_2/U_TWM_1_2/GEN_MUL[7].U_MULT_1_2/m_im0.
DSP Report: operator U_BF_1_2/U_TWM_1_2/GEN_MUL[7].U_MULT_1_2/m_im1 is absorbed into DSP U_BF_1_2/U_TWM_1_2/GEN_MUL[7].U_MULT_1_2/m_im0.
DSP Report: Generating DSP U_BF_1_2/U_TWM_1_2/GEN_MUL[8].U_MULT_1_2/m_re1, operation Mode is: A*B2.
DSP Report: register U_BF_1_2/U_TWM_1_2/GEN_TW_ROM[8].U_TW_64/ff_re_reg is absorbed into DSP U_BF_1_2/U_TWM_1_2/GEN_MUL[8].U_MULT_1_2/m_re1.
DSP Report: operator U_BF_1_2/U_TWM_1_2/GEN_MUL[8].U_MULT_1_2/m_re1 is absorbed into DSP U_BF_1_2/U_TWM_1_2/GEN_MUL[8].U_MULT_1_2/m_re1.
DSP Report: Generating DSP U_BF_1_2/U_TWM_1_2/GEN_MUL[8].U_MULT_1_2/m_re0, operation Mode is: PCIN-A*B2.
DSP Report: register U_BF_1_2/U_TWM_1_2/GEN_TW_ROM[8].U_TW_64/ff_im_reg is absorbed into DSP U_BF_1_2/U_TWM_1_2/GEN_MUL[8].U_MULT_1_2/m_re0.
DSP Report: operator U_BF_1_2/U_TWM_1_2/GEN_MUL[8].U_MULT_1_2/m_re0 is absorbed into DSP U_BF_1_2/U_TWM_1_2/GEN_MUL[8].U_MULT_1_2/m_re0.
DSP Report: operator U_BF_1_2/U_TWM_1_2/GEN_MUL[8].U_MULT_1_2/m_re1 is absorbed into DSP U_BF_1_2/U_TWM_1_2/GEN_MUL[8].U_MULT_1_2/m_re0.
DSP Report: Generating DSP U_BF_1_2/U_TWM_1_2/GEN_MUL[8].U_MULT_1_2/m_im1, operation Mode is: A*B2.
DSP Report: register U_BF_1_2/U_TWM_1_2/GEN_TW_ROM[8].U_TW_64/ff_im_reg is absorbed into DSP U_BF_1_2/U_TWM_1_2/GEN_MUL[8].U_MULT_1_2/m_im1.
DSP Report: operator U_BF_1_2/U_TWM_1_2/GEN_MUL[8].U_MULT_1_2/m_im1 is absorbed into DSP U_BF_1_2/U_TWM_1_2/GEN_MUL[8].U_MULT_1_2/m_im1.
DSP Report: Generating DSP U_BF_1_2/U_TWM_1_2/GEN_MUL[8].U_MULT_1_2/m_im0, operation Mode is: PCIN+A*B2.
DSP Report: register U_BF_1_2/U_TWM_1_2/GEN_TW_ROM[8].U_TW_64/ff_re_reg is absorbed into DSP U_BF_1_2/U_TWM_1_2/GEN_MUL[8].U_MULT_1_2/m_im0.
DSP Report: operator U_BF_1_2/U_TWM_1_2/GEN_MUL[8].U_MULT_1_2/m_im0 is absorbed into DSP U_BF_1_2/U_TWM_1_2/GEN_MUL[8].U_MULT_1_2/m_im0.
DSP Report: operator U_BF_1_2/U_TWM_1_2/GEN_MUL[8].U_MULT_1_2/m_im1 is absorbed into DSP U_BF_1_2/U_TWM_1_2/GEN_MUL[8].U_MULT_1_2/m_im0.
DSP Report: Generating DSP U_BF_1_2/U_TWM_1_2/GEN_MUL[9].U_MULT_1_2/m_re1, operation Mode is: A*B2.
DSP Report: register U_BF_1_2/U_TWM_1_2/GEN_TW_ROM[9].U_TW_64/ff_re_reg is absorbed into DSP U_BF_1_2/U_TWM_1_2/GEN_MUL[9].U_MULT_1_2/m_re1.
DSP Report: operator U_BF_1_2/U_TWM_1_2/GEN_MUL[9].U_MULT_1_2/m_re1 is absorbed into DSP U_BF_1_2/U_TWM_1_2/GEN_MUL[9].U_MULT_1_2/m_re1.
DSP Report: Generating DSP U_BF_1_2/U_TWM_1_2/GEN_MUL[9].U_MULT_1_2/m_re0, operation Mode is: PCIN-A*B2.
DSP Report: register U_BF_1_2/U_TWM_1_2/GEN_TW_ROM[9].U_TW_64/ff_im_reg is absorbed into DSP U_BF_1_2/U_TWM_1_2/GEN_MUL[9].U_MULT_1_2/m_re0.
DSP Report: operator U_BF_1_2/U_TWM_1_2/GEN_MUL[9].U_MULT_1_2/m_re0 is absorbed into DSP U_BF_1_2/U_TWM_1_2/GEN_MUL[9].U_MULT_1_2/m_re0.
DSP Report: operator U_BF_1_2/U_TWM_1_2/GEN_MUL[9].U_MULT_1_2/m_re1 is absorbed into DSP U_BF_1_2/U_TWM_1_2/GEN_MUL[9].U_MULT_1_2/m_re0.
DSP Report: Generating DSP U_BF_1_2/U_TWM_1_2/GEN_MUL[9].U_MULT_1_2/m_im1, operation Mode is: A*B2.
DSP Report: register U_BF_1_2/U_TWM_1_2/GEN_TW_ROM[9].U_TW_64/ff_im_reg is absorbed into DSP U_BF_1_2/U_TWM_1_2/GEN_MUL[9].U_MULT_1_2/m_im1.
DSP Report: operator U_BF_1_2/U_TWM_1_2/GEN_MUL[9].U_MULT_1_2/m_im1 is absorbed into DSP U_BF_1_2/U_TWM_1_2/GEN_MUL[9].U_MULT_1_2/m_im1.
DSP Report: Generating DSP U_BF_1_2/U_TWM_1_2/GEN_MUL[9].U_MULT_1_2/m_im0, operation Mode is: PCIN+A*B2.
DSP Report: register U_BF_1_2/U_TWM_1_2/GEN_TW_ROM[9].U_TW_64/ff_re_reg is absorbed into DSP U_BF_1_2/U_TWM_1_2/GEN_MUL[9].U_MULT_1_2/m_im0.
DSP Report: operator U_BF_1_2/U_TWM_1_2/GEN_MUL[9].U_MULT_1_2/m_im0 is absorbed into DSP U_BF_1_2/U_TWM_1_2/GEN_MUL[9].U_MULT_1_2/m_im0.
DSP Report: operator U_BF_1_2/U_TWM_1_2/GEN_MUL[9].U_MULT_1_2/m_im1 is absorbed into DSP U_BF_1_2/U_TWM_1_2/GEN_MUL[9].U_MULT_1_2/m_im0.
DSP Report: Generating DSP U_BF_1_2/U_TWM_1_2/GEN_MUL[10].U_MULT_1_2/m_re1, operation Mode is: A*B2.
DSP Report: register U_BF_1_2/U_TWM_1_2/GEN_TW_ROM[10].U_TW_64/ff_re_reg is absorbed into DSP U_BF_1_2/U_TWM_1_2/GEN_MUL[10].U_MULT_1_2/m_re1.
DSP Report: operator U_BF_1_2/U_TWM_1_2/GEN_MUL[10].U_MULT_1_2/m_re1 is absorbed into DSP U_BF_1_2/U_TWM_1_2/GEN_MUL[10].U_MULT_1_2/m_re1.
DSP Report: Generating DSP U_BF_1_2/U_TWM_1_2/GEN_MUL[10].U_MULT_1_2/m_re0, operation Mode is: PCIN-A*B2.
DSP Report: register U_BF_1_2/U_TWM_1_2/GEN_TW_ROM[10].U_TW_64/ff_im_reg is absorbed into DSP U_BF_1_2/U_TWM_1_2/GEN_MUL[10].U_MULT_1_2/m_re0.
DSP Report: operator U_BF_1_2/U_TWM_1_2/GEN_MUL[10].U_MULT_1_2/m_re0 is absorbed into DSP U_BF_1_2/U_TWM_1_2/GEN_MUL[10].U_MULT_1_2/m_re0.
DSP Report: operator U_BF_1_2/U_TWM_1_2/GEN_MUL[10].U_MULT_1_2/m_re1 is absorbed into DSP U_BF_1_2/U_TWM_1_2/GEN_MUL[10].U_MULT_1_2/m_re0.
DSP Report: Generating DSP U_BF_1_2/U_TWM_1_2/GEN_MUL[10].U_MULT_1_2/m_im1, operation Mode is: A*B2.
DSP Report: register U_BF_1_2/U_TWM_1_2/GEN_TW_ROM[10].U_TW_64/ff_im_reg is absorbed into DSP U_BF_1_2/U_TWM_1_2/GEN_MUL[10].U_MULT_1_2/m_im1.
DSP Report: operator U_BF_1_2/U_TWM_1_2/GEN_MUL[10].U_MULT_1_2/m_im1 is absorbed into DSP U_BF_1_2/U_TWM_1_2/GEN_MUL[10].U_MULT_1_2/m_im1.
DSP Report: Generating DSP U_BF_1_2/U_TWM_1_2/GEN_MUL[10].U_MULT_1_2/m_im0, operation Mode is: PCIN+A*B2.
DSP Report: register U_BF_1_2/U_TWM_1_2/GEN_TW_ROM[10].U_TW_64/ff_re_reg is absorbed into DSP U_BF_1_2/U_TWM_1_2/GEN_MUL[10].U_MULT_1_2/m_im0.
DSP Report: operator U_BF_1_2/U_TWM_1_2/GEN_MUL[10].U_MULT_1_2/m_im0 is absorbed into DSP U_BF_1_2/U_TWM_1_2/GEN_MUL[10].U_MULT_1_2/m_im0.
DSP Report: operator U_BF_1_2/U_TWM_1_2/GEN_MUL[10].U_MULT_1_2/m_im1 is absorbed into DSP U_BF_1_2/U_TWM_1_2/GEN_MUL[10].U_MULT_1_2/m_im0.
DSP Report: Generating DSP U_BF_1_2/U_TWM_1_2/GEN_MUL[11].U_MULT_1_2/m_re1, operation Mode is: A*B2.
DSP Report: register U_BF_1_2/U_TWM_1_2/GEN_TW_ROM[11].U_TW_64/ff_re_reg is absorbed into DSP U_BF_1_2/U_TWM_1_2/GEN_MUL[11].U_MULT_1_2/m_re1.
DSP Report: operator U_BF_1_2/U_TWM_1_2/GEN_MUL[11].U_MULT_1_2/m_re1 is absorbed into DSP U_BF_1_2/U_TWM_1_2/GEN_MUL[11].U_MULT_1_2/m_re1.
DSP Report: Generating DSP U_BF_1_2/U_TWM_1_2/GEN_MUL[11].U_MULT_1_2/m_re0, operation Mode is: PCIN-A*B2.
DSP Report: register U_BF_1_2/U_TWM_1_2/GEN_TW_ROM[11].U_TW_64/ff_im_reg is absorbed into DSP U_BF_1_2/U_TWM_1_2/GEN_MUL[11].U_MULT_1_2/m_re0.
DSP Report: operator U_BF_1_2/U_TWM_1_2/GEN_MUL[11].U_MULT_1_2/m_re0 is absorbed into DSP U_BF_1_2/U_TWM_1_2/GEN_MUL[11].U_MULT_1_2/m_re0.
DSP Report: operator U_BF_1_2/U_TWM_1_2/GEN_MUL[11].U_MULT_1_2/m_re1 is absorbed into DSP U_BF_1_2/U_TWM_1_2/GEN_MUL[11].U_MULT_1_2/m_re0.
DSP Report: Generating DSP U_BF_1_2/U_TWM_1_2/GEN_MUL[11].U_MULT_1_2/m_im1, operation Mode is: A*B2.
DSP Report: register U_BF_1_2/U_TWM_1_2/GEN_TW_ROM[11].U_TW_64/ff_im_reg is absorbed into DSP U_BF_1_2/U_TWM_1_2/GEN_MUL[11].U_MULT_1_2/m_im1.
DSP Report: operator U_BF_1_2/U_TWM_1_2/GEN_MUL[11].U_MULT_1_2/m_im1 is absorbed into DSP U_BF_1_2/U_TWM_1_2/GEN_MUL[11].U_MULT_1_2/m_im1.
DSP Report: Generating DSP U_BF_1_2/U_TWM_1_2/GEN_MUL[11].U_MULT_1_2/m_im0, operation Mode is: PCIN+A*B2.
DSP Report: register U_BF_1_2/U_TWM_1_2/GEN_TW_ROM[11].U_TW_64/ff_re_reg is absorbed into DSP U_BF_1_2/U_TWM_1_2/GEN_MUL[11].U_MULT_1_2/m_im0.
DSP Report: operator U_BF_1_2/U_TWM_1_2/GEN_MUL[11].U_MULT_1_2/m_im0 is absorbed into DSP U_BF_1_2/U_TWM_1_2/GEN_MUL[11].U_MULT_1_2/m_im0.
DSP Report: operator U_BF_1_2/U_TWM_1_2/GEN_MUL[11].U_MULT_1_2/m_im1 is absorbed into DSP U_BF_1_2/U_TWM_1_2/GEN_MUL[11].U_MULT_1_2/m_im0.
DSP Report: Generating DSP U_BF_1_2/U_TWM_1_2/GEN_MUL[12].U_MULT_1_2/m_re1, operation Mode is: A*B2.
DSP Report: register U_BF_1_2/U_TWM_1_2/GEN_TW_ROM[12].U_TW_64/ff_re_reg is absorbed into DSP U_BF_1_2/U_TWM_1_2/GEN_MUL[12].U_MULT_1_2/m_re1.
DSP Report: operator U_BF_1_2/U_TWM_1_2/GEN_MUL[12].U_MULT_1_2/m_re1 is absorbed into DSP U_BF_1_2/U_TWM_1_2/GEN_MUL[12].U_MULT_1_2/m_re1.
DSP Report: Generating DSP U_BF_1_2/U_TWM_1_2/GEN_MUL[12].U_MULT_1_2/m_re0, operation Mode is: PCIN-A*B2.
DSP Report: register U_BF_1_2/U_TWM_1_2/GEN_TW_ROM[12].U_TW_64/ff_im_reg is absorbed into DSP U_BF_1_2/U_TWM_1_2/GEN_MUL[12].U_MULT_1_2/m_re0.
DSP Report: operator U_BF_1_2/U_TWM_1_2/GEN_MUL[12].U_MULT_1_2/m_re0 is absorbed into DSP U_BF_1_2/U_TWM_1_2/GEN_MUL[12].U_MULT_1_2/m_re0.
DSP Report: operator U_BF_1_2/U_TWM_1_2/GEN_MUL[12].U_MULT_1_2/m_re1 is absorbed into DSP U_BF_1_2/U_TWM_1_2/GEN_MUL[12].U_MULT_1_2/m_re0.
DSP Report: Generating DSP U_BF_1_2/U_TWM_1_2/GEN_MUL[12].U_MULT_1_2/m_im1, operation Mode is: A*B2.
DSP Report: register U_BF_1_2/U_TWM_1_2/GEN_TW_ROM[12].U_TW_64/ff_im_reg is absorbed into DSP U_BF_1_2/U_TWM_1_2/GEN_MUL[12].U_MULT_1_2/m_im1.
DSP Report: operator U_BF_1_2/U_TWM_1_2/GEN_MUL[12].U_MULT_1_2/m_im1 is absorbed into DSP U_BF_1_2/U_TWM_1_2/GEN_MUL[12].U_MULT_1_2/m_im1.
DSP Report: Generating DSP U_BF_1_2/U_TWM_1_2/GEN_MUL[12].U_MULT_1_2/m_im0, operation Mode is: PCIN+A*B2.
DSP Report: register U_BF_1_2/U_TWM_1_2/GEN_TW_ROM[12].U_TW_64/ff_re_reg is absorbed into DSP U_BF_1_2/U_TWM_1_2/GEN_MUL[12].U_MULT_1_2/m_im0.
DSP Report: operator U_BF_1_2/U_TWM_1_2/GEN_MUL[12].U_MULT_1_2/m_im0 is absorbed into DSP U_BF_1_2/U_TWM_1_2/GEN_MUL[12].U_MULT_1_2/m_im0.
DSP Report: operator U_BF_1_2/U_TWM_1_2/GEN_MUL[12].U_MULT_1_2/m_im1 is absorbed into DSP U_BF_1_2/U_TWM_1_2/GEN_MUL[12].U_MULT_1_2/m_im0.
DSP Report: Generating DSP U_BF_1_2/U_TWM_1_2/GEN_MUL[13].U_MULT_1_2/m_re1, operation Mode is: A*B2.
DSP Report: register U_BF_1_2/U_TWM_1_2/GEN_TW_ROM[13].U_TW_64/ff_re_reg is absorbed into DSP U_BF_1_2/U_TWM_1_2/GEN_MUL[13].U_MULT_1_2/m_re1.
DSP Report: operator U_BF_1_2/U_TWM_1_2/GEN_MUL[13].U_MULT_1_2/m_re1 is absorbed into DSP U_BF_1_2/U_TWM_1_2/GEN_MUL[13].U_MULT_1_2/m_re1.
DSP Report: Generating DSP U_BF_1_2/U_TWM_1_2/GEN_MUL[13].U_MULT_1_2/m_re0, operation Mode is: PCIN-A*B2.
DSP Report: register U_BF_1_2/U_TWM_1_2/GEN_TW_ROM[13].U_TW_64/ff_im_reg is absorbed into DSP U_BF_1_2/U_TWM_1_2/GEN_MUL[13].U_MULT_1_2/m_re0.
DSP Report: operator U_BF_1_2/U_TWM_1_2/GEN_MUL[13].U_MULT_1_2/m_re0 is absorbed into DSP U_BF_1_2/U_TWM_1_2/GEN_MUL[13].U_MULT_1_2/m_re0.
DSP Report: operator U_BF_1_2/U_TWM_1_2/GEN_MUL[13].U_MULT_1_2/m_re1 is absorbed into DSP U_BF_1_2/U_TWM_1_2/GEN_MUL[13].U_MULT_1_2/m_re0.
DSP Report: Generating DSP U_BF_1_2/U_TWM_1_2/GEN_MUL[13].U_MULT_1_2/m_im1, operation Mode is: A*B2.
DSP Report: register U_BF_1_2/U_TWM_1_2/GEN_TW_ROM[13].U_TW_64/ff_im_reg is absorbed into DSP U_BF_1_2/U_TWM_1_2/GEN_MUL[13].U_MULT_1_2/m_im1.
DSP Report: operator U_BF_1_2/U_TWM_1_2/GEN_MUL[13].U_MULT_1_2/m_im1 is absorbed into DSP U_BF_1_2/U_TWM_1_2/GEN_MUL[13].U_MULT_1_2/m_im1.
DSP Report: Generating DSP U_BF_1_2/U_TWM_1_2/GEN_MUL[13].U_MULT_1_2/m_im0, operation Mode is: PCIN+A*B2.
DSP Report: register U_BF_1_2/U_TWM_1_2/GEN_TW_ROM[13].U_TW_64/ff_re_reg is absorbed into DSP U_BF_1_2/U_TWM_1_2/GEN_MUL[13].U_MULT_1_2/m_im0.
DSP Report: operator U_BF_1_2/U_TWM_1_2/GEN_MUL[13].U_MULT_1_2/m_im0 is absorbed into DSP U_BF_1_2/U_TWM_1_2/GEN_MUL[13].U_MULT_1_2/m_im0.
DSP Report: operator U_BF_1_2/U_TWM_1_2/GEN_MUL[13].U_MULT_1_2/m_im1 is absorbed into DSP U_BF_1_2/U_TWM_1_2/GEN_MUL[13].U_MULT_1_2/m_im0.
DSP Report: Generating DSP U_BF_1_2/U_TWM_1_2/GEN_MUL[14].U_MULT_1_2/m_re1, operation Mode is: A*B2.
DSP Report: register U_BF_1_2/U_TWM_1_2/GEN_TW_ROM[14].U_TW_64/ff_re_reg is absorbed into DSP U_BF_1_2/U_TWM_1_2/GEN_MUL[14].U_MULT_1_2/m_re1.
DSP Report: operator U_BF_1_2/U_TWM_1_2/GEN_MUL[14].U_MULT_1_2/m_re1 is absorbed into DSP U_BF_1_2/U_TWM_1_2/GEN_MUL[14].U_MULT_1_2/m_re1.
DSP Report: Generating DSP U_BF_1_2/U_TWM_1_2/GEN_MUL[14].U_MULT_1_2/m_re0, operation Mode is: PCIN-A*B2.
DSP Report: register U_BF_1_2/U_TWM_1_2/GEN_TW_ROM[14].U_TW_64/ff_im_reg is absorbed into DSP U_BF_1_2/U_TWM_1_2/GEN_MUL[14].U_MULT_1_2/m_re0.
DSP Report: operator U_BF_1_2/U_TWM_1_2/GEN_MUL[14].U_MULT_1_2/m_re0 is absorbed into DSP U_BF_1_2/U_TWM_1_2/GEN_MUL[14].U_MULT_1_2/m_re0.
DSP Report: operator U_BF_1_2/U_TWM_1_2/GEN_MUL[14].U_MULT_1_2/m_re1 is absorbed into DSP U_BF_1_2/U_TWM_1_2/GEN_MUL[14].U_MULT_1_2/m_re0.
DSP Report: Generating DSP U_BF_1_2/U_TWM_1_2/GEN_MUL[14].U_MULT_1_2/m_im1, operation Mode is: A*B2.
DSP Report: register U_BF_1_2/U_TWM_1_2/GEN_TW_ROM[14].U_TW_64/ff_im_reg is absorbed into DSP U_BF_1_2/U_TWM_1_2/GEN_MUL[14].U_MULT_1_2/m_im1.
DSP Report: operator U_BF_1_2/U_TWM_1_2/GEN_MUL[14].U_MULT_1_2/m_im1 is absorbed into DSP U_BF_1_2/U_TWM_1_2/GEN_MUL[14].U_MULT_1_2/m_im1.
DSP Report: Generating DSP U_BF_1_2/U_TWM_1_2/GEN_MUL[14].U_MULT_1_2/m_im0, operation Mode is: PCIN+A*B2.
DSP Report: register U_BF_1_2/U_TWM_1_2/GEN_TW_ROM[14].U_TW_64/ff_re_reg is absorbed into DSP U_BF_1_2/U_TWM_1_2/GEN_MUL[14].U_MULT_1_2/m_im0.
DSP Report: operator U_BF_1_2/U_TWM_1_2/GEN_MUL[14].U_MULT_1_2/m_im0 is absorbed into DSP U_BF_1_2/U_TWM_1_2/GEN_MUL[14].U_MULT_1_2/m_im0.
DSP Report: operator U_BF_1_2/U_TWM_1_2/GEN_MUL[14].U_MULT_1_2/m_im1 is absorbed into DSP U_BF_1_2/U_TWM_1_2/GEN_MUL[14].U_MULT_1_2/m_im0.
DSP Report: Generating DSP U_BF_1_2/U_TWM_1_2/GEN_MUL[15].U_MULT_1_2/m_re1, operation Mode is: A*B2.
DSP Report: register U_BF_1_2/U_TWM_1_2/GEN_TW_ROM[15].U_TW_64/ff_re_reg is absorbed into DSP U_BF_1_2/U_TWM_1_2/GEN_MUL[15].U_MULT_1_2/m_re1.
DSP Report: operator U_BF_1_2/U_TWM_1_2/GEN_MUL[15].U_MULT_1_2/m_re1 is absorbed into DSP U_BF_1_2/U_TWM_1_2/GEN_MUL[15].U_MULT_1_2/m_re1.
DSP Report: Generating DSP U_BF_1_2/U_TWM_1_2/GEN_MUL[15].U_MULT_1_2/m_re0, operation Mode is: PCIN-A*B2.
DSP Report: register U_BF_1_2/U_TWM_1_2/GEN_TW_ROM[15].U_TW_64/ff_im_reg is absorbed into DSP U_BF_1_2/U_TWM_1_2/GEN_MUL[15].U_MULT_1_2/m_re0.
DSP Report: operator U_BF_1_2/U_TWM_1_2/GEN_MUL[15].U_MULT_1_2/m_re0 is absorbed into DSP U_BF_1_2/U_TWM_1_2/GEN_MUL[15].U_MULT_1_2/m_re0.
DSP Report: operator U_BF_1_2/U_TWM_1_2/GEN_MUL[15].U_MULT_1_2/m_re1 is absorbed into DSP U_BF_1_2/U_TWM_1_2/GEN_MUL[15].U_MULT_1_2/m_re0.
DSP Report: Generating DSP U_BF_1_2/U_TWM_1_2/GEN_MUL[15].U_MULT_1_2/m_im1, operation Mode is: A*B2.
DSP Report: register U_BF_1_2/U_TWM_1_2/GEN_TW_ROM[15].U_TW_64/ff_im_reg is absorbed into DSP U_BF_1_2/U_TWM_1_2/GEN_MUL[15].U_MULT_1_2/m_im1.
DSP Report: operator U_BF_1_2/U_TWM_1_2/GEN_MUL[15].U_MULT_1_2/m_im1 is absorbed into DSP U_BF_1_2/U_TWM_1_2/GEN_MUL[15].U_MULT_1_2/m_im1.
DSP Report: Generating DSP U_BF_1_2/U_TWM_1_2/GEN_MUL[15].U_MULT_1_2/m_im0, operation Mode is: PCIN+A*B2.
DSP Report: register U_BF_1_2/U_TWM_1_2/GEN_TW_ROM[15].U_TW_64/ff_re_reg is absorbed into DSP U_BF_1_2/U_TWM_1_2/GEN_MUL[15].U_MULT_1_2/m_im0.
DSP Report: operator U_BF_1_2/U_TWM_1_2/GEN_MUL[15].U_MULT_1_2/m_im0 is absorbed into DSP U_BF_1_2/U_TWM_1_2/GEN_MUL[15].U_MULT_1_2/m_im0.
DSP Report: operator U_BF_1_2/U_TWM_1_2/GEN_MUL[15].U_MULT_1_2/m_im1 is absorbed into DSP U_BF_1_2/U_TWM_1_2/GEN_MUL[15].U_MULT_1_2/m_im0.
WARNING: [Synth 8-3332] Sequential element (shifted_re_reg[0][15]) is unused and will be removed from module cbfp_normalize.
WARNING: [Synth 8-3332] Sequential element (shifted_re_reg[0][14]) is unused and will be removed from module cbfp_normalize.
WARNING: [Synth 8-3332] Sequential element (shifted_re_reg[0][13]) is unused and will be removed from module cbfp_normalize.
WARNING: [Synth 8-3332] Sequential element (shifted_re_reg[1][15]) is unused and will be removed from module cbfp_normalize.
WARNING: [Synth 8-3332] Sequential element (shifted_re_reg[1][14]) is unused and will be removed from module cbfp_normalize.
WARNING: [Synth 8-3332] Sequential element (shifted_re_reg[1][13]) is unused and will be removed from module cbfp_normalize.
WARNING: [Synth 8-3332] Sequential element (shifted_re_reg[2][15]) is unused and will be removed from module cbfp_normalize.
WARNING: [Synth 8-3332] Sequential element (shifted_re_reg[2][14]) is unused and will be removed from module cbfp_normalize.
WARNING: [Synth 8-3332] Sequential element (shifted_re_reg[2][13]) is unused and will be removed from module cbfp_normalize.
WARNING: [Synth 8-3332] Sequential element (shifted_re_reg[3][15]) is unused and will be removed from module cbfp_normalize.
WARNING: [Synth 8-3332] Sequential element (shifted_re_reg[3][14]) is unused and will be removed from module cbfp_normalize.
WARNING: [Synth 8-3332] Sequential element (shifted_re_reg[3][13]) is unused and will be removed from module cbfp_normalize.
WARNING: [Synth 8-3332] Sequential element (shifted_re_reg[4][15]) is unused and will be removed from module cbfp_normalize.
WARNING: [Synth 8-3332] Sequential element (shifted_re_reg[4][14]) is unused and will be removed from module cbfp_normalize.
WARNING: [Synth 8-3332] Sequential element (shifted_re_reg[4][13]) is unused and will be removed from module cbfp_normalize.
WARNING: [Synth 8-3332] Sequential element (shifted_re_reg[5][15]) is unused and will be removed from module cbfp_normalize.
WARNING: [Synth 8-3332] Sequential element (shifted_re_reg[5][14]) is unused and will be removed from module cbfp_normalize.
WARNING: [Synth 8-3332] Sequential element (shifted_re_reg[5][13]) is unused and will be removed from module cbfp_normalize.
WARNING: [Synth 8-3332] Sequential element (shifted_re_reg[6][15]) is unused and will be removed from module cbfp_normalize.
WARNING: [Synth 8-3332] Sequential element (shifted_re_reg[6][14]) is unused and will be removed from module cbfp_normalize.
WARNING: [Synth 8-3332] Sequential element (shifted_re_reg[6][13]) is unused and will be removed from module cbfp_normalize.
WARNING: [Synth 8-3332] Sequential element (shifted_re_reg[7][15]) is unused and will be removed from module cbfp_normalize.
WARNING: [Synth 8-3332] Sequential element (shifted_re_reg[7][14]) is unused and will be removed from module cbfp_normalize.
WARNING: [Synth 8-3332] Sequential element (shifted_re_reg[7][13]) is unused and will be removed from module cbfp_normalize.
WARNING: [Synth 8-3332] Sequential element (shifted_re_reg[8][15]) is unused and will be removed from module cbfp_normalize.
WARNING: [Synth 8-3332] Sequential element (shifted_re_reg[8][14]) is unused and will be removed from module cbfp_normalize.
WARNING: [Synth 8-3332] Sequential element (shifted_re_reg[8][13]) is unused and will be removed from module cbfp_normalize.
WARNING: [Synth 8-3332] Sequential element (shifted_re_reg[9][15]) is unused and will be removed from module cbfp_normalize.
WARNING: [Synth 8-3332] Sequential element (shifted_re_reg[9][14]) is unused and will be removed from module cbfp_normalize.
WARNING: [Synth 8-3332] Sequential element (shifted_re_reg[9][13]) is unused and will be removed from module cbfp_normalize.
WARNING: [Synth 8-3332] Sequential element (shifted_re_reg[10][15]) is unused and will be removed from module cbfp_normalize.
WARNING: [Synth 8-3332] Sequential element (shifted_re_reg[10][14]) is unused and will be removed from module cbfp_normalize.
WARNING: [Synth 8-3332] Sequential element (shifted_re_reg[10][13]) is unused and will be removed from module cbfp_normalize.
WARNING: [Synth 8-3332] Sequential element (shifted_re_reg[11][15]) is unused and will be removed from module cbfp_normalize.
WARNING: [Synth 8-3332] Sequential element (shifted_re_reg[11][14]) is unused and will be removed from module cbfp_normalize.
WARNING: [Synth 8-3332] Sequential element (shifted_re_reg[11][13]) is unused and will be removed from module cbfp_normalize.
WARNING: [Synth 8-3332] Sequential element (shifted_re_reg[12][15]) is unused and will be removed from module cbfp_normalize.
WARNING: [Synth 8-3332] Sequential element (shifted_re_reg[12][14]) is unused and will be removed from module cbfp_normalize.
WARNING: [Synth 8-3332] Sequential element (shifted_re_reg[12][13]) is unused and will be removed from module cbfp_normalize.
WARNING: [Synth 8-3332] Sequential element (shifted_re_reg[13][15]) is unused and will be removed from module cbfp_normalize.
WARNING: [Synth 8-3332] Sequential element (shifted_re_reg[13][14]) is unused and will be removed from module cbfp_normalize.
WARNING: [Synth 8-3332] Sequential element (shifted_re_reg[13][13]) is unused and will be removed from module cbfp_normalize.
WARNING: [Synth 8-3332] Sequential element (shifted_re_reg[14][15]) is unused and will be removed from module cbfp_normalize.
WARNING: [Synth 8-3332] Sequential element (shifted_re_reg[14][14]) is unused and will be removed from module cbfp_normalize.
WARNING: [Synth 8-3332] Sequential element (shifted_re_reg[14][13]) is unused and will be removed from module cbfp_normalize.
WARNING: [Synth 8-3332] Sequential element (shifted_re_reg[15][15]) is unused and will be removed from module cbfp_normalize.
WARNING: [Synth 8-3332] Sequential element (shifted_re_reg[15][14]) is unused and will be removed from module cbfp_normalize.
WARNING: [Synth 8-3332] Sequential element (shifted_re_reg[15][13]) is unused and will be removed from module cbfp_normalize.
WARNING: [Synth 8-3332] Sequential element (shifted_im_reg[0][15]) is unused and will be removed from module cbfp_normalize.
WARNING: [Synth 8-3332] Sequential element (shifted_im_reg[0][14]) is unused and will be removed from module cbfp_normalize.
WARNING: [Synth 8-3332] Sequential element (shifted_im_reg[0][13]) is unused and will be removed from module cbfp_normalize.
WARNING: [Synth 8-3332] Sequential element (shifted_im_reg[1][15]) is unused and will be removed from module cbfp_normalize.
WARNING: [Synth 8-3332] Sequential element (shifted_im_reg[1][14]) is unused and will be removed from module cbfp_normalize.
WARNING: [Synth 8-3332] Sequential element (shifted_im_reg[1][13]) is unused and will be removed from module cbfp_normalize.
WARNING: [Synth 8-3332] Sequential element (shifted_im_reg[2][15]) is unused and will be removed from module cbfp_normalize.
WARNING: [Synth 8-3332] Sequential element (shifted_im_reg[2][14]) is unused and will be removed from module cbfp_normalize.
WARNING: [Synth 8-3332] Sequential element (shifted_im_reg[2][13]) is unused and will be removed from module cbfp_normalize.
WARNING: [Synth 8-3332] Sequential element (shifted_im_reg[3][15]) is unused and will be removed from module cbfp_normalize.
WARNING: [Synth 8-3332] Sequential element (shifted_im_reg[3][14]) is unused and will be removed from module cbfp_normalize.
WARNING: [Synth 8-3332] Sequential element (shifted_im_reg[3][13]) is unused and will be removed from module cbfp_normalize.
WARNING: [Synth 8-3332] Sequential element (shifted_im_reg[4][15]) is unused and will be removed from module cbfp_normalize.
WARNING: [Synth 8-3332] Sequential element (shifted_im_reg[4][14]) is unused and will be removed from module cbfp_normalize.
WARNING: [Synth 8-3332] Sequential element (shifted_im_reg[4][13]) is unused and will be removed from module cbfp_normalize.
WARNING: [Synth 8-3332] Sequential element (shifted_im_reg[5][15]) is unused and will be removed from module cbfp_normalize.
WARNING: [Synth 8-3332] Sequential element (shifted_im_reg[5][14]) is unused and will be removed from module cbfp_normalize.
WARNING: [Synth 8-3332] Sequential element (shifted_im_reg[5][13]) is unused and will be removed from module cbfp_normalize.
WARNING: [Synth 8-3332] Sequential element (shifted_im_reg[6][15]) is unused and will be removed from module cbfp_normalize.
WARNING: [Synth 8-3332] Sequential element (shifted_im_reg[6][14]) is unused and will be removed from module cbfp_normalize.
WARNING: [Synth 8-3332] Sequential element (shifted_im_reg[6][13]) is unused and will be removed from module cbfp_normalize.
WARNING: [Synth 8-3332] Sequential element (shifted_im_reg[7][15]) is unused and will be removed from module cbfp_normalize.
WARNING: [Synth 8-3332] Sequential element (shifted_im_reg[7][14]) is unused and will be removed from module cbfp_normalize.
WARNING: [Synth 8-3332] Sequential element (shifted_im_reg[7][13]) is unused and will be removed from module cbfp_normalize.
WARNING: [Synth 8-3332] Sequential element (shifted_im_reg[8][15]) is unused and will be removed from module cbfp_normalize.
WARNING: [Synth 8-3332] Sequential element (shifted_im_reg[8][14]) is unused and will be removed from module cbfp_normalize.
WARNING: [Synth 8-3332] Sequential element (shifted_im_reg[8][13]) is unused and will be removed from module cbfp_normalize.
WARNING: [Synth 8-3332] Sequential element (shifted_im_reg[9][15]) is unused and will be removed from module cbfp_normalize.
WARNING: [Synth 8-3332] Sequential element (shifted_im_reg[9][14]) is unused and will be removed from module cbfp_normalize.
WARNING: [Synth 8-3332] Sequential element (shifted_im_reg[9][13]) is unused and will be removed from module cbfp_normalize.
WARNING: [Synth 8-3332] Sequential element (shifted_im_reg[10][15]) is unused and will be removed from module cbfp_normalize.
WARNING: [Synth 8-3332] Sequential element (shifted_im_reg[10][14]) is unused and will be removed from module cbfp_normalize.
WARNING: [Synth 8-3332] Sequential element (shifted_im_reg[10][13]) is unused and will be removed from module cbfp_normalize.
WARNING: [Synth 8-3332] Sequential element (shifted_im_reg[11][15]) is unused and will be removed from module cbfp_normalize.
WARNING: [Synth 8-3332] Sequential element (shifted_im_reg[11][14]) is unused and will be removed from module cbfp_normalize.
WARNING: [Synth 8-3332] Sequential element (shifted_im_reg[11][13]) is unused and will be removed from module cbfp_normalize.
WARNING: [Synth 8-3332] Sequential element (shifted_im_reg[12][15]) is unused and will be removed from module cbfp_normalize.
WARNING: [Synth 8-3332] Sequential element (shifted_im_reg[12][14]) is unused and will be removed from module cbfp_normalize.
WARNING: [Synth 8-3332] Sequential element (shifted_im_reg[12][13]) is unused and will be removed from module cbfp_normalize.
WARNING: [Synth 8-3332] Sequential element (shifted_im_reg[13][15]) is unused and will be removed from module cbfp_normalize.
WARNING: [Synth 8-3332] Sequential element (shifted_im_reg[13][14]) is unused and will be removed from module cbfp_normalize.
WARNING: [Synth 8-3332] Sequential element (shifted_im_reg[13][13]) is unused and will be removed from module cbfp_normalize.
WARNING: [Synth 8-3332] Sequential element (shifted_im_reg[14][15]) is unused and will be removed from module cbfp_normalize.
WARNING: [Synth 8-3332] Sequential element (shifted_im_reg[14][14]) is unused and will be removed from module cbfp_normalize.
WARNING: [Synth 8-3332] Sequential element (shifted_im_reg[14][13]) is unused and will be removed from module cbfp_normalize.
WARNING: [Synth 8-3332] Sequential element (shifted_im_reg[15][15]) is unused and will be removed from module cbfp_normalize.
WARNING: [Synth 8-3332] Sequential element (shifted_im_reg[15][14]) is unused and will be removed from module cbfp_normalize.
WARNING: [Synth 8-3332] Sequential element (shifted_im_reg[15][13]) is unused and will be removed from module cbfp_normalize.
---------------------------------------------------------------------------------
Finished Cross Boundary and Area Optimization : Time (s): cpu = 00:02:31 ; elapsed = 00:02:36 . Memory (MB): peak = 2478.141 ; gain = 893.477
---------------------------------------------------------------------------------
---------------------------------------------------------------------------------
Start ROM, RAM, DSP, Shift Register and Retiming Reporting
---------------------------------------------------------------------------------

ROM: Preliminary Mapping	Report
+-------------+------------+---------------+----------------+
|Module Name  | RTL Object | Depth x Width | Implemented As | 
+-------------+------------+---------------+----------------+
|cos_gen_rom  | p_0_out    | 512x8         | LUT            | 
|cos_gen_rom  | p_0_out    | 512x8         | LUT            | 
|cos_gen_rom  | p_0_out    | 512x8         | LUT            | 
|cos_gen_rom  | p_0_out    | 512x8         | LUT            | 
|cos_gen_rom  | p_0_out    | 512x8         | LUT            | 
|cos_gen_rom  | p_0_out    | 512x8         | LUT            | 
|cos_gen_rom  | p_0_out    | 512x8         | LUT            | 
|cos_gen_rom  | p_0_out    | 512x8         | LUT            | 
|cos_gen_rom  | p_0_out    | 512x8         | LUT            | 
|cos_gen_rom  | p_0_out    | 512x8         | LUT            | 
|cos_gen_rom  | p_0_out    | 512x8         | LUT            | 
|cos_gen_rom  | p_0_out    | 512x8         | LUT            | 
|cos_gen_rom  | p_0_out    | 512x8         | LUT            | 
|cos_gen_rom  | p_0_out    | 512x8         | LUT            | 
|cos_gen_rom  | p_0_out    | 512x8         | LUT            | 
|cos_gen_rom  | p_0_out    | 512x8         | LUT            | 
|twiddle_64   | twf_rom_re | 64x9          | LUT            | 
|twiddle_64   | twf_rom_im | 64x9          | LUT            | 
|TOP_test_fft | p_0_out    | 512x8         | LUT            | 
|TOP_test_fft | p_0_out    | 512x8         | LUT            | 
|TOP_test_fft | p_0_out    | 512x8         | LUT            | 
|TOP_test_fft | p_0_out    | 512x8         | LUT            | 
|TOP_test_fft | p_0_out    | 512x8         | LUT            | 
|TOP_test_fft | p_0_out    | 512x8         | LUT            | 
|TOP_test_fft | p_0_out    | 512x8         | LUT            | 
|TOP_test_fft | p_0_out    | 512x8         | LUT            | 
|TOP_test_fft | p_0_out    | 512x8         | LUT            | 
|TOP_test_fft | p_0_out    | 512x8         | LUT            | 
|TOP_test_fft | p_0_out    | 512x8         | LUT            | 
|TOP_test_fft | p_0_out    | 512x8         | LUT            | 
|TOP_test_fft | p_0_out    | 512x8         | LUT            | 
|TOP_test_fft | p_0_out    | 512x8         | LUT            | 
|TOP_test_fft | p_0_out    | 512x8         | LUT            | 
|TOP_test_fft | p_0_out    | 512x8         | LUT            | 
+-------------+------------+---------------+----------------+


DSP: Preliminary Mapping	Report (see note below)
+------------------+-----------------+--------+--------+--------+--------+--------+------+------+------+------+-------+------+------+
|Module Name       | DSP Mapping     | A Size | B Size | C Size | D Size | P Size | AREG | BREG | CREG | DREG | ADREG | MREG | PREG | 
+------------------+-----------------+--------+--------+--------+--------+--------+------+------+------+------+-------+------+------+
|fac8_1_2_1        | A*(B:0xb5)      | 14     | 9      | -      | -      | 23     | 0    | 0    | -    | -    | -     | 0    | 0    | 
|fac8_1_2_1        | PCIN+A*(B:0xb5) | 14     | 9      | -      | -      | 23     | 0    | 0    | -    | -    | -     | 0    | 0    | 
|fac8_1_2_1        | A*(B:0xb5)      | 14     | 9      | -      | -      | 23     | 0    | 0    | -    | -    | -     | 0    | 0    | 
|fac8_1_2_1        | PCIN-A*(B:0xb5) | 14     | 9      | -      | -      | 23     | 0    | 0    | -    | -    | -     | 0    | 0    | 
|fac8_1_2_1        | A*(B:0xb5)      | 14     | 9      | -      | -      | 23     | 0    | 0    | -    | -    | -     | 0    | 0    | 
|fac8_1_2_1        | PCIN+A*(B:0xb5) | 14     | 9      | -      | -      | 23     | 0    | 0    | -    | -    | -     | 0    | 0    | 
|fac8_1_2_1        | A*(B:0xb5)      | 14     | 9      | -      | -      | 23     | 0    | 0    | -    | -    | -     | 0    | 0    | 
|fac8_1_2_1        | PCIN-A*(B:0xb5) | 14     | 9      | -      | -      | 23     | 0    | 0    | -    | -    | -     | 0    | 0    | 
|fac8_1_2_1        | C-A*(B:0xb5)    | 14     | 9      | 23     | -      | 23     | 0    | 0    | 0    | -    | -     | 0    | 0    | 
|fac8_1_2_1        | A*(B:0xb5)      | 14     | 9      | -      | -      | 23     | 0    | 0    | -    | -    | -     | 0    | 0    | 
|fac8_1_2_1        | C-A*(B:0xb5)    | 14     | 9      | 23     | -      | 23     | 0    | 0    | 0    | -    | -     | 0    | 0    | 
|fac8_1_2_1        | A*(B:0xb5)      | 14     | 9      | -      | -      | 23     | 0    | 0    | -    | -    | -     | 0    | 0    | 
|twiddle_mult_pipe | A*B2            | 13     | 9      | -      | -      | 22     | 0    | 1    | -    | -    | -     | 0    | 0    | 
|twiddle_mult_pipe | PCIN-A*B2       | 13     | 9      | -      | -      | 22     | 0    | 1    | -    | -    | -     | 0    | 0    | 
|twiddle_mult_pipe | A*B2            | 13     | 9      | -      | -      | 22     | 0    | 1    | -    | -    | -     | 0    | 0    | 
|twiddle_mult_pipe | PCIN+A*B2       | 13     | 9      | -      | -      | 22     | 0    | 1    | -    | -    | -     | 0    | 0    | 
|twiddle_mult_pipe | A*B2            | 13     | 9      | -      | -      | 22     | 0    | 1    | -    | -    | -     | 0    | 0    | 
|twiddle_mult_pipe | PCIN-A*B2       | 13     | 9      | -      | -      | 22     | 0    | 1    | -    | -    | -     | 0    | 0    | 
|twiddle_mult_pipe | A*B2            | 13     | 9      | -      | -      | 22     | 0    | 1    | -    | -    | -     | 0    | 0    | 
|twiddle_mult_pipe | PCIN+A*B2       | 13     | 9      | -      | -      | 22     | 0    | 1    | -    | -    | -     | 0    | 0    | 
|twiddle_mult_pipe | A*B2            | 13     | 9      | -      | -      | 22     | 0    | 1    | -    | -    | -     | 0    | 0    | 
|twiddle_mult_pipe | PCIN-A*B2       | 13     | 9      | -      | -      | 22     | 0    | 1    | -    | -    | -     | 0    | 0    | 
|twiddle_mult_pipe | A*B2            | 13     | 9      | -      | -      | 22     | 0    | 1    | -    | -    | -     | 0    | 0    | 
|twiddle_mult_pipe | PCIN+A*B2       | 13     | 9      | -      | -      | 22     | 0    | 1    | -    | -    | -     | 0    | 0    | 
|twiddle_mult_pipe | A*B2            | 13     | 9      | -      | -      | 22     | 0    | 1    | -    | -    | -     | 0    | 0    | 
|twiddle_mult_pipe | PCIN-A*B2       | 13     | 9      | -      | -      | 22     | 0    | 1    | -    | -    | -     | 0    | 0    | 
|twiddle_mult_pipe | A*B2            | 13     | 9      | -      | -      | 22     | 0    | 1    | -    | -    | -     | 0    | 0    | 
|twiddle_mult_pipe | PCIN+A*B2       | 13     | 9      | -      | -      | 22     | 0    | 1    | -    | -    | -     | 0    | 0    | 
|twiddle_mult_pipe | A*B2            | 13     | 9      | -      | -      | 22     | 0    | 1    | -    | -    | -     | 0    | 0    | 
|twiddle_mult_pipe | PCIN-A*B2       | 13     | 9      | -      | -      | 22     | 0    | 1    | -    | -    | -     | 0    | 0    | 
|twiddle_mult_pipe | A*B2            | 13     | 9      | -      | -      | 22     | 0    | 1    | -    | -    | -     | 0    | 0    | 
|twiddle_mult_pipe | PCIN+A*B2       | 13     | 9      | -      | -      | 22     | 0    | 1    | -    | -    | -     | 0    | 0    | 
|twiddle_mult_pipe | A*B2            | 13     | 9      | -      | -      | 22     | 0    | 1    | -    | -    | -     | 0    | 0    | 
|twiddle_mult_pipe | PCIN-A*B2       | 13     | 9      | -      | -      | 22     | 0    | 1    | -    | -    | -     | 0    | 0    | 
|twiddle_mult_pipe | A*B2            | 13     | 9      | -      | -      | 22     | 0    | 1    | -    | -    | -     | 0    | 0    | 
|twiddle_mult_pipe | PCIN+A*B2       | 13     | 9      | -      | -      | 22     | 0    | 1    | -    | -    | -     | 0    | 0    | 
|twiddle_mult_pipe | A*B2            | 13     | 9      | -      | -      | 22     | 0    | 1    | -    | -    | -     | 0    | 0    | 
|twiddle_mult_pipe | PCIN-A*B2       | 13     | 9      | -      | -      | 22     | 0    | 1    | -    | -    | -     | 0    | 0    | 
|twiddle_mult_pipe | A*B2            | 13     | 9      | -      | -      | 22     | 0    | 1    | -    | -    | -     | 0    | 0    | 
|twiddle_mult_pipe | PCIN+A*B2       | 13     | 9      | -      | -      | 22     | 0    | 1    | -    | -    | -     | 0    | 0    | 
|twiddle_mult_pipe | A*B2            | 13     | 9      | -      | -      | 22     | 0    | 1    | -    | -    | -     | 0    | 0    | 
|twiddle_mult_pipe | PCIN-A*B2       | 13     | 9      | -      | -      | 22     | 0    | 1    | -    | -    | -     | 0    | 0    | 
|twiddle_mult_pipe | A*B2            | 13     | 9      | -      | -      | 22     | 0    | 1    | -    | -    | -     | 0    | 0    | 
|twiddle_mult_pipe | PCIN+A*B2       | 13     | 9      | -      | -      | 22     | 0    | 1    | -    | -    | -     | 0    | 0    | 
|twiddle_mult_pipe | A*B2            | 13     | 9      | -      | -      | 22     | 0    | 1    | -    | -    | -     | 0    | 0    | 
|twiddle_mult_pipe | PCIN-A*B2       | 13     | 9      | -      | -      | 22     | 0    | 1    | -    | -    | -     | 0    | 0    | 
|twiddle_mult_pipe | A*B2            | 13     | 9      | -      | -      | 22     | 0    | 1    | -    | -    | -     | 0    | 0    | 
|twiddle_mult_pipe | PCIN+A*B2       | 13     | 9      | -      | -      | 22     | 0    | 1    | -    | -    | -     | 0    | 0    | 
|twiddle_mult_pipe | A*B2            | 13     | 9      | -      | -      | 22     | 0    | 1    | -    | -    | -     | 0    | 0    | 
|twiddle_mult_pipe | PCIN-A*B2       | 13     | 9      | -      | -      | 22     | 0    | 1    | -    | -    | -     | 0    | 0    | 
|twiddle_mult_pipe | A*B2            | 13     | 9      | -      | -      | 22     | 0    | 1    | -    | -    | -     | 0    | 0    | 
|twiddle_mult_pipe | PCIN+A*B2       | 13     | 9      | -      | -      | 22     | 0    | 1    | -    | -    | -     | 0    | 0    | 
|twiddle_mult_pipe | A*B2            | 13     | 9      | -      | -      | 22     | 0    | 1    | -    | -    | -     | 0    | 0    | 
|twiddle_mult_pipe | PCIN-A*B2       | 13     | 9      | -      | -      | 22     | 0    | 1    | -    | -    | -     | 0    | 0    | 
|twiddle_mult_pipe | A*B2            | 13     | 9      | -      | -      | 22     | 0    | 1    | -    | -    | -     | 0    | 0    | 
|twiddle_mult_pipe | PCIN+A*B2       | 13     | 9      | -      | -      | 22     | 0    | 1    | -    | -    | -     | 0    | 0    | 
|twiddle_mult_pipe | A*B2            | 13     | 9      | -      | -      | 22     | 0    | 1    | -    | -    | -     | 0    | 0    | 
|twiddle_mult_pipe | PCIN-A*B2       | 13     | 9      | -      | -      | 22     | 0    | 1    | -    | -    | -     | 0    | 0    | 
|twiddle_mult_pipe | A*B2            | 13     | 9      | -      | -      | 22     | 0    | 1    | -    | -    | -     | 0    | 0    | 
|twiddle_mult_pipe | PCIN+A*B2       | 13     | 9      | -      | -      | 22     | 0    | 1    | -    | -    | -     | 0    | 0    | 
|twiddle_mult_pipe | A*B2            | 13     | 9      | -      | -      | 22     | 0    | 1    | -    | -    | -     | 0    | 0    | 
|twiddle_mult_pipe | PCIN-A*B2       | 13     | 9      | -      | -      | 22     | 0    | 1    | -    | -    | -     | 0    | 0    | 
|twiddle_mult_pipe | A*B2            | 13     | 9      | -      | -      | 22     | 0    | 1    | -    | -    | -     | 0    | 0    | 
|twiddle_mult_pipe | PCIN+A*B2       | 13     | 9      | -      | -      | 22     | 0    | 1    | -    | -    | -     | 0    | 0    | 
|twiddle_mult_pipe | A*B2            | 13     | 9      | -      | -      | 22     | 0    | 1    | -    | -    | -     | 0    | 0    | 
|twiddle_mult_pipe | PCIN-A*B2       | 13     | 9      | -      | -      | 22     | 0    | 1    | -    | -    | -     | 0    | 0    | 
|twiddle_mult_pipe | A*B2            | 13     | 9      | -      | -      | 22     | 0    | 1    | -    | -    | -     | 0    | 0    | 
|twiddle_mult_pipe | PCIN+A*B2       | 13     | 9      | -      | -      | 22     | 0    | 1    | -    | -    | -     | 0    | 0    | 
|twiddle_mult_pipe | A*B2            | 13     | 9      | -      | -      | 22     | 0    | 1    | -    | -    | -     | 0    | 0    | 
|twiddle_mult_pipe | PCIN-A*B2       | 13     | 9      | -      | -      | 22     | 0    | 1    | -    | -    | -     | 0    | 0    | 
|twiddle_mult_pipe | A*B2            | 13     | 9      | -      | -      | 22     | 0    | 1    | -    | -    | -     | 0    | 0    | 
|twiddle_mult_pipe | PCIN+A*B2       | 13     | 9      | -      | -      | 22     | 0    | 1    | -    | -    | -     | 0    | 0    | 
|twiddle_mult_pipe | A*B2            | 13     | 9      | -      | -      | 22     | 0    | 1    | -    | -    | -     | 0    | 0    | 
|twiddle_mult_pipe | PCIN-A*B2       | 13     | 9      | -      | -      | 22     | 0    | 1    | -    | -    | -     | 0    | 0    | 
|twiddle_mult_pipe | A*B2            | 13     | 9      | -      | -      | 22     | 0    | 1    | -    | -    | -     | 0    | 0    | 
|twiddle_mult_pipe | PCIN+A*B2       | 13     | 9      | -      | -      | 22     | 0    | 1    | -    | -    | -     | 0    | 0    | 
|fac8_1            | A*(B:0xb5)      | 11     | 9      | -      | -      | 20     | 0    | 0    | -    | -    | -     | 0    | 0    | 
|fac8_1            | C+A*(B:0xb5)    | 11     | 9      | 20     | -      | 21     | 0    | 0    | 0    | -    | -     | 0    | 0    | 
|fac8_1            | PCIN-A*(B:0xb5) | 11     | 9      | -      | -      | 21     | 0    | 0    | -    | -    | -     | 0    | 0    | 
|fac8_1            | A*(B:0xb5)      | 11     | 9      | -      | -      | 20     | 0    | 0    | -    | -    | -     | 0    | 0    | 
|fac8_1            | C+A*(B:0xb5)    | 11     | 9      | 20     | -      | 21     | 0    | 0    | 0    | -    | -     | 0    | 0    | 
|fac8_1            | PCIN-A*(B:0xb5) | 11     | 9      | -      | -      | 21     | 0    | 0    | -    | -    | -     | 0    | 0    | 
|fac8_1            | A*(B:0xb5)      | 11     | 9      | -      | -      | 20     | 0    | 0    | -    | -    | -     | 0    | 0    | 
|fac8_1            | C+A*(B:0xb5)    | 11     | 9      | 20     | -      | 21     | 0    | 0    | 0    | -    | -     | 0    | 0    | 
|fac8_1            | PCIN-A*(B:0xb5) | 11     | 9      | -      | -      | 21     | 0    | 0    | -    | -    | -     | 0    | 0    | 
|fac8_1            | A*(B:0xb5)      | 11     | 9      | -      | -      | 20     | 0    | 0    | -    | -    | -     | 0    | 0    | 
|fac8_1            | C+A*(B:0xb5)    | 11     | 9      | 20     | -      | 21     | 0    | 0    | 0    | -    | -     | 0    | 0    | 
|fac8_1            | PCIN-A*(B:0xb5) | 11     | 9      | -      | -      | 21     | 0    | 0    | -    | -    | -     | 0    | 0    | 
|fac8_1            | A*(B:0xb5)      | 11     | 9      | -      | -      | 20     | 0    | 0    | -    | -    | -     | 0    | 0    | 
|fac8_1            | C+A*(B:0xb5)    | 11     | 9      | 20     | -      | 21     | 0    | 0    | 0    | -    | -     | 0    | 0    | 
|fac8_1            | PCIN-A*(B:0xb5) | 11     | 9      | -      | -      | 21     | 0    | 0    | -    | -    | -     | 0    | 0    | 
|fac8_1            | A*(B:0xb5)      | 11     | 9      | -      | -      | 20     | 0    | 0    | -    | -    | -     | 0    | 0    | 
|fac8_1            | C+A*(B:0xb5)    | 11     | 9      | 20     | -      | 21     | 0    | 0    | 0    | -    | -     | 0    | 0    | 
|fac8_1            | PCIN-A*(B:0xb5) | 11     | 9      | -      | -      | 21     | 0    | 0    | -    | -    | -     | 0    | 0    | 
|fac8_1            | A*(B:0xb5)      | 11     | 9      | -      | -      | 20     | 0    | 0    | -    | -    | -     | 0    | 0    | 
|fac8_1            | C+A*(B:0xb5)    | 11     | 9      | 20     | -      | 21     | 0    | 0    | 0    | -    | -     | 0    | 0    | 
|fac8_1            | PCIN-A*(B:0xb5) | 11     | 9      | -      | -      | 21     | 0    | 0    | -    | -    | -     | 0    | 0    | 
|fac8_1            | A*(B:0xb5)      | 11     | 9      | -      | -      | 20     | 0    | 0    | -    | -    | -     | 0    | 0    | 
|fac8_1            | C+A*(B:0xb5)    | 11     | 9      | 20     | -      | 21     | 0    | 0    | 0    | -    | -     | 0    | 0    | 
|fac8_1            | PCIN-A*(B:0xb5) | 11     | 9      | -      | -      | 21     | 0    | 0    | -    | -    | -     | 0    | 0    | 
|fac8_1            | A*(B:0xb5)      | 11     | 9      | -      | -      | 20     | 0    | 0    | -    | -    | -     | 0    | 0    | 
|fac8_1            | C+A*(B:0xb5)    | 11     | 9      | 20     | -      | 21     | 0    | 0    | 0    | -    | -     | 0    | 0    | 
|fac8_1            | PCIN-A*(B:0xb5) | 11     | 9      | -      | -      | 21     | 0    | 0    | -    | -    | -     | 0    | 0    | 
|fac8_1            | A*(B:0xb5)      | 11     | 9      | -      | -      | 20     | 0    | 0    | -    | -    | -     | 0    | 0    | 
|fac8_1            | C+A*(B:0xb5)    | 11     | 9      | 20     | -      | 21     | 0    | 0    | 0    | -    | -     | 0    | 0    | 
|fac8_1            | PCIN-A*(B:0xb5) | 11     | 9      | -      | -      | 21     | 0    | 0    | -    | -    | -     | 0    | 0    | 
|fac8_1            | A*(B:0xb5)      | 11     | 9      | -      | -      | 20     | 0    | 0    | -    | -    | -     | 0    | 0    | 
|fac8_1            | C+A*(B:0xb5)    | 11     | 9      | 20     | -      | 21     | 0    | 0    | 0    | -    | -     | 0    | 0    | 
|fac8_1            | PCIN-A*(B:0xb5) | 11     | 9      | -      | -      | 21     | 0    | 0    | -    | -    | -     | 0    | 0    | 
|fac8_1            | A*(B:0xb5)      | 11     | 9      | -      | -      | 20     | 0    | 0    | -    | -    | -     | 0    | 0    | 
|fac8_1            | C+A*(B:0xb5)    | 11     | 9      | 20     | -      | 21     | 0    | 0    | 0    | -    | -     | 0    | 0    | 
|fac8_1            | PCIN-A*(B:0xb5) | 11     | 9      | -      | -      | 21     | 0    | 0    | -    | -    | -     | 0    | 0    | 
|fac8_1            | A*(B:0xb5)      | 11     | 9      | -      | -      | 20     | 0    | 0    | -    | -    | -     | 0    | 0    | 
|fac8_1            | C+A*(B:0xb5)    | 11     | 9      | 20     | -      | 21     | 0    | 0    | 0    | -    | -     | 0    | 0    | 
|fac8_1            | PCIN-A*(B:0xb5) | 11     | 9      | -      | -      | 21     | 0    | 0    | -    | -    | -     | 0    | 0    | 
|fac8_1            | A*(B:0xb5)      | 11     | 9      | -      | -      | 20     | 0    | 0    | -    | -    | -     | 0    | 0    | 
|fac8_1            | C+A*(B:0xb5)    | 11     | 9      | 20     | -      | 21     | 0    | 0    | 0    | -    | -     | 0    | 0    | 
|fac8_1            | PCIN-A*(B:0xb5) | 11     | 9      | -      | -      | 21     | 0    | 0    | -    | -    | -     | 0    | 0    | 
|fac8_1            | A*(B:0xb5)      | 11     | 9      | -      | -      | 20     | 0    | 0    | -    | -    | -     | 0    | 0    | 
|fac8_1            | C+A*(B:0xb5)    | 11     | 9      | 20     | -      | 21     | 0    | 0    | 0    | -    | -     | 0    | 0    | 
|fac8_1            | PCIN-A*(B:0xb5) | 11     | 9      | -      | -      | 21     | 0    | 0    | -    | -    | -     | 0    | 0    | 
|fac8_1            | A*(B:0xb5)      | 11     | 9      | -      | -      | 20     | 0    | 0    | -    | -    | -     | 0    | 0    | 
|fac8_1            | C+A*(B:0xb5)    | 11     | 9      | 20     | -      | 21     | 0    | 0    | 0    | -    | -     | 0    | 0    | 
|fac8_1            | PCIN-A*(B:0xb5) | 11     | 9      | -      | -      | 21     | 0    | 0    | -    | -    | -     | 0    | 0    | 
|fac8_1_1_1        | A*(B:0xb5)      | 13     | 9      | -      | -      | 22     | 0    | 0    | -    | -    | -     | 0    | 0    | 
|fac8_1_1_1        | PCIN-A*(B:0xb5) | 13     | 9      | -      | -      | 22     | 0    | 0    | -    | -    | -     | 0    | 0    | 
|fac8_1_1_1        | C+A*(B:0xb5)    | 13     | 9      | 22     | -      | 22     | 0    | 0    | 0    | -    | -     | 0    | 0    | 
|fac8_1_1_1        | A*(B:0xb5)      | 13     | 9      | -      | -      | 22     | 0    | 0    | -    | -    | -     | 0    | 0    | 
|fac8_1_1_1        | PCIN-A*(B:0xb5) | 13     | 9      | -      | -      | 22     | 0    | 0    | -    | -    | -     | 0    | 0    | 
|fac8_1_1_1        | C+A*(B:0xb5)    | 13     | 9      | 22     | -      | 22     | 0    | 0    | 0    | -    | -     | 0    | 0    | 
|fac8_1_1_1        | A*(B:0xb5)      | 13     | 9      | -      | -      | 22     | 0    | 0    | -    | -    | -     | 0    | 0    | 
|fac8_1_1_1        | PCIN-A*(B:0xb5) | 13     | 9      | -      | -      | 22     | 0    | 0    | -    | -    | -     | 0    | 0    | 
|fac8_1_1_1        | C+A*(B:0xb5)    | 13     | 9      | 22     | -      | 22     | 0    | 0    | 0    | -    | -     | 0    | 0    | 
|fac8_1_1_1        | A*(B:0xb5)      | 13     | 9      | -      | -      | 22     | 0    | 0    | -    | -    | -     | 0    | 0    | 
|fac8_1_1_1        | PCIN-A*(B:0xb5) | 13     | 9      | -      | -      | 22     | 0    | 0    | -    | -    | -     | 0    | 0    | 
|fac8_1_1_1        | C+A*(B:0xb5)    | 13     | 9      | 22     | -      | 22     | 0    | 0    | 0    | -    | -     | 0    | 0    | 
|fac8_1_1_1        | A*(B:0xb5)      | 13     | 9      | -      | -      | 22     | 0    | 0    | -    | -    | -     | 0    | 0    | 
|fac8_1_1_1        | PCIN-A*(B:0xb5) | 13     | 9      | -      | -      | 22     | 0    | 0    | -    | -    | -     | 0    | 0    | 
|fac8_1_1_1        | C+A*(B:0xb5)    | 13     | 9      | 22     | -      | 22     | 0    | 0    | 0    | -    | -     | 0    | 0    | 
|fac8_1_1_1        | A*(B:0xb5)      | 13     | 9      | -      | -      | 22     | 0    | 0    | -    | -    | -     | 0    | 0    | 
|fac8_1_1_1        | PCIN-A*(B:0xb5) | 13     | 9      | -      | -      | 22     | 0    | 0    | -    | -    | -     | 0    | 0    | 
|fac8_1_1_1        | C+A*(B:0xb5)    | 13     | 9      | 22     | -      | 22     | 0    | 0    | 0    | -    | -     | 0    | 0    | 
|fac8_1_1_1        | A*(B:0xb5)      | 13     | 9      | -      | -      | 22     | 0    | 0    | -    | -    | -     | 0    | 0    | 
|fac8_1_1_1        | PCIN-A*(B:0xb5) | 13     | 9      | -      | -      | 22     | 0    | 0    | -    | -    | -     | 0    | 0    | 
|fac8_1_1_1        | C+A*(B:0xb5)    | 13     | 9      | 22     | -      | 22     | 0    | 0    | 0    | -    | -     | 0    | 0    | 
|fac8_1_1_1        | A*(B:0xb5)      | 13     | 9      | -      | -      | 22     | 0    | 0    | -    | -    | -     | 0    | 0    | 
|fac8_1_1_1        | PCIN-A*(B:0xb5) | 13     | 9      | -      | -      | 22     | 0    | 0    | -    | -    | -     | 0    | 0    | 
|fac8_1_1_1        | C+A*(B:0xb5)    | 13     | 9      | 22     | -      | 22     | 0    | 0    | 0    | -    | -     | 0    | 0    | 
|butterfly_1__GC0  | A*B2            | 15     | 9      | -      | -      | 24     | 0    | 1    | -    | -    | -     | 0    | 0    | 
|butterfly_1__GC0  | PCIN-A*B2       | 15     | 9      | -      | -      | 24     | 0    | 1    | -    | -    | -     | 0    | 0    | 
|butterfly_1__GC0  | A*B2            | 15     | 9      | -      | -      | 24     | 0    | 1    | -    | -    | -     | 0    | 0    | 
|butterfly_1__GC0  | PCIN+A*B2       | 15     | 9      | -      | -      | 24     | 0    | 1    | -    | -    | -     | 0    | 0    | 
|butterfly_1__GC0  | A*B2            | 15     | 9      | -      | -      | 24     | 0    | 1    | -    | -    | -     | 0    | 0    | 
|butterfly_1__GC0  | PCIN-A*B2       | 15     | 9      | -      | -      | 24     | 0    | 1    | -    | -    | -     | 0    | 0    | 
|butterfly_1__GC0  | A*B2            | 15     | 9      | -      | -      | 24     | 0    | 1    | -    | -    | -     | 0    | 0    | 
|butterfly_1__GC0  | PCIN+A*B2       | 15     | 9      | -      | -      | 24     | 0    | 1    | -    | -    | -     | 0    | 0    | 
|butterfly_1__GC0  | A*B2            | 15     | 9      | -      | -      | 24     | 0    | 1    | -    | -    | -     | 0    | 0    | 
|butterfly_1__GC0  | PCIN-A*B2       | 15     | 9      | -      | -      | 24     | 0    | 1    | -    | -    | -     | 0    | 0    | 
|butterfly_1__GC0  | A*B2            | 15     | 9      | -      | -      | 24     | 0    | 1    | -    | -    | -     | 0    | 0    | 
|butterfly_1__GC0  | PCIN+A*B2       | 15     | 9      | -      | -      | 24     | 0    | 1    | -    | -    | -     | 0    | 0    | 
|butterfly_1__GC0  | A*B2            | 15     | 9      | -      | -      | 24     | 0    | 1    | -    | -    | -     | 0    | 0    | 
|butterfly_1__GC0  | PCIN-A*B2       | 15     | 9      | -      | -      | 24     | 0    | 1    | -    | -    | -     | 0    | 0    | 
|butterfly_1__GC0  | A*B2            | 15     | 9      | -      | -      | 24     | 0    | 1    | -    | -    | -     | 0    | 0    | 
|butterfly_1__GC0  | PCIN+A*B2       | 15     | 9      | -      | -      | 24     | 0    | 1    | -    | -    | -     | 0    | 0    | 
|butterfly_1__GC0  | A*B2            | 15     | 9      | -      | -      | 24     | 0    | 1    | -    | -    | -     | 0    | 0    | 
|butterfly_1__GC0  | PCIN-A*B2       | 15     | 9      | -      | -      | 24     | 0    | 1    | -    | -    | -     | 0    | 0    | 
|butterfly_1__GC0  | A*B2            | 15     | 9      | -      | -      | 24     | 0    | 1    | -    | -    | -     | 0    | 0    | 
|butterfly_1__GC0  | PCIN+A*B2       | 15     | 9      | -      | -      | 24     | 0    | 1    | -    | -    | -     | 0    | 0    | 
|butterfly_1__GC0  | A*B2            | 15     | 9      | -      | -      | 24     | 0    | 1    | -    | -    | -     | 0    | 0    | 
|butterfly_1__GC0  | PCIN-A*B2       | 15     | 9      | -      | -      | 24     | 0    | 1    | -    | -    | -     | 0    | 0    | 
|butterfly_1__GC0  | A*B2            | 15     | 9      | -      | -      | 24     | 0    | 1    | -    | -    | -     | 0    | 0    | 
|butterfly_1__GC0  | PCIN+A*B2       | 15     | 9      | -      | -      | 24     | 0    | 1    | -    | -    | -     | 0    | 0    | 
|butterfly_1__GC0  | A*B2            | 15     | 9      | -      | -      | 24     | 0    | 1    | -    | -    | -     | 0    | 0    | 
|butterfly_1__GC0  | PCIN-A*B2       | 15     | 9      | -      | -      | 24     | 0    | 1    | -    | -    | -     | 0    | 0    | 
|butterfly_1__GC0  | A*B2            | 15     | 9      | -      | -      | 24     | 0    | 1    | -    | -    | -     | 0    | 0    | 
|butterfly_1__GC0  | PCIN+A*B2       | 15     | 9      | -      | -      | 24     | 0    | 1    | -    | -    | -     | 0    | 0    | 
|butterfly_1__GC0  | A*B2            | 15     | 9      | -      | -      | 24     | 0    | 1    | -    | -    | -     | 0    | 0    | 
|butterfly_1__GC0  | PCIN-A*B2       | 15     | 9      | -      | -      | 24     | 0    | 1    | -    | -    | -     | 0    | 0    | 
|butterfly_1__GC0  | A*B2            | 15     | 9      | -      | -      | 24     | 0    | 1    | -    | -    | -     | 0    | 0    | 
|butterfly_1__GC0  | PCIN+A*B2       | 15     | 9      | -      | -      | 24     | 0    | 1    | -    | -    | -     | 0    | 0    | 
|butterfly_1__GC0  | A*B2            | 15     | 9      | -      | -      | 24     | 0    | 1    | -    | -    | -     | 0    | 0    | 
|butterfly_1__GC0  | PCIN-A*B2       | 15     | 9      | -      | -      | 24     | 0    | 1    | -    | -    | -     | 0    | 0    | 
|butterfly_1__GC0  | A*B2            | 15     | 9      | -      | -      | 24     | 0    | 1    | -    | -    | -     | 0    | 0    | 
|butterfly_1__GC0  | PCIN+A*B2       | 15     | 9      | -      | -      | 24     | 0    | 1    | -    | -    | -     | 0    | 0    | 
|butterfly_1__GC0  | A*B2            | 15     | 9      | -      | -      | 24     | 0    | 1    | -    | -    | -     | 0    | 0    | 
|butterfly_1__GC0  | PCIN-A*B2       | 15     | 9      | -      | -      | 24     | 0    | 1    | -    | -    | -     | 0    | 0    | 
|butterfly_1__GC0  | A*B2            | 15     | 9      | -      | -      | 24     | 0    | 1    | -    | -    | -     | 0    | 0    | 
|butterfly_1__GC0  | PCIN+A*B2       | 15     | 9      | -      | -      | 24     | 0    | 1    | -    | -    | -     | 0    | 0    | 
|butterfly_1__GC0  | A*B2            | 15     | 9      | -      | -      | 24     | 0    | 1    | -    | -    | -     | 0    | 0    | 
|butterfly_1__GC0  | PCIN-A*B2       | 15     | 9      | -      | -      | 24     | 0    | 1    | -    | -    | -     | 0    | 0    | 
|butterfly_1__GC0  | A*B2            | 15     | 9      | -      | -      | 24     | 0    | 1    | -    | -    | -     | 0    | 0    | 
|butterfly_1__GC0  | PCIN+A*B2       | 15     | 9      | -      | -      | 24     | 0    | 1    | -    | -    | -     | 0    | 0    | 
|butterfly_1__GC0  | A*B2            | 15     | 9      | -      | -      | 24     | 0    | 1    | -    | -    | -     | 0    | 0    | 
|butterfly_1__GC0  | PCIN-A*B2       | 15     | 9      | -      | -      | 24     | 0    | 1    | -    | -    | -     | 0    | 0    | 
|butterfly_1__GC0  | A*B2            | 15     | 9      | -      | -      | 24     | 0    | 1    | -    | -    | -     | 0    | 0    | 
|butterfly_1__GC0  | PCIN+A*B2       | 15     | 9      | -      | -      | 24     | 0    | 1    | -    | -    | -     | 0    | 0    | 
|butterfly_1__GC0  | A*B2            | 15     | 9      | -      | -      | 24     | 0    | 1    | -    | -    | -     | 0    | 0    | 
|butterfly_1__GC0  | PCIN-A*B2       | 15     | 9      | -      | -      | 24     | 0    | 1    | -    | -    | -     | 0    | 0    | 
|butterfly_1__GC0  | A*B2            | 15     | 9      | -      | -      | 24     | 0    | 1    | -    | -    | -     | 0    | 0    | 
|butterfly_1__GC0  | PCIN+A*B2       | 15     | 9      | -      | -      | 24     | 0    | 1    | -    | -    | -     | 0    | 0    | 
|butterfly_1__GC0  | A*B2            | 15     | 9      | -      | -      | 24     | 0    | 1    | -    | -    | -     | 0    | 0    | 
|butterfly_1__GC0  | PCIN-A*B2       | 15     | 9      | -      | -      | 24     | 0    | 1    | -    | -    | -     | 0    | 0    | 
|butterfly_1__GC0  | A*B2            | 15     | 9      | -      | -      | 24     | 0    | 1    | -    | -    | -     | 0    | 0    | 
|butterfly_1__GC0  | PCIN+A*B2       | 15     | 9      | -      | -      | 24     | 0    | 1    | -    | -    | -     | 0    | 0    | 
|butterfly_1__GC0  | A*B2            | 15     | 9      | -      | -      | 24     | 0    | 1    | -    | -    | -     | 0    | 0    | 
|butterfly_1__GC0  | PCIN-A*B2       | 15     | 9      | -      | -      | 24     | 0    | 1    | -    | -    | -     | 0    | 0    | 
|butterfly_1__GC0  | A*B2            | 15     | 9      | -      | -      | 24     | 0    | 1    | -    | -    | -     | 0    | 0    | 
|butterfly_1__GC0  | PCIN+A*B2       | 15     | 9      | -      | -      | 24     | 0    | 1    | -    | -    | -     | 0    | 0    | 
|butterfly_1__GC0  | A*B2            | 15     | 9      | -      | -      | 24     | 0    | 1    | -    | -    | -     | 0    | 0    | 
|butterfly_1__GC0  | PCIN-A*B2       | 15     | 9      | -      | -      | 24     | 0    | 1    | -    | -    | -     | 0    | 0    | 
|butterfly_1__GC0  | A*B2            | 15     | 9      | -      | -      | 24     | 0    | 1    | -    | -    | -     | 0    | 0    | 
|butterfly_1__GC0  | PCIN+A*B2       | 15     | 9      | -      | -      | 24     | 0    | 1    | -    | -    | -     | 0    | 0    | 
+------------------+-----------------+--------+--------+--------+--------+--------+------+------+------+------+-------+------+------+

Note: The table above is a preliminary report that shows the DSPs inferred at the current stage of the synthesis flow. Some DSP may be reimplemented as non DSP primitives later in the synthesis flow. Multiple instantiated DSPs are reported only once.
---------------------------------------------------------------------------------
Finished ROM, RAM, DSP, Shift Register and Retiming Reporting
---------------------------------------------------------------------------------
---------------------------------------------------------------------------------
Start Applying XDC Timing Constraints
---------------------------------------------------------------------------------
---------------------------------------------------------------------------------
Finished Applying XDC Timing Constraints : Time (s): cpu = 00:02:43 ; elapsed = 00:02:49 . Memory (MB): peak = 2756.246 ; gain = 1171.582
---------------------------------------------------------------------------------
---------------------------------------------------------------------------------
Start Timing Optimization
---------------------------------------------------------------------------------
---------------------------------------------------------------------------------
Finished Timing Optimization : Time (s): cpu = 00:02:57 ; elapsed = 00:03:04 . Memory (MB): peak = 2892.879 ; gain = 1308.215
---------------------------------------------------------------------------------
---------------------------------------------------------------------------------
Start Technology Mapping
---------------------------------------------------------------------------------
INFO: [Synth 8-5844] Detected registers with asynchronous reset at DSP/BRAM block boundary. Consider using synchronous reset for optimal packing [C:/Users/kccistc/Desktop/fft_pga/fft_vi/src/mutl_tw.sv:34]
INFO: [Synth 8-5844] Detected registers with asynchronous reset at DSP/BRAM block boundary. Consider using synchronous reset for optimal packing [C:/Users/kccistc/Desktop/fft_pga/fft_vi/src/mutl_tw.sv:35]
INFO: [Synth 8-5844] Detected registers with asynchronous reset at DSP/BRAM block boundary. Consider using synchronous reset for optimal packing [C:/Users/kccistc/Desktop/fft_pga/fft_vi/src/mutl_tw.sv:34]
INFO: [Synth 8-5844] Detected registers with asynchronous reset at DSP/BRAM block boundary. Consider using synchronous reset for optimal packing [C:/Users/kccistc/Desktop/fft_pga/fft_vi/src/mutl_tw.sv:35]
INFO: [Synth 8-5844] Detected registers with asynchronous reset at DSP/BRAM block boundary. Consider using synchronous reset for optimal packing [C:/Users/kccistc/Desktop/fft_pga/fft_vi/src/mutl_tw.sv:34]
INFO: [Synth 8-5844] Detected registers with asynchronous reset at DSP/BRAM block boundary. Consider using synchronous reset for optimal packing [C:/Users/kccistc/Desktop/fft_pga/fft_vi/src/mutl_tw.sv:35]
INFO: [Synth 8-5844] Detected registers with asynchronous reset at DSP/BRAM block boundary. Consider using synchronous reset for optimal packing [C:/Users/kccistc/Desktop/fft_pga/fft_vi/src/mutl_tw.sv:34]
INFO: [Synth 8-5844] Detected registers with asynchronous reset at DSP/BRAM block boundary. Consider using synchronous reset for optimal packing [C:/Users/kccistc/Desktop/fft_pga/fft_vi/src/mutl_tw.sv:35]
INFO: [Synth 8-5844] Detected registers with asynchronous reset at DSP/BRAM block boundary. Consider using synchronous reset for optimal packing [C:/Users/kccistc/Desktop/fft_pga/fft_vi/src/mutl_tw.sv:34]
INFO: [Synth 8-5844] Detected registers with asynchronous reset at DSP/BRAM block boundary. Consider using synchronous reset for optimal packing [C:/Users/kccistc/Desktop/fft_pga/fft_vi/src/mutl_tw.sv:35]
INFO: [Synth 8-5844] Detected registers with asynchronous reset at DSP/BRAM block boundary. Consider using synchronous reset for optimal packing [C:/Users/kccistc/Desktop/fft_pga/fft_vi/src/mutl_tw.sv:34]
INFO: [Synth 8-5844] Detected registers with asynchronous reset at DSP/BRAM block boundary. Consider using synchronous reset for optimal packing [C:/Users/kccistc/Desktop/fft_pga/fft_vi/src/mutl_tw.sv:35]
INFO: [Synth 8-5844] Detected registers with asynchronous reset at DSP/BRAM block boundary. Consider using synchronous reset for optimal packing [C:/Users/kccistc/Desktop/fft_pga/fft_vi/src/mutl_tw.sv:34]
INFO: [Synth 8-5844] Detected registers with asynchronous reset at DSP/BRAM block boundary. Consider using synchronous reset for optimal packing [C:/Users/kccistc/Desktop/fft_pga/fft_vi/src/mutl_tw.sv:35]
INFO: [Synth 8-5844] Detected registers with asynchronous reset at DSP/BRAM block boundary. Consider using synchronous reset for optimal packing [C:/Users/kccistc/Desktop/fft_pga/fft_vi/src/mutl_tw.sv:34]
INFO: [Synth 8-5844] Detected registers with asynchronous reset at DSP/BRAM block boundary. Consider using synchronous reset for optimal packing [C:/Users/kccistc/Desktop/fft_pga/fft_vi/src/mutl_tw.sv:35]
INFO: [Synth 8-5844] Detected registers with asynchronous reset at DSP/BRAM block boundary. Consider using synchronous reset for optimal packing [C:/Users/kccistc/Desktop/fft_pga/fft_vi/src/mutl_tw.sv:34]
INFO: [Synth 8-5844] Detected registers with asynchronous reset at DSP/BRAM block boundary. Consider using synchronous reset for optimal packing [C:/Users/kccistc/Desktop/fft_pga/fft_vi/src/mutl_tw.sv:35]
INFO: [Synth 8-5844] Detected registers with asynchronous reset at DSP/BRAM block boundary. Consider using synchronous reset for optimal packing [C:/Users/kccistc/Desktop/fft_pga/fft_vi/src/mutl_tw.sv:34]
INFO: [Synth 8-5844] Detected registers with asynchronous reset at DSP/BRAM block boundary. Consider using synchronous reset for optimal packing [C:/Users/kccistc/Desktop/fft_pga/fft_vi/src/mutl_tw.sv:35]
INFO: [Synth 8-5844] Detected registers with asynchronous reset at DSP/BRAM block boundary. Consider using synchronous reset for optimal packing [C:/Users/kccistc/Desktop/fft_pga/fft_vi/src/mutl_tw.sv:34]
INFO: [Synth 8-5844] Detected registers with asynchronous reset at DSP/BRAM block boundary. Consider using synchronous reset for optimal packing [C:/Users/kccistc/Desktop/fft_pga/fft_vi/src/mutl_tw.sv:35]
INFO: [Synth 8-5844] Detected registers with asynchronous reset at DSP/BRAM block boundary. Consider using synchronous reset for optimal packing [C:/Users/kccistc/Desktop/fft_pga/fft_vi/src/mutl_tw.sv:34]
INFO: [Synth 8-5844] Detected registers with asynchronous reset at DSP/BRAM block boundary. Consider using synchronous reset for optimal packing [C:/Users/kccistc/Desktop/fft_pga/fft_vi/src/mutl_tw.sv:35]
INFO: [Synth 8-5844] Detected registers with asynchronous reset at DSP/BRAM block boundary. Consider using synchronous reset for optimal packing [C:/Users/kccistc/Desktop/fft_pga/fft_vi/src/mutl_tw.sv:34]
INFO: [Synth 8-5844] Detected registers with asynchronous reset at DSP/BRAM block boundary. Consider using synchronous reset for optimal packing [C:/Users/kccistc/Desktop/fft_pga/fft_vi/src/mutl_tw.sv:35]
INFO: [Synth 8-5844] Detected registers with asynchronous reset at DSP/BRAM block boundary. Consider using synchronous reset for optimal packing [C:/Users/kccistc/Desktop/fft_pga/fft_vi/src/mutl_tw.sv:34]
INFO: [Synth 8-5844] Detected registers with asynchronous reset at DSP/BRAM block boundary. Consider using synchronous reset for optimal packing [C:/Users/kccistc/Desktop/fft_pga/fft_vi/src/mutl_tw.sv:35]
INFO: [Synth 8-5844] Detected registers with asynchronous reset at DSP/BRAM block boundary. Consider using synchronous reset for optimal packing [C:/Users/kccistc/Desktop/fft_pga/fft_vi/src/mutl_tw.sv:34]
INFO: [Synth 8-5844] Detected registers with asynchronous reset at DSP/BRAM block boundary. Consider using synchronous reset for optimal packing [C:/Users/kccistc/Desktop/fft_pga/fft_vi/src/mutl_tw.sv:35]
INFO: [Synth 8-5844] Detected registers with asynchronous reset at DSP/BRAM block boundary. Consider using synchronous reset for optimal packing [C:/Users/kccistc/Desktop/fft_pga/fft_vi/src/mutl_tw.sv:34]
INFO: [Synth 8-5844] Detected registers with asynchronous reset at DSP/BRAM block boundary. Consider using synchronous reset for optimal packing [C:/Users/kccistc/Desktop/fft_pga/fft_vi/src/mutl_tw.sv:35]
INFO: [Synth 8-5844] Detected registers with asynchronous reset at DSP/BRAM block boundary. Consider using synchronous reset for optimal packing [C:/Users/kccistc/Desktop/fft_pga/fft_vi/src/mux_twiddle_input.sv:94]
INFO: [Synth 8-5844] Detected registers with asynchronous reset at DSP/BRAM block boundary. Consider using synchronous reset for optimal packing [C:/Users/kccistc/Desktop/fft_pga/fft_vi/src/mux_twiddle_input.sv:95]
INFO: [Synth 8-5844] Detected registers with asynchronous reset at DSP/BRAM block boundary. Consider using synchronous reset for optimal packing [C:/Users/kccistc/Desktop/fft_pga/fft_vi/src/mux_twiddle_input.sv:94]
INFO: [Synth 8-5844] Detected registers with asynchronous reset at DSP/BRAM block boundary. Consider using synchronous reset for optimal packing [C:/Users/kccistc/Desktop/fft_pga/fft_vi/src/mux_twiddle_input.sv:95]
INFO: [Synth 8-5844] Detected registers with asynchronous reset at DSP/BRAM block boundary. Consider using synchronous reset for optimal packing [C:/Users/kccistc/Desktop/fft_pga/fft_vi/src/mux_twiddle_input.sv:94]
INFO: [Synth 8-5844] Detected registers with asynchronous reset at DSP/BRAM block boundary. Consider using synchronous reset for optimal packing [C:/Users/kccistc/Desktop/fft_pga/fft_vi/src/mux_twiddle_input.sv:95]
INFO: [Synth 8-5844] Detected registers with asynchronous reset at DSP/BRAM block boundary. Consider using synchronous reset for optimal packing [C:/Users/kccistc/Desktop/fft_pga/fft_vi/src/mux_twiddle_input.sv:94]
INFO: [Synth 8-5844] Detected registers with asynchronous reset at DSP/BRAM block boundary. Consider using synchronous reset for optimal packing [C:/Users/kccistc/Desktop/fft_pga/fft_vi/src/mux_twiddle_input.sv:95]
INFO: [Synth 8-5844] Detected registers with asynchronous reset at DSP/BRAM block boundary. Consider using synchronous reset for optimal packing [C:/Users/kccistc/Desktop/fft_pga/fft_vi/src/mux_twiddle_input.sv:94]
INFO: [Synth 8-5844] Detected registers with asynchronous reset at DSP/BRAM block boundary. Consider using synchronous reset for optimal packing [C:/Users/kccistc/Desktop/fft_pga/fft_vi/src/mux_twiddle_input.sv:95]
INFO: [Synth 8-5844] Detected registers with asynchronous reset at DSP/BRAM block boundary. Consider using synchronous reset for optimal packing [C:/Users/kccistc/Desktop/fft_pga/fft_vi/src/mux_twiddle_input.sv:94]
INFO: [Synth 8-5844] Detected registers with asynchronous reset at DSP/BRAM block boundary. Consider using synchronous reset for optimal packing [C:/Users/kccistc/Desktop/fft_pga/fft_vi/src/mux_twiddle_input.sv:95]
INFO: [Synth 8-5844] Detected registers with asynchronous reset at DSP/BRAM block boundary. Consider using synchronous reset for optimal packing [C:/Users/kccistc/Desktop/fft_pga/fft_vi/src/mux_twiddle_input.sv:94]
INFO: [Synth 8-5844] Detected registers with asynchronous reset at DSP/BRAM block boundary. Consider using synchronous reset for optimal packing [C:/Users/kccistc/Desktop/fft_pga/fft_vi/src/mux_twiddle_input.sv:95]
INFO: [Synth 8-5844] Detected registers with asynchronous reset at DSP/BRAM block boundary. Consider using synchronous reset for optimal packing [C:/Users/kccistc/Desktop/fft_pga/fft_vi/src/mux_twiddle_input.sv:94]
INFO: [Synth 8-5844] Detected registers with asynchronous reset at DSP/BRAM block boundary. Consider using synchronous reset for optimal packing [C:/Users/kccistc/Desktop/fft_pga/fft_vi/src/mux_twiddle_input.sv:95]
INFO: [Synth 8-5844] Detected registers with asynchronous reset at DSP/BRAM block boundary. Consider using synchronous reset for optimal packing [C:/Users/kccistc/Desktop/fft_pga/fft_vi/src/mux_twiddle_input.sv:94]
INFO: [Synth 8-5844] Detected registers with asynchronous reset at DSP/BRAM block boundary. Consider using synchronous reset for optimal packing [C:/Users/kccistc/Desktop/fft_pga/fft_vi/src/mux_twiddle_input.sv:95]
INFO: [Synth 8-5844] Detected registers with asynchronous reset at DSP/BRAM block boundary. Consider using synchronous reset for optimal packing [C:/Users/kccistc/Desktop/fft_pga/fft_vi/src/mux_twiddle_input.sv:94]
INFO: [Synth 8-5844] Detected registers with asynchronous reset at DSP/BRAM block boundary. Consider using synchronous reset for optimal packing [C:/Users/kccistc/Desktop/fft_pga/fft_vi/src/mux_twiddle_input.sv:95]
INFO: [Synth 8-5844] Detected registers with asynchronous reset at DSP/BRAM block boundary. Consider using synchronous reset for optimal packing [C:/Users/kccistc/Desktop/fft_pga/fft_vi/src/mux_twiddle_input.sv:94]
INFO: [Synth 8-5844] Detected registers with asynchronous reset at DSP/BRAM block boundary. Consider using synchronous reset for optimal packing [C:/Users/kccistc/Desktop/fft_pga/fft_vi/src/mux_twiddle_input.sv:95]
INFO: [Synth 8-5844] Detected registers with asynchronous reset at DSP/BRAM block boundary. Consider using synchronous reset for optimal packing [C:/Users/kccistc/Desktop/fft_pga/fft_vi/src/mux_twiddle_input.sv:94]
INFO: [Synth 8-5844] Detected registers with asynchronous reset at DSP/BRAM block boundary. Consider using synchronous reset for optimal packing [C:/Users/kccistc/Desktop/fft_pga/fft_vi/src/mux_twiddle_input.sv:95]
INFO: [Synth 8-5844] Detected registers with asynchronous reset at DSP/BRAM block boundary. Consider using synchronous reset for optimal packing [C:/Users/kccistc/Desktop/fft_pga/fft_vi/src/mux_twiddle_input.sv:94]
INFO: [Synth 8-5844] Detected registers with asynchronous reset at DSP/BRAM block boundary. Consider using synchronous reset for optimal packing [C:/Users/kccistc/Desktop/fft_pga/fft_vi/src/mux_twiddle_input.sv:95]
INFO: [Synth 8-5844] Detected registers with asynchronous reset at DSP/BRAM block boundary. Consider using synchronous reset for optimal packing [C:/Users/kccistc/Desktop/fft_pga/fft_vi/src/mux_twiddle_input.sv:94]
INFO: [Synth 8-5844] Detected registers with asynchronous reset at DSP/BRAM block boundary. Consider using synchronous reset for optimal packing [C:/Users/kccistc/Desktop/fft_pga/fft_vi/src/mux_twiddle_input.sv:95]
INFO: [Synth 8-5844] Detected registers with asynchronous reset at DSP/BRAM block boundary. Consider using synchronous reset for optimal packing [C:/Users/kccistc/Desktop/fft_pga/fft_vi/src/mux_twiddle_input.sv:94]
INFO: [Synth 8-5844] Detected registers with asynchronous reset at DSP/BRAM block boundary. Consider using synchronous reset for optimal packing [C:/Users/kccistc/Desktop/fft_pga/fft_vi/src/mux_twiddle_input.sv:95]
INFO: [Synth 8-5844] Detected registers with asynchronous reset at DSP/BRAM block boundary. Consider using synchronous reset for optimal packing [C:/Users/kccistc/Desktop/fft_pga/fft_vi/src/mux_twiddle_input.sv:94]
INFO: [Synth 8-5844] Detected registers with asynchronous reset at DSP/BRAM block boundary. Consider using synchronous reset for optimal packing [C:/Users/kccistc/Desktop/fft_pga/fft_vi/src/mux_twiddle_input.sv:95]
INFO: [Synth 8-5844] Detected registers with asynchronous reset at DSP/BRAM block boundary. Consider using synchronous reset for optimal packing [C:/Users/kccistc/Desktop/fft_pga/fft_vi/src/mux_twiddle_input.sv:94]
INFO: [Synth 8-5844] Detected registers with asynchronous reset at DSP/BRAM block boundary. Consider using synchronous reset for optimal packing [C:/Users/kccistc/Desktop/fft_pga/fft_vi/src/mux_twiddle_input.sv:95]
INFO: [Synth 8-5844] Detected registers with asynchronous reset at DSP/BRAM block boundary. Consider using synchronous reset for optimal packing [C:/Users/kccistc/Desktop/fft_pga/fft_vi/src/mux_twiddle_input.sv:94]
INFO: [Synth 8-5844] Detected registers with asynchronous reset at DSP/BRAM block boundary. Consider using synchronous reset for optimal packing [C:/Users/kccistc/Desktop/fft_pga/fft_vi/src/mux_twiddle_input.sv:95]
INFO: [Synth 8-5844] Detected registers with asynchronous reset at DSP/BRAM block boundary. Consider using synchronous reset for optimal packing [C:/Users/kccistc/Desktop/fft_pga/fft_vi/src/mux_twiddle_input.sv:94]
INFO: [Synth 8-5844] Detected registers with asynchronous reset at DSP/BRAM block boundary. Consider using synchronous reset for optimal packing [C:/Users/kccistc/Desktop/fft_pga/fft_vi/src/mux_twiddle_input.sv:95]
INFO: [Synth 8-5844] Detected registers with asynchronous reset at DSP/BRAM block boundary. Consider using synchronous reset for optimal packing [C:/Users/kccistc/Desktop/fft_pga/fft_vi/src/mux_twiddle_input.sv:94]
INFO: [Synth 8-5844] Detected registers with asynchronous reset at DSP/BRAM block boundary. Consider using synchronous reset for optimal packing [C:/Users/kccistc/Desktop/fft_pga/fft_vi/src/mux_twiddle_input.sv:95]
INFO: [Synth 8-5844] Detected registers with asynchronous reset at DSP/BRAM block boundary. Consider using synchronous reset for optimal packing [C:/Users/kccistc/Desktop/fft_pga/fft_vi/src/mux_twiddle_input.sv:94]
INFO: [Synth 8-5844] Detected registers with asynchronous reset at DSP/BRAM block boundary. Consider using synchronous reset for optimal packing [C:/Users/kccistc/Desktop/fft_pga/fft_vi/src/mux_twiddle_input.sv:95]
INFO: [Synth 8-5844] Detected registers with asynchronous reset at DSP/BRAM block boundary. Consider using synchronous reset for optimal packing [C:/Users/kccistc/Desktop/fft_pga/fft_vi/src/mux_twiddle_input.sv:94]
INFO: [Synth 8-5844] Detected registers with asynchronous reset at DSP/BRAM block boundary. Consider using synchronous reset for optimal packing [C:/Users/kccistc/Desktop/fft_pga/fft_vi/src/mux_twiddle_input.sv:95]
INFO: [Synth 8-5844] Detected registers with asynchronous reset at DSP/BRAM block boundary. Consider using synchronous reset for optimal packing [C:/Users/kccistc/Desktop/fft_pga/fft_vi/src/mux_twiddle_input.sv:94]
INFO: [Synth 8-5844] Detected registers with asynchronous reset at DSP/BRAM block boundary. Consider using synchronous reset for optimal packing [C:/Users/kccistc/Desktop/fft_pga/fft_vi/src/mux_twiddle_input.sv:95]
INFO: [Synth 8-5844] Detected registers with asynchronous reset at DSP/BRAM block boundary. Consider using synchronous reset for optimal packing [C:/Users/kccistc/Desktop/fft_pga/fft_vi/src/mux_twiddle_input.sv:94]
INFO: [Synth 8-5844] Detected registers with asynchronous reset at DSP/BRAM block boundary. Consider using synchronous reset for optimal packing [C:/Users/kccistc/Desktop/fft_pga/fft_vi/src/mux_twiddle_input.sv:95]
INFO: [Synth 8-5844] Detected registers with asynchronous reset at DSP/BRAM block boundary. Consider using synchronous reset for optimal packing [C:/Users/kccistc/Desktop/fft_pga/fft_vi/src/mux_twiddle_input.sv:94]
INFO: [Synth 8-5844] Detected registers with asynchronous reset at DSP/BRAM block boundary. Consider using synchronous reset for optimal packing [C:/Users/kccistc/Desktop/fft_pga/fft_vi/src/mux_twiddle_input.sv:95]
INFO: [Synth 8-5844] Detected registers with asynchronous reset at DSP/BRAM block boundary. Consider using synchronous reset for optimal packing [C:/Users/kccistc/Desktop/fft_pga/fft_vi/src/mux_twiddle_input.sv:94]
INFO: [Synth 8-5844] Detected registers with asynchronous reset at DSP/BRAM block boundary. Consider using synchronous reset for optimal packing [C:/Users/kccistc/Desktop/fft_pga/fft_vi/src/mux_twiddle_input.sv:95]
INFO: [Synth 8-5844] Detected registers with asynchronous reset at DSP/BRAM block boundary. Consider using synchronous reset for optimal packing [C:/Users/kccistc/Desktop/fft_pga/fft_vi/src/mux_twiddle_input.sv:94]
INFO: [Synth 8-5844] Detected registers with asynchronous reset at DSP/BRAM block boundary. Consider using synchronous reset for optimal packing [C:/Users/kccistc/Desktop/fft_pga/fft_vi/src/mux_twiddle_input.sv:95]
INFO: [Synth 8-5844] Detected registers with asynchronous reset at DSP/BRAM block boundary. Consider using synchronous reset for optimal packing [C:/Users/kccistc/Desktop/fft_pga/fft_vi/src/mux_twiddle_input.sv:94]
INFO: [Synth 8-5844] Detected registers with asynchronous reset at DSP/BRAM block boundary. Consider using synchronous reset for optimal packing [C:/Users/kccistc/Desktop/fft_pga/fft_vi/src/mux_twiddle_input.sv:95]
INFO: [Synth 8-5844] Detected registers with asynchronous reset at DSP/BRAM block boundary. Consider using synchronous reset for optimal packing [C:/Users/kccistc/Desktop/fft_pga/fft_vi/src/mux_twiddle_input.sv:94]
INFO: [Synth 8-5844] Detected registers with asynchronous reset at DSP/BRAM block boundary. Consider using synchronous reset for optimal packing [C:/Users/kccistc/Desktop/fft_pga/fft_vi/src/mux_twiddle_input.sv:95]
INFO: [Synth 8-5844] Detected registers with asynchronous reset at DSP/BRAM block boundary. Consider using synchronous reset for optimal packing [C:/Users/kccistc/Desktop/fft_pga/fft_vi/src/mux_twiddle_input.sv:94]
INFO: [Synth 8-5844] Detected registers with asynchronous reset at DSP/BRAM block boundary. Consider using synchronous reset for optimal packing [C:/Users/kccistc/Desktop/fft_pga/fft_vi/src/mux_twiddle_input.sv:95]
INFO: [Synth 8-5844] Detected registers with asynchronous reset at DSP/BRAM block boundary. Consider using synchronous reset for optimal packing [C:/Users/kccistc/Desktop/fft_pga/fft_vi/src/mux_twiddle_input.sv:94]
INFO: [Synth 8-5844] Detected registers with asynchronous reset at DSP/BRAM block boundary. Consider using synchronous reset for optimal packing [C:/Users/kccistc/Desktop/fft_pga/fft_vi/src/mux_twiddle_input.sv:95]
INFO: [Synth 8-5844] Detected registers with asynchronous reset at DSP/BRAM block boundary. Consider using synchronous reset for optimal packing [C:/Users/kccistc/Desktop/fft_pga/fft_vi/src/mux_twiddle_input.sv:94]
INFO: [Synth 8-5844] Detected registers with asynchronous reset at DSP/BRAM block boundary. Consider using synchronous reset for optimal packing [C:/Users/kccistc/Desktop/fft_pga/fft_vi/src/mux_twiddle_input.sv:95]
INFO: [Synth 8-5844] Detected registers with asynchronous reset at DSP/BRAM block boundary. Consider using synchronous reset for optimal packing [C:/Users/kccistc/Desktop/fft_pga/fft_vi/src/mutl_tw.sv:34]
INFO: [Synth 8-5844] Detected registers with asynchronous reset at DSP/BRAM block boundary. Consider using synchronous reset for optimal packing [C:/Users/kccistc/Desktop/fft_pga/fft_vi/src/mutl_tw.sv:35]
INFO: [Synth 8-5844] Detected registers with asynchronous reset at DSP/BRAM block boundary. Consider using synchronous reset for optimal packing [C:/Users/kccistc/Desktop/fft_pga/fft_vi/src/mutl_tw.sv:34]
INFO: [Synth 8-5844] Detected registers with asynchronous reset at DSP/BRAM block boundary. Consider using synchronous reset for optimal packing [C:/Users/kccistc/Desktop/fft_pga/fft_vi/src/mutl_tw.sv:35]
INFO: [Common 17-14] Message 'Synth 8-5844' appears 100 times and further instances of the messages will be disabled. Use the Tcl command set_msg_config to change the current settings.
INFO: [Common 17-14] Message 'Synth 8-5844' appears 100 times and further instances of the messages will be disabled. Use the Tcl command set_msg_config to change the current settings.
---------------------------------------------------------------------------------
Finished Technology Mapping : Time (s): cpu = 00:03:12 ; elapsed = 00:03:39 . Memory (MB): peak = 2912.242 ; gain = 1327.578
---------------------------------------------------------------------------------
---------------------------------------------------------------------------------
Start IO Insertion
---------------------------------------------------------------------------------
---------------------------------------------------------------------------------
Start Flattening Before IO Insertion
---------------------------------------------------------------------------------
---------------------------------------------------------------------------------
Finished Flattening Before IO Insertion
---------------------------------------------------------------------------------
---------------------------------------------------------------------------------
Start Final Netlist Cleanup
---------------------------------------------------------------------------------
---------------------------------------------------------------------------------
Finished Final Netlist Cleanup
---------------------------------------------------------------------------------
---------------------------------------------------------------------------------
Finished IO Insertion : Time (s): cpu = 00:03:21 ; elapsed = 00:03:49 . Memory (MB): peak = 2931.637 ; gain = 1346.973
---------------------------------------------------------------------------------
---------------------------------------------------------------------------------
Start Renaming Generated Instances
---------------------------------------------------------------------------------
---------------------------------------------------------------------------------
Finished Renaming Generated Instances : Time (s): cpu = 00:03:21 ; elapsed = 00:03:49 . Memory (MB): peak = 2931.637 ; gain = 1346.973
---------------------------------------------------------------------------------
---------------------------------------------------------------------------------
Start Rebuilding User Hierarchy
---------------------------------------------------------------------------------
---------------------------------------------------------------------------------
Finished Rebuilding User Hierarchy : Time (s): cpu = 00:03:36 ; elapsed = 00:04:04 . Memory (MB): peak = 2939.172 ; gain = 1354.508
---------------------------------------------------------------------------------
---------------------------------------------------------------------------------
Start Renaming Generated Ports
---------------------------------------------------------------------------------
---------------------------------------------------------------------------------
Finished Renaming Generated Ports : Time (s): cpu = 00:03:37 ; elapsed = 00:04:04 . Memory (MB): peak = 2939.172 ; gain = 1354.508
---------------------------------------------------------------------------------
---------------------------------------------------------------------------------
Start Handling Custom Attributes
---------------------------------------------------------------------------------
---------------------------------------------------------------------------------
Finished Handling Custom Attributes : Time (s): cpu = 00:03:39 ; elapsed = 00:04:07 . Memory (MB): peak = 2939.172 ; gain = 1354.508
---------------------------------------------------------------------------------
---------------------------------------------------------------------------------
Start Renaming Generated Nets
---------------------------------------------------------------------------------
---------------------------------------------------------------------------------
Finished Renaming Generated Nets : Time (s): cpu = 00:03:39 ; elapsed = 00:04:07 . Memory (MB): peak = 2939.172 ; gain = 1354.508
---------------------------------------------------------------------------------
---------------------------------------------------------------------------------
Start ROM, RAM, DSP, Shift Register and Retiming Reporting
---------------------------------------------------------------------------------

Static Shift Register Report:
+------------+-------------------------------------------------------+--------+-------+--------------+--------------------+-------------------+--------+---------+
|Module Name | RTL Name                                              | Length | Width | Reset Signal | Pull out first Reg | Pull out last Reg | SRL16E | SRLC32E | 
+------------+-------------------------------------------------------+--------+-------+--------------+--------------------+-------------------+--------+---------+
|fft_top     | U_BF_0/U_BF_0_1/U_SHIFT_REG_RE_0_1/s_dout_reg[0][9]   | 8      | 160   | YES          | NO                 | YES               | 160    | 0       | 
|fft_top     | U_BF_0/U_BF_0_1/U_SHIFT_REG_IM_0_1/s_dout_reg[0][9]   | 8      | 160   | YES          | NO                 | YES               | 160    | 0       | 
|fft_top     | U_BF_0/U_BF_0_1/U_SHIFT_SAVE_RE_0_1/s_dout_reg[0][10] | 9      | 176   | YES          | NO                 | YES               | 176    | 0       | 
|fft_top     | U_BF_0/U_BF_0_1/U_SHIFT_SAVE_IM_0_1/s_dout_reg[0][10] | 9      | 176   | YES          | NO                 | YES               | 176    | 0       | 
|fft_top     | U_BF_0/U_CBFP_0/U_SHIFT_CBFP_RE/s_dout_reg[0][22]     | 6      | 352   | YES          | NO                 | YES               | 352    | 0       | 
|fft_top     | U_BF_0/U_CBFP_0/U_SHIFT_CBFP_IM/s_dout_reg[0][22]     | 6      | 352   | YES          | NO                 | YES               | 352    | 0       | 
|fft_top     | U_BF_0/U_BF_0_0/U_SHIFT_REG_RE_0_0/s_dout_reg[0][8]   | 16     | 129   | YES          | NO                 | YES               | 129    | 0       | 
|fft_top     | U_BF_0/U_BF_0_0/U_SHIFT_SAVE_RE_0_0/s_dout_reg[0][9]  | 16     | 160   | YES          | NO                 | YES               | 160    | 0       | 
|fft_top     | U_BF_0/U_BF_0_0/U_SHIFT_SAVE_IM_0_0/s_dout_reg[0][9]  | 16     | 160   | YES          | NO                 | YES               | 160    | 0       | 
|fft_top     | U_BF_0/U_BF_0_2/U_SHIFT_REG_RE_0_2/s_dout_reg[0][12]  | 4      | 208   | YES          | NO                 | YES               | 208    | 0       | 
|fft_top     | U_BF_0/U_BF_0_2/U_SHIFT_REG_IM_0_2/s_dout_reg[0][12]  | 4      | 208   | YES          | NO                 | YES               | 208    | 0       | 
|fft_top     | U_BF_0/U_BF_0_2/u_mux/U_SHIFT_RE/s_dout_reg[0][12]    | 5      | 208   | YES          | NO                 | YES               | 208    | 0       | 
|fft_top     | U_BF_0/U_BF_0_2/u_mux/U_SHIFT_IM/s_dout_reg[0][12]    | 5      | 208   | YES          | NO                 | YES               | 208    | 0       | 
+------------+-------------------------------------------------------+--------+-------+--------------+--------------------+-------------------+--------+---------+

---------------------------------------------------------------------------------
Finished ROM, RAM, DSP, Shift Register and Retiming Reporting
---------------------------------------------------------------------------------
---------------------------------------------------------------------------------
Start Writing Synthesis Report
---------------------------------------------------------------------------------

Report BlackBoxes: 
+------+--------------+----------+
|      |BlackBox name |Instances |
+------+--------------+----------+
|1     |clk_wiz_0     |         1|
|2     |vio_0         |         1|
+------+--------------+----------+

Report Cell Usage: 
+------+----------------+------+
|      |Cell            |Count |
+------+----------------+------+
|1     |clk_wiz         |     1|
|2     |vio             |     1|
|3     |CARRY8          |  1120|
|4     |DSP_ALU         |   212|
|6     |DSP_A_B_DATA    |   212|
|8     |DSP_C_DATA      |   212|
|10    |DSP_MULTIPLIER  |   212|
|11    |DSP_M_DATA      |   212|
|12    |DSP_OUTPUT      |   212|
|14    |DSP_PREADD      |   212|
|15    |DSP_PREADD_DATA |   212|
|16    |LUT1            |   724|
|17    |LUT2            |  7674|
|18    |LUT3            |  4724|
|19    |LUT4            |  2250|
|20    |LUT5            |  4204|
|21    |LUT6            | 11044|
|22    |MUXF7           |  2435|
|23    |SRL16E          |  2657|
|24    |FDCE            | 26801|
|25    |FDPE            |    41|
|26    |FDRE            |  7977|
|27    |LDC             |   416|
|28    |IBUF            |     1|
+------+----------------+------+
---------------------------------------------------------------------------------
Finished Writing Synthesis Report : Time (s): cpu = 00:03:40 ; elapsed = 00:04:07 . Memory (MB): peak = 2939.172 ; gain = 1354.508
---------------------------------------------------------------------------------
Synthesis finished with 0 errors, 0 critical warnings and 128 warnings.
Synthesis Optimization Runtime : Time (s): cpu = 00:02:57 ; elapsed = 00:03:49 . Memory (MB): peak = 2939.172 ; gain = 1141.789
Synthesis Optimization Complete : Time (s): cpu = 00:03:40 ; elapsed = 00:04:10 . Memory (MB): peak = 2939.172 ; gain = 1354.508
INFO: [Project 1-571] Translating synthesized netlist
Netlist sorting complete. Time (s): cpu = 00:00:02 ; elapsed = 00:00:01 . Memory (MB): peak = 2990.535 ; gain = 0.000
INFO: [Netlist 29-17] Analyzing 4184 Unisim elements for replacement
INFO: [Netlist 29-28] Unisim Transformation completed in 3 CPU seconds
INFO: [Project 1-570] Preparing netlist for logic optimization
INFO: [Opt 31-138] Pushed 0 inverter(s) to 0 load pin(s).
Netlist sorting complete. Time (s): cpu = 00:00:00 ; elapsed = 00:00:00.011 . Memory (MB): peak = 3151.125 ; gain = 0.000
INFO: [Project 1-111] Unisim Transformation Summary:
  A total of 629 instances were transformed.
  DSP48E2 => DSP48E2 (DSP_ALU, DSP_A_B_DATA, DSP_C_DATA, DSP_MULTIPLIER, DSP_M_DATA, DSP_OUTPUT, DSP_PREADD, DSP_PREADD_DATA): 212 instances
  IBUF => IBUF (IBUFCTRL, INBUF): 1 instance 
  LDC => LDCE: 416 instances

INFO: [Common 17-83] Releasing license: Synthesis
365 Infos, 235 Warnings, 0 Critical Warnings and 0 Errors encountered.
synth_design completed successfully
synth_design: Time (s): cpu = 00:04:09 ; elapsed = 00:04:43 . Memory (MB): peak = 3151.125 ; gain = 2045.230
INFO: [Common 17-1381] The checkpoint 'C:/D_drive_backup/Working/FPGA_AI_25_2/fft_fpga/fft_fpga.runs/synth_1/TOP_test_fft.dcp' has been generated.
write_checkpoint: Time (s): cpu = 00:00:12 ; elapsed = 00:00:11 . Memory (MB): peak = 3151.125 ; gain = 0.000
INFO: [runtcl-4] Executing : report_utilization -file TOP_test_fft_utilization_synth.rpt -pb TOP_test_fft_utilization_synth.pb
INFO: [Common 17-206] Exiting Vivado at Thu Aug 28 15:17:48 2025...
